document_id,image_path,annotation_path,prediction_text,ground_truth_text,cer,wer,token_precision,token_recall,token_f1,token_overlap_accuracy,prediction_char_count,ground_truth_char_count,prediction_word_count,ground_truth_word_count,primary_failure_mode,failure_patterns,status,error
82092117,C:\Users\Yug\Documents\Internship\pdf-extraction-benchmark\datasets\FUNSD\images\82092117.png,C:\Users\Yug\Documents\Internship\pdf-extraction-benchmark\datasets\FUNSD\annotations\82092117.json,"ATT.GEN.ADMIN.OFFICE Fax614-466-5087 Dec 1098 17:46 P.01 Attorney General Betty D.Montgomery CONFIDENTIAL FACSIMILE TRANSMISSION COVER SHEET FAXNO.614466-5087 TO:_George Baroody FAXNUMBER: 336335-7392 PHONENUMBER:336335-7363 DATE: 12/10/98 NUMBER OFPAGES INCLUDING COVER SHEET: 3 SENDERPHONENOMBER: June F1ynn for Eric Brown/614466-8980 SPECIAL INSTRUCTIONS: IF YOU DO NOT RECEIVE ANY OF THE PAGES PROPERLY PLEASE CONTACT SENDER AS SOON AS POSSIBLE NOTE: CONFIDENTIAL,AND EXEMPT FROM DISCLOSURE UNDER APPLICABLE LAW. If.the reader of this message is not the intended recipieint or the employee or agent responsible for delivering the message to the intended reciplent, you are hereby ootified that any dissemination,distribution, copying. or conveying of this communication in any manner is strictly prohibited. If you have received this communication in crror, please notify us immediately by telephone and reum the 8 original message to us at thc address below via thc U.S. Postal Service. Thank you for your 2 cooperation.d 6 2 State Office Tower/30 East BroadStreet/Columbus,Ohio 43215-3428 www.ag.state.oh.us An Equa/Opportunity Employer erin","TO: DATE: 3 Fax: NOTE: 82092117 614 -466 -5087 Dec 10 '98 17 :46 P. 01 ATT. GEN. ADMIN. OFFICE Attorney General Betty D. Montgomery CONFIDENTIAL FACSIMILE TRANSMISSION COVER SHEET (614) 466- 5087 FAX NO. George Baroody (336) 335- 7392 FAX NUMBER: PHONE NUMBER: (336) 335- 7363 NUMBER OF PAGES INCLUDING COVER SHEET: June Flynn for Eric Brown/ (614) 466- 8980 SENDER /PHONE NUMBER: SPECIAL INSTRUCTIONS: IF YOU DO NOT RECEIVE ANY OF THE PAGES PROPERLY, PLEASE CONTACT SENDER AS SOON AS POSSIBLE THIS MESSAGE IS INTENDED ONLY FOR THE USE OF THE INDIVIDUAL OR ENTITY TO WHOM IT IS ADDRESSED AND MAY CONTAIN INFORMATION THAT IS PRIVILEGED. CONFIDENTIAL, AND EXEMPT FROM DISCLOSURE UNDER APPLICABLE LAW. If the reader of this message is not the intended recipient of the employee or agent responsible for delivering the message to the intended recipient, you are hereby notified that any dissemination, distribution, copying, or conveying of this communication in any manner is strictly prohibited. If you have received this comunication in error, please notify us immediately by telephone and return the original message to us at the address below via the U. S. Postal Service. Thank you for your cooperation. State Office Tower / 30 East Broad Street/ Columbus, Ohio 43215 -3428 www ag state oh us An Equal Opportunity Employer Primed an 12 /10 /98",0.27063197026022306,0.5336322869955157,0.7290322580645161,0.5067264573991032,0.5978835978835979,0.42641509433962266,1147,1345,155,223,Missing text,Missing text | Numeric errors | Table-related errors,ok,
82200067_0069,C:\Users\Yug\Documents\Internship\pdf-extraction-benchmark\datasets\FUNSD\images\82200067_0069.png,C:\Users\Yug\Documents\Internship\pdf-extraction-benchmark\datasets\FUNSD\annotations\82200067_0069.json,09/17/97 10:55 5038411898 LORILLARD PTLD 001 TO: K.A.Sparraw FROM: T.D.Blachly MAY12 AUG4 JUN23 SEP15 SUBJECT: QLD GOLDMENTHOLLGHTS &ULTRA LIGHTS TOOS-PROGRESS REPORT REGION: (ONLY IF PARTIAL REGION CONTINUE WITH DIVISION(S} SCOPE) DIVISION: DIVISION: Partland RE 6 DIVISION:Seatte South #REPS7 DIVISION: Boise #REPS2.5 DIVISION:Seattle North REPS4 DIVISION: Eugene REPS:5 DIVISION:Helena #REPS4 15 + STORES) STOCKING NO OLD GOLD MENTHOL LIGHTS OR ULTRA LIGHTS 1OO'S NDIZOR. ADRROR JOLUME BA YOEME Taxaco -Scattle 105/5 225 Texaco -Portland 61/3 27 Maid-O-Clover 20/2 15 Dari-Mart 125/5 31 Zip Trip 106/4 18 Maverick 77/1 19 Astro Gas 600/7 20 32200067 8 R-1OGMUS-15 Page1 of 3 Pages,TO: FROM: x SUBJECT: DIVISION: DIVISION: DIVISION: DIVISION: REGION: DIVISION: DIVISION: DIVISION: 225 27 15 31 18 19 20 82200067 09/ 17/ 97 10: 55 603 841 1898 LORILLARD PTLD ☑ 001 K. A. Sparrow T. D. Blachly OLD GOLD MENTHOL LIGHTS & ULTRA LIGHTS 100'S PROGRESS REPORT AUG 4 SEP 15 MAY 12 JUN 23 (ONLY IF PARTIAL REGION CONTINUE WITH DIVISION (S) SCOPE) Portland # REPS: 6 Boise # REPS: 2. 5 Eugene # REPS: 5 Seattle South # REPS: 7 Seattle North # REPS: 4 Helena # REPS: 4 DIRECT ACCOUNTS AND CHAINS HEADQUARTERED WITHIN THE REGION (15 + STORES) STOCKING NO OLD GOLD MENTHOL LIGHTS OR ULTRA LIGHTS 100'S NAME OF ACCOUNT VOLUME NO. OF STORES NAME OF ACCOUNT VOLUME NO. OF STORES Texaco Seattle Texaco Portland Maid -O Clover Dari Mart Zip Trip Maverick Astro Gas 105 / 5 61 / 3 20 / 2 125 / 5 106 / 4 77 / 1 600 / 7 Page 1 of 3 Pages,0.6083832335329341,0.8203592814371258,0.5353535353535354,0.31736526946107785,0.39849624060150374,0.24882629107981222,683,835,99,167,Missing text,Missing text | Numeric errors | Table-related errors,ok,
82250337_0338,C:\Users\Yug\Documents\Internship\pdf-extraction-benchmark\datasets\FUNSD\images\82250337_0338.png,C:\Users\Yug\Documents\Internship\pdf-extraction-benchmark\datasets\FUNSD\annotations\82250337_0338.json,"COMPETITIVE PRODUCT INTRODUCTION PROGRESS REPORT TT. Sam Zolot MANUFACTURER: B&W FROM: D.J.Landro BRAND: Kool Waterfall DATE: 2-Dec-97 TYPE OF PACKINGS: All Packings REPORTING PERIODS: Oct. Nov. X Dec. Jan. TEST MARKET GEOGRAPHY: Divisions 621 and 627 W,sconsi PRICE POINT: FULL $ PIV$ Indicate Distributor's Cost Per Carton SALES FORCE INVOLVEMENT: They have crew-worked distribution, and it is reported that they may crew-work it again.Sales force has been busy promoting old style packs to clean up inventory. All POS is being converted to BKool. DISTRIBUTORS -ACCEPTANCEANTRO TERMS/INTRO DEALS/INVOLVEMENT: All accounts have the new packaging. It was not a problem obtaining new distribution. All accounts appear to have 100% distribution of new packings CHAINS-ACCEPTANCE/MERCHANDISING: This has not been a problem. New packaging is just following up on the old ""packaging INDEPENDENTS-ACCEPTANCE/MERCHANDISING: Very well received. The old packs are being consolidated and promoted in select retail locatons at 40 off/$4.00 off cartons. 8 ADVERTISING-EFFECTIVENESS OF P.O.S.: 2 The theme BKool has replaced all previous POs.They have effectively replaced all old POs.New 2 5 door signage,hour signs,poster mats,and clocks have the new design. BKool also appears on billboards 3 in Illinois. 3 PAGE 1 OF 2","TO: FROM: DATE: MANUFACTURER: BRAND: Oct. Dec. Jan. Nov. X B&W 82250337 COMPETITIVE PRODUCT INTRODUCTION PROGRESS REPORT Sam Zolot Kool Waterfall All Packings TYPE OF PACKINGS: D. J. Landro 2- Dec- 97 REPORTING PERIODS: TEST MARKET GEOGRAPHY: Divisions 621 and 627 wisconsin PRICE POINT: FULLS $ P/ V $ (Indicate Distributor's Cost Per Carton) SALES FORCE INVOLVEMENT: They have crew- worked distribution, and it is reported that they may crew- work it again Sales force has been busy promoting old style backs to clean up inventory. All POS is being converted to ""B"" Kool. DISTRIBUTORS ACCEPTANCE INTRO TERMS INTRO DEALS INVOLVEMENT: All accounts have the new packaging. It was not a problem obtaining new distribution. All accounts appear to have 100% distribution of new packings. CHAINS ACCEPTANCE/ MERCHANDISING: This has not been a problem. New packaging is just following on the old ""packaging"". INDEPENDENTS ACCEPTANCE/ MERCHANDISING: Very well received. The packs are peing consolidated and promoted in select retail locations at 40 off $4 00 off cartons. ADVERTISING EFFECTIVENESS OF P. O. S.: The theme ""B"" Kool has replaced all previous POS. They have effectively replaced all old POS. New door signage, hour signs, poster mats, and clocks have the new design. ""B"" Kool also appears on billboards in llinois. PAGE 1 OF 2",0.17567567567567569,0.4158878504672897,0.7864583333333334,0.705607476635514,0.7438423645320197,0.592156862745098,1309,1332,192,214,Character substitutions,Character substitutions | Numeric errors | Table-related errors,ok,
82251504,C:\Users\Yug\Documents\Internship\pdf-extraction-benchmark\datasets\FUNSD\images\82251504.png,C:\Users\Yug\Documents\Internship\pdf-extraction-benchmark\datasets\FUNSD\annotations\82251504.json,11/05/97 11:03 8138840863 LORILLARD TAXPA GREENSBOR 002/003 Retail Excel Progress Report Submission for: July 31 Distribution by/to: () DM to RSM 1st of Month August 29 () To: R.W.Caldarella RSM to R.W.C.10th Septernber 30) CCD.O.S. October 31 X From: Kent B.Mills Ncvember28 December30 Area:5Region:1Z Acceptance/Response: What is the retailers response to Lorillard's Excel Merchandising plan? Chains:This program has been successfulto date with chains where our Flex Payment was not in place.The chains where we were using the Flex Payment system we have not been as successful. The P.Q.S.requirements of the P-1 Plan with Qil Companies is difficult to obtain Independents: AdditionalP.V.merchandising ls being.secured quickly Additional monies have assisted Region 17 in fighting PM Exclusives and PM/RJR co-existence situations. Hardware Evaluation/Effectiveness: Comment on the assembly of displays and application of shields: The displays are easily assembled and durable. Some questions have been raised concening the inabiity to be fush with the.counter and/or uo against the register. As.wellas the ability to place this on the Back Bar if the settlement goes through. Permanent Advertising Evaluation/Fffectiveness/Acceptance:P-1/P-5 & C-5 Plans Only: Not available at this time 8 2251 5,"17 cc: : From: Area: Region: 5 X Chains: Independents: 82251504 11/05/97 11: 03 813 384 0683 LORILLARD TAMPA GREENSBOR 0002/ 003 Retail Excel Progress Report Submission for: Distribution by/ to: DM to RSM 1st of Month RSM to R W. C. 10th D. O. S. R. W. Caldarella Kent B. Mills July 31 August 29 September 30 October 31 November 28 December 30 Acceptance/ Response: What is the retailers response to Lorillard's Excel Merchandising plan? This program has been successful to date with chains where our ""Flex Payment"". was not place. The chains where were using the ""Flex Payment"" system we have not been las successful. The P. O. S. requirements of the P- 1 Plan with Oil Companies is difficult to obtain. Additional P. V. merchandising is being secured quickly, Additional monies have assisted Region 17 in fighting PM Exclusives and PM/ RJR co-existence situations. Hardware Evaluation/ Effectiveness: Comment on the assembly of displays and application of shields: The displays are easily assembled and durable. Some questions have been raised conceming the inability to be flush with the counter and/ or against the register. As well as the ability to place this or the Back Bar if the settlement goes through Pemanent Advertising Evaluation/ Effectiveness/ Acceptance: (P- 1/ P- 5 & C 5 Plans Only: Not available at this time",0.20316027088036118,0.481981981981982,0.7243243243243244,0.6036036036036037,0.6584766584766585,0.4908424908424908,1298,1329,185,222,Numeric errors,Numeric errors | Table-related errors,ok,
82252956_2958,C:\Users\Yug\Documents\Internship\pdf-extraction-benchmark\datasets\FUNSD\images\82252956_2958.png,C:\Users\Yug\Documents\Internship\pdf-extraction-benchmark\datasets\FUNSD\annotations\82252956_2958.json,TO: K.A.Sparrow SUBMISSIONDATE FROM: D. J. Landro MAY12 AUG 4 JUN23 SEP15 SUBJECT: OLDGOLD MENTHOL LIGHTS &ULTRA LIGHTS 100'S - PROGRESS REPORT GEOGRAPHY REGION: (ONLY IF PARTIAL REGION CONTINUE WITH DIVISION(S) SCOPE) DIVISION: DIVISION NAME: Milw.South DIVISION NAME: #REP 7 DIVISION NAME: Milw.NorthDIVISION NAME: #REP 7 DIVISION NAME: DIVISION NAME: #REPS DIRECT ACCOUNTS AND CHAINS HEADQUARTERED WITHIN THE REGION (15 + STORES) STOCKING NOOLDGOLD MENTHOL LIGHTS OR ULTRA LIGHTS 1OO'S IND/LOR NO.OF IND/LOR NO.OF NAME OF ACCOUNT VOLUME STORES NAME OF ACCOUNT VOLUME STORES Walgreen Drug 144/14 2 5 2 6 OLOGOLD.XLS Page1 of 3 Pages,AUG 4 SEP 15 JUN 23 MAY 12 REGION: DIVISION: 7 7 TO: FROM: SUBJECT: OLOGOLD.XLS 82252956 GEOGRAPHY DISTRIBUTION 144/14 93 K. A. Sparrow SUBMISSION DATE D. J. Landro OLD GOLD MENTHOL LIGHTS & ULTRA LIGHTS 100'S PROGRESS REPORT (ONLY IF PARTIAL REGION CONTINUE WITH DIVISION (S) SCOPE) DIVISION NAME: DIVISION NAME: DIVISION NAME: Milw. South Milw. North DIVISION NAME: DIVISION NAME: DIVISION NAME: # REP # REP # REPS DIRECT ACCOUNTS AND CHAINS HEADQUARTERED WITHIN THE REGION (15 + STORES) STOCKING NO OLD GOLD MENTHOL LIGHTS OR ULTRA LIGHTS 100'S NAME OF ACCOUNT IND/LOR VOLUME NO. OF STORES NAME OF ACCOUNT IND/LOR VOLUME NO. OF TORES Page1 of 3 Pages Walgreen Drug,0.46026986506746626,0.672566371681416,0.7604166666666666,0.6460176991150443,0.6985645933014354,0.5367647058823529,634,667,96,113,Numeric errors,Numeric errors | Layout issues,ok,
82253058_3059,C:\Users\Yug\Documents\Internship\pdf-extraction-benchmark\datasets\FUNSD\images\82253058_3059.png,C:\Users\Yug\Documents\Internship\pdf-extraction-benchmark\datasets\FUNSD\annotations\82253058_3059.json,12/10/36 09:51 3178450971 LORILLARD 002/002 COMPETITIVE PRODUCT INTRODUCTION PROGRESSREPORT TO: MRS.K.A.SPARROW MANUFACTURER:R.J.Reynolds FROM: R.G.Ryan BRAND:Camel Menthol DATE: 12/10/96 TYPE OF PACKINGS:Full Flavor Box and Light Box REPORTINGPERIODS: AUG SEPT OCT NOV X (Forward by the 10th ot the following month.) TEST MARKET GEOGRAPHY: All of Region 7. PRICE POINT: FULL$11.89 PN$ (indicate Distributor's Cost Per Carton SALES FORCE INvOLVEMENT: Merchandising the top tray of permanent counter displays and labeling carton fixtures in the Camel section. Also placing metai signs and temporary counter displays. DISTRIBUTORS -ACCEPTANCE/INTRO TERMS/INTRO DEALS: Product is being introduced to all Direct Accounts in the Region. Acceptance is spotty at this time DISTRIBUTOR INVOLVEMENT Assembly of promotional products and shipment to retail. Indianapolis Direct Accounts are reported to be receiving B1G1F product. CHAINS -ACCEPTANCE/MERCHANDISING ALLOWANCE Chain acceptance has been very good. INDEPENDENTS -ACCEPTANCE/MERCHANDISING ALLOWANCE Acceptance is better at high volume locations than at lower volume retail calls. 82253058 CAMEL.WK1/FMT PAGE1OF2,82253058 LORILLARD TO: FROM: DATE: AUG SEPT OCT NOV MANUFACTURER BRAND: X 12/ 10/ 36 09: 51 317 8450977 001/ 002 COMPETITIVE PRODUCT INTRODUCTION PROGRESS REPORT MRS. K. A. SPARROW R. J. Reynolds Camel Menthol Full Flavor Box and Light Box TYPE OF PACKINGS: R. G. Ryan 12/ 10/ 96 REPORTING PERIODS: (Forward by the 10th of the following month.) TEST MARKET GEOGRAPHY All of Region 7. PRICE POINT: FULL $ 11.89 P/ V $ (Indicate Distributor's Cost Per Carton) Merchandising the top tray of permanent counter displays and labeling carton fixtures in the Camel section. Also placing metal signs and temporary counter displays. SALES FORCE INVOLVEMENT: DISTRIBUTORS - ACCEPTANCE/ INTRO TERMS/ INTRO DEALS: Product is being introduced to all Direct: Accounts in the Region. Acceptance is spotty at this time. DISTRIBUTOR INVOLVEMENT: Assembly of promotional products and shipment to retail Indianapolis Direct Accounts are reported to be receiving B1G1F product. CHAINS - ACCEPTANCE/ MERCHANDISING ALLOWANCE Chain acceptance has been very good. INDEPENDENTS - ACCEPTANCE/ MERCHANDISING ALLOWANCE Acceptance is better at high volume locations than at lower volume retail calls. CAMEL WK1/ FMT PAGE 1 OF 2,0.23976608187134502,0.44919786096256686,0.8026315789473685,0.6524064171122995,0.7197640117994101,0.5622119815668203,1161,1197,152,187,Numeric errors,Numeric errors | Table-related errors,ok,
82253245_3247,C:\Users\Yug\Documents\Internship\pdf-extraction-benchmark\datasets\FUNSD\images\82253245_3247.png,C:\Users\Yug\Documents\Internship\pdf-extraction-benchmark\datasets\FUNSD\annotations\82253245_3247.json,K.A.Sparrow SUBMISSION DATE FROM: R. E. Lane JUNE 30 X SEP22 AUG11 NOV10 - SUBJECT. STYLE LOW PRICE - PROGRESS REPORT EFFECTIVENESS OETransition Plan (Report on June 30 only) PRE-SELL Style Full Price accepted the introduction of the Iow price. BIGIF/2FOR1 Proved to be an excellent tool for pulling the balance of Style Full Price packs through the system. This aided the field greatly during the transition. $7.00 CARTON COUPON/BUYDOWN: Effective in those retail calls that we could not exchange product out of.. Those situations were limited DISTRIBUTION DIRECT ACCOUNTS AND CHAINS HEADQUARTERED WITHIN THE REGION 15 + STORES) STOCKING NO LOW PRICE STYLE IND/LORNO.OF IND/LOR NOOF NAME OF ACCOUNT VOLUME STORES NAME OFACCOUNT VOLUME STORES M.Maskos &Sons Pollock Candy and Cigar McKeesport Candy Co. Sico Serve 104/22 18 Sheetz 521/42 150 Thrift/Eckerd 137/20 183 DIRECT ACCOUNTS AND CHAINS HEADQUARTERED OUTSIDE THE REGION 15 +STORESSTOCKING NO LOW PRICE STYLE IND/LORNOOF IND/LOR NO.OF NAMEOFACCOUNT VOLUME STORES NAMEOFACCOUNT VOLUME STORES Kroger 21 Rich Oil 82 Super America 106 CVS 87 5 8 WH Smith 7-11 318 Zon 23 Dairy Marts 35 5 Widman Drugs 43 3 2 4 STYLE.XLS Page1 of 3 Pages,TO: FROM: SUBJECT: X PRE- SELL DISTRIBUTION Sheetz 18 150 183 21 82 106 87 5 23 35 43 Kroger cvs 82253245 K. A. Sparrow R. E. Lane SUBMISSION DATE JUNE 30 AUG 11 SEP 22 NOV 10 STYLE LOW PRICE PROGRESS REPORT EFFECTIVENESS OF: Transition Plan (Report on June 30 only) Overall pre- sell efforts were successful Retail accounts that previously stocked Style Full Price accepted the introduction of the low price BIGIF 2 FOR 1: Proved to be an excellent tool for pulling the balance of Style Full Price packs through the system. This aided the field greatly during the transition $ 7.00 CARTON COUPON/ BUYDOWN: Effective in those retail calls that we could not exchange product out of. Those situations were limited. DIRECT ACCOUNTS AND CHAINS HEADQUARTERED WITHIN THE REGION (15+ STORES) STOCKING NO LOW PRICE STYLE NAME OF ACCOUNT IND/ LOR VOLUME NO. OF STORES NAME OF ACCOUNT IND/ LOR VOLUME NO. OF STORES M. Maskos & Sons Pollock Candy and Cigar McKeesport Candy Co. Sicc Serva Thrift/ Eckerd 104/ 22 521/ 42 137/ 20 DIRECT ACCOUNTS AND CHAINS HEADQUARTERED OUTSIDE THE REGION (15+ STORES) STOCKING NO LOW PRICE STYLE NAME OF ACCOUNT IND/ LOR VOLUME NO OF STORES NAME OF ACCOUNT IND/ LOR VOLUME NO OF STORES Rich Oil Super America W H Smith 7- 11 318 Zon Dairy Marts Widman Drugs STYLE XLS Page 1 of 3 Pages,0.3435348125478194,0.5384615384615384,0.7539267015706806,0.6153846153846154,0.6776470588235295,0.5124555160142349,1188,1307,191,234,Numeric errors,Numeric errors | Table-related errors,ok,
82253362_3364,C:\Users\Yug\Documents\Internship\pdf-extraction-benchmark\datasets\FUNSD\images\82253362_3364.png,C:\Users\Yug\Documents\Internship\pdf-extraction-benchmark\datasets\FUNSD\annotations\82253362_3364.json,"TO K. A. Sparrow SUBMISSIONDATE FROM: J. L. McGinnis MAY19 AUG11 JUN30 SEP22 SUBJECT: MAVERICK SPECIALS MENTHOL-PROGRESS REPORT SGEOGRAPHY REGION: FULL_X PARTIAL (ONLY IF PARTIAL REGION CONTINUE WITH DIVISION(S) SCOPE) DIVISION: FULL PARTIAL DIVISION NAME: DIVISION NAME: #REPS DIVISION NAME: DIVISION NAME: #REPS DIVISION NAME: DIVISION NAME: #REPS DISTRIBUTION _QIRECT ACCOUNTS AND CHAINS HEADQUARTERED WITHIN THE REGION 15+STORES)STOCKING NO MAVERICK SPECIALS MENTHOL AND/LOR IND/LOR NO.OF NAME OF ACCOUNT VOLUME STORES NAME OF ACCOUNT VOLUME: STORES Don & Bens 26/2 20 Sac N Pac 75/2 27 Western Beverage 42/2 15 ACO/Texaco 95/3 15 Speedy Stop 106/4 29 Lone Star 76/3 37 Got-N-GO 62/2 44 Valley Shamrock 78/4 17 Albertson's - Houston 319/16 34 Mini Mart 65/3 15 Neal's One Stop 69/3 20 Shopper Mart 80/4 22 DIRECT ACCOUNTS AND CHAINS HEADQUARTERED OUTSIDE THE_REGION (15+STORES) STOCKING NO MAVERICK SPECIALS MENTHOL INDLOR NAME OF ACCOUNT NO.OF INDILOR NO.OR SVOLUME STORES NAME OFACCOUNT VOLOME STORES Chevron ? 115 Brookshire Bro.'s ? 38 Eckerd Drugs - S, Texas ? 217 Exxon ? 38 Phll's 66 ? 27 Star Erterprise ? 70 Walgreen's ? 177 2 8 2 L 3 3 9 2 MAVPROG9.XLS Page1 of 3 Pages",TO: FROM: SUBJECT: ☑ GEOGRAPHY REGION: FULL X DIVISION: FULL PARTIAL PARTIAL DISTRIBUTION 20 15 29 44 17 34 15 20 22 27 15 37 Chevron Exxon Walgreen's ? ? ? ? ? ? ? 115 38 217 38 27 70 177 82253362 MAVPROGO K. A. Sparrow SUBMISSION DATE MAY 19 ☐ JUN 30 ☐ AUG 11 ☐ SEP 22 J. L. McGinnis MAVERICK SPECIALS MENTHOL - PROGRESS REPORT (ONLY IF PARTIAL REGION CONTINUE WITH DIVISION (S) SCOPE) DIVISION NAME: DIVISION NAME: DIVISION NAME: DIVISION NAME: DIVISION NAME: DIVISION NAME: # REPS # REPS # REPS DIRECT ACCOUNTS AND CHAINS HEADQUARTERED WITHIN THE REGION (15+ STORES) STOCKING NO MAVERICK SPECIALS MENTHOL NAME OF ACCOUNT IND/ LOR VOLUME NO. OF STORES NAME OF ACCOUNT IND/ LOR VOLUME NO. OF STORES Sac N Pac ACO Texaco Lone Star 75/ 2 95/ 3 76/ 3 26/ 2 42/ 2 106 /4 62/ 2 78/ 4 319/ 16 65/ 3 69/ 3 80/ 4 Shopper Mart Neal One Stop Mini Mart Albertson's -Houston Valley Shamrock Get Go Speedy Stop Western Beverage Don & Bens DIRECT ACCOUNTS AND CHAINS HEADQUARTERED OUTSIDE THE REGION (15+ STORES) STOCKING NO MAVERICK SPECIALS MENTHOL NAME OF ACCOUNT IND/ LOR VOLUME NO. OF STORES NAME OF ACCOUNTS IND/ LOR VOLUME NO. OF STORES Brookshire Bro's Eckerd Drugs S. Texas Philip's 66 Star Enterprise Page 1 of 3 Pages,0.5740131578947368,0.8289473684210527,0.71875,0.6052631578947368,0.6571428571428571,0.48936170212765956,1183,1216,192,228,Numeric errors,Numeric errors | Layout issues | Table-related errors,ok,
82254765,C:\Users\Yug\Documents\Internship\pdf-extraction-benchmark\datasets\FUNSD\images\82254765.png,C:\Users\Yug\Documents\Internship\pdf-extraction-benchmark\datasets\FUNSD\annotations\82254765.json,TO: K.A.SPARROW DATE TONYO: 1/24/97 FROM: S. Reindel DIV.NAME/NO Nassau /107 1997 SPECIALEVENT REQUESTFORM NAME OFEVENT: H. Levinson Tradeshow *DATEOFEVENT 3/18/97 SAMPLES/ITEMS REQUIRED: SAMPLE10'S 400 PACKS PERCASE #CASES NEWPORTK.S. KENTIIIKS. KENT GLLTSKS NEWPORT 100'S KENTI100 KENTGL100 NEWPORT LTS.K.S. TRUEKS. NEWPORTLTS.100 KENTK.S. KENT100 ITEMS QUANTITYREQUIRED BASEBALL CAP 1500 WATER BOTTLES 500 SHIP TO CUSTOMER SHIPPINGNUMBER 198-1160006 8 2 NYO ONLY: 2 5 DATEFORWARDEDTO PROMOTION SERVICES: 4 476 PLEASE ALLOW 6 WEEKS FOR PROCESSING OF YOUR REQUEST REQFORM 01/17/97,"TO: FROM: 1/24/97 2 1 1 1 ITEMS zbulan 82254765 01/17/97 REQFORM 1500 500 K. A. SPARROW DATE TO NYO: S. Reindel Nassau/ 107 DIV. NAME/ NO: 1997 SPECIAL EVENT REQUEST FORM NAME OF EVENT: ""DATE OF EVENT: 3/18/97 H. Levinson Tradeshow SAMPLE 10'S (400 PACKS PER CASE) SAMPLES/ ITEMS REQUIRED: NEWPORT K. S. NEWPORT 100's NEWPORT LTS K. S. NEWPORT LTS. 100 KENT III K. S. # CASES KENT GL LTS K. S. GL 100 KENT III 100 TRUE K. S. KENT K. S. KENT 100 QUANTITY REQUIRED BASEBALL CAP WATER BOTTLES SHIP TO: CUSTOMER SHIPPING NUMBER 198- 1160006 NYO ONLY: DATE FORWARDED TO PROMOTION SERVICES: PLEASE ALLOW 6 WEEKS FOR PROCESSING OF YOUR REQUEST",0.4968553459119497,0.8017241379310345,0.5584415584415584,0.3706896551724138,0.4455958549222798,0.2866666666666667,581,636,77,116,Missing text,Missing text | Numeric errors | Table-related errors,ok,
82491256,C:\Users\Yug\Documents\Internship\pdf-extraction-benchmark\datasets\FUNSD\images\82491256.png,C:\Users\Yug\Documents\Internship\pdf-extraction-benchmark\datasets\FUNSD\annotations\82491256.json,"CASE FORM CASENAME Wanda G.Robinson and Carroll Robinson v.Raybestos-Manhattan,et al. COURT: San Francisco Superior Court-No.996378 LORILLARD ENTITIES: Lorillard Tobacco Company DATE FILED: July 23,1998 DATE SERVED: Angust 3,1998 CASE TYPE: Asbestos PLAINTIFF'S COUNSEL: Wartnick, Chaber, Harowitz, Smith& Tigerman Madelyn J.Chaber 101California Street, Suite 2200 San Francisco,California 94111 415/986-5566 LORILLARD COUNSEL: JUDGE: TRIAL DATE: 824912 94624999 5 9","COURT: JUDGE: Asbestos CASE FORM CASE NAME: LORILLARD ENTITIES: DATE FILED: DATE SERVED: CASE TYPE: PLAINTIFF COUNSEL: LORILLARD COUNSEL: TRIAL DATE: Wartnick, Chaber, Harowitz, Smith & Tigerman Madelyn J. Chaber 101 California Street, Suite 2200 San Francisco, California 94111 415 986- 5566 August 3, 1998 July 23, 1998 Lorillard Tobacco Company San Francisco Superior Court - No. 996378 Wanda G. Robinson and Carroll Robinson v Raybestos- Manhattan, et al. 82491256 94624999",0.7756813417190775,0.9436619718309859,0.7192982456140351,0.5774647887323944,0.6406249999999999,0.47126436781609193,466,477,57,71,Numeric errors,Numeric errors | Layout issues,ok,
82504862,C:\Users\Yug\Documents\Internship\pdf-extraction-benchmark\datasets\FUNSD\images\82504862.png,C:\Users\Yug\Documents\Internship\pdf-extraction-benchmark\datasets\FUNSD\annotations\82504862.json,"CASE FORM CASE NAME: Donald D. Sellers and Robin J.Sellers v. Raybestos-Manhattan, et al. COURT: San Francisco Superior Court-No.996382 LORILLARD ENTITIES: Lorillard Tobacco Company DATE FILED: DATE SERVED: August 3,1998 CASE TYPE: Asbestos PLAINTIFF'S COUNSEL: Wartnick,Chaber, Harowitz,Smith& Tigerman StephenM.Tigerman 101 California Street, Suite 2200 San Francisco,California 94111 415/986-5566 LORILLARD COUNSEL: JUDGE: TRIALDATE: 94625115 2504862 8 2","COURT: Asbestos JUDGE: CASE FORM CASE NAME: LORILLARD ENTITIES DATE FILED DATE SERVED CASE TYPE: PLAINTIEE'S COUNSEL: LORILLARD COUNSEL: TRIAL DATE: 82504862 946225115 Wartnick Chaber, Harowitz, Smith& Tigerman StephenM. Tigerman 101 California Street Suite 2200 San Francisco California 94111 August 3, 1998 Lorillard Tobacco Company San Francisco Superior Court- No. 996382 Donald D. Sellers and Robin J. Sellers v. Raybestos Manhattan et al.",0.786036036036036,0.9365079365079365,0.6607142857142857,0.5873015873015873,0.6218487394957983,0.45121951219512196,457,444,56,63,Numeric errors,Numeric errors | Layout issues,ok,
82562350,C:\Users\Yug\Documents\Internship\pdf-extraction-benchmark\datasets\FUNSD\images\82562350.png,C:\Users\Yug\Documents\Internship\pdf-extraction-benchmark\datasets\FUNSD\annotations\82562350.json,"LORILLARD RGN# 001/004 *05/01/00 10:21 6128949890 TOBACCOCOMPANY Fax To: Mr.Randy Spell From:Rick Redfield Fax Date:May 1,2000 CC: Mr.Fred Paternostro Fax 952894-9690 Re: Legal-lowa Pages: 4 Urgent For Review Please Commont Please Reply Please Recycle Comments: Attached is the lowa Department of Revenue and Finance Minimum LegalPrices on Cigarettes as of April 3,2000. I am attempting to obtain a copy of the actual Fair Trade Law and will forward as soon as obtained. Rick CONFIDENTIALITYNOTE This tacsme my contn p@god and conident fonton innded ony for the uso of he ividr eny named 8 above. ffthe reader of the facsinlle is not the intended recplent or empicyee or agent responsible for deivering it to the 2 intendd recpien. you ae hereby noiad tht any dissemnaton or copyng ofths facsime is siy prohibtd.ifyou have 5 reczived this facsimie in error, please notily us immediately by tolephone (nusber andicatod below) and retun tho origirsa! 9 facsimle to us at e addross below via the U.s.Post Service. 2 3 20S River Ridge Ctrols BumsvileMN55337 P.O.8x1589 Telephone952894-2238","Fax LORILLARD TOBACCO COMPANY 001/004 To: Fax: CC: Re: From: Date: Fax: Pages: Urgent 4 Comments: CONFIDENTIALITY NOTE Telephone: 82562350 05/01/00 10:21 612 894 9690 LORILLARD RGNY 11 Mr. Randy Spell Rick Redfield May 1, 2000 952 894- 9690 Mr. Fred Paternostro Legal- lowa For Review Please Comment Please Reply please Recycle Attached is the Iowa Department of Revenue and Finance Minimum Legal Prices on Cigarettes as of April 3, 2000. I am attempting to obtain a copy of the actual Fair Trade Law and will forward as soon as obtained. Rick This facsimile may contain privileged and confidential information intended only for the use of the individual entity named above. If the mader of the facsimile is not the intended recipient or employee or delivering. It to the intended recipient you are hereby notified that any dissemination for copying of this facsimile is strictly prohibited. If you have received his facsimile in error, please notify us immediately by telephone (number indicated below) and return the original facsimile to us at the address below via the U.S Postal Service. 205 River Ridge Circle P. O. Box 7589 Bumsville, MN 5337 (952) 694-2238",0.3539518900343643,0.625,0.563953488372093,0.5052083333333334,0.532967032967033,0.36329588014981273,1085,1164,172,192,Missing text,Missing text | Numeric errors | Table-related errors,ok,
82573104,C:\Users\Yug\Documents\Internship\pdf-extraction-benchmark\datasets\FUNSD\images\82573104.png,C:\Users\Yug\Documents\Internship\pdf-extraction-benchmark\datasets\FUNSD\annotations\82573104.json,"xc: RBS 12-9.99 FRom.RECEVED COVINGTON&BURLING DEC-91999 1201 Pennsylvania Avenue, N.W. R.B.SPELL P.O.Box7566 Washington,D.C.20044-7566 202)662-6000 FaxNumbers202662-6291 or202737-0528 Fax Operator: (202)662-6280 THIS FACSIMILE TRANSMISSION IS INTENOED ONLY FOR THE ADDRESSEE SHOWN BELOW. IT MAY CONTAIN INFORMATION THAT IS PRIVILEGED, CONFIDENTIAL OR OTHERWISE PROTECTED FROM DISCLOSURE. ANY REVIEW,DISSEMINATIONOR USE OFTHIS TRANSMISSION OR ITS CONTENTS BY PERSONS OTHER THAN THE ADDRESSEE IS STRICTLY PROHIBITED. YOU HAVE RECEIVED THIS TRANSMISSION IN ERROR, PLEASE NOTIFY US IMMEDIATELY AND MAIL THE ORIGINAL TO US AT THE ABOVE ADDRESS. Date: December 9,1999 To: Haney H.Bell,Esq From: David H.Remes 202)778-5212-direct.fax Room: 803E Pages (including cover) MESSAGE: CO CV T00 COVINGTON & BURLING 12/09/9911:09FAX","82573104 Date: To: From: Room: MESSAGE: COVINGTON & BURLING xc: RB5 12- 9- 99 RECEIVED DEC -9 1999 R B. SPELL 1201 Pennsylvania Avenue, N W. P. O. Box 7566 Washington D. C. 20044- 7566 (202) 662- 6000 Fax Numbers (202) 662 6291 or (202) 737 0528 Fax Operator (202) 662- 6280 THIS FACSIMILE TRANSMISSION INTENDED ONLY FOR THE ADDRESSEE SHOWN BELOW LIT MAY CONTAIN INFORMATION THAT IS PRIVILEGED CONFIDENTIAL OR OTHERWISE PROTECTED FROM DISCLOSURE ANY REVIEW DISSEMINATION OR USE OF THIS TRANSMISSION OR ITS CONTENTS BY PERSONS OTHER THAN THE ADDRESSEE IS STRICTLY PROHIBITED YOU HAVE RECEIVED THIS TRANSMISSION ERROR PLEASE NOTIFY US IMMEDIATELY AND MAIL THE ORIGINALI TO AT THE ABOVE ADDRESS December 9, 1999 Haney H. Bell, Esq. David H. Remes (202) 778 5212 - direct fax 803E // Pages (including cover)",0.2727272727272727,0.6296296296296297,0.6538461538461539,0.5037037037037037,0.5690376569037656,0.39766081871345027,818,803,104,135,Missing text,Missing text | Numeric errors | Table-related errors,ok,
82837252,C:\Users\Yug\Documents\Internship\pdf-extraction-benchmark\datasets\FUNSD\images\82837252.png,C:\Users\Yug\Documents\Internship\pdf-extraction-benchmark\datasets\FUNSD\annotations\82837252.json,"NEW COMPETITIVE PRODUCTS REPORTED BY BOBBY MILLS,REGIONAL SALES MGR.,INDIANAPOLIS,IN DATE: 8/10/90 TIME: .. 1 * SOURCE OF : INFORMATION: HALL RODECAP,NOBLESVILLE,IN F. MANUFACTURER: M9E BRAND NAME: VICEROY KING BOX AND VICEROY LIGHTS KING BOX TYPE OF PRODUCT: SIZE OR SIZES: LISTPRICE: EXTENT OF DISTRIBUTION: OTHER INFORMATION: SEE ATTACHED INFORMATION SHEET CC: A.H.Tisch G.Telford J.J.Tatulli R.H.Orcutt F.J.Schultz L.H.Kersh 82837252 M.A.Peterson A.W.Spears J.R.Slater T.H.Mau N.P.Ruffalo L.Gordon T.L.Achey S.T.Jones J.P.Mastandrea P.J.McCann R.S.Goldbrenner A.J.Giacolo E.R.Harrow","DATE: TIME: MRA MANUFACTURER: cc: 82837252 NEW COMPETITIVE PRODUCTS REPORTED BY: BOBBY MILLS, REGIONAL SALES MGR., INDIANAPOLIS, IN 8/ 10/ 90 SOURCE OF INFORMATION: HALL RODECAP, NOBLESVILLE, IN B & W VICEROY KING BOX AND VICEROY LIGHTS KING BOX BRAND NAME: TYPE OF PRODUCT: SIZE OR SIZES: LIST PRICE: EXTENT OF DISTRIBUTION: SEE ATTACHED INFORMATION SHEET OTHER INFORMATION: G. Telford F. J. Schultz A. W. Spears N. P. Ruffalo T. Achey P. J. McCann A. J. Giacolo J. J. Tatulli L. H. Kersh J. R. Slater S. T. Jones R S. Goldbrenner E. R. Harrow A. H. Tisch R. H. Orcutt M. A. Peterson T. H. Mau L. Gordon J. P. Mastandrea",0.5201288244766505,0.7589285714285714,0.5633802816901409,0.35714285714285715,0.43715846994535523,0.27972027972027974,586,621,71,112,Missing text,Missing text | Numeric errors,ok,
83443897,C:\Users\Yug\Documents\Internship\pdf-extraction-benchmark\datasets\FUNSD\images\83443897.png,C:\Users\Yug\Documents\Internship\pdf-extraction-benchmark\datasets\FUNSD\annotations\83443897.json,"JAN 119916:29FR8220 TO3212#128557#002#P.01 FAX TRANSMISSION DICKSTEIN SHAPIRO MORIN OSHINSKY DATE: January 111999 CLIENT NO L8557.002 MESSAGE TO:Dewey Tedder COMPANY: Lorillard Tobacco Company FAX NUMBER: 336/373-6917 PHONE: 336/373-6750 FROM: Andy Zausner and Rob Mangas PHONE: 202/828-2259 and202/828-2241 PAGES including Cover Shoet2HARD COPYTO FOLLOW YES XNO MESsAGE: The following is for your review. AN121999 If your receipt of this transmission is in error, please notify this firm immcdiately by collect call to our Facsimile Dcpartment at 202-861-9106,and send thc original transmission to us by return mail at the address below This transmission is intended for the sole use of the individual and entity to whom it is addressed, and may contain information zhat is privileged, confidential and excmpt from disclosure undcr applicablc Iaw.You are hereby notified that any disscmination, distribution or duplication of this transmission by 83443897. somcone other than the intendcd addressce or its designatcd agent is strictly prohibited.","DATE: COMPANY: PHONE: FROM: PHONE: MESSAGE: YES NO 2 X 83443897 JAN 11 '99 16: 29 FR 8220 TO 3212128557HC02N P. 01 DICKSTEIN SHAPIRO MORING OSHINSKY FAX TRANSMISSION January 11, 1999 L8557 002 Dewey Tedder Lorillard Tobacco Company 336/ 373- 6917 336/ 373- 6750 Andy Zausner and Rob Mangas 202/ 828- 2259 and 202/ 828 2241 CLIENT NO.: MESSAGE TO: FAX NUMBER: PAGES (including Cover Sheet): HARD COPY TO FOLLOW JAN 1 2 1999 The following is for your review If your receipt of this transmission is in error, please notify this firm immediately by collect call to our Facsimile Department at 202- 861- 9106, and send the original transmission to us by return mail at the address below. This transmission is intended for the sole use of the individual and entity to whom it is addressed, and may contain information that is privileged, confidential and exempt from disclosure under applicable law. You are hereby notified that any dissemination, distribution or duplication of this transmission by someone other than the intended addressee or its designated agent is strictly prohibited. 2101 L Street NW Washington, DC 20037- 1526 Tel 202- 785 9700 Fax 202- 887 0689",0.3069647463456578,0.49743589743589745,0.777027027027027,0.5897435897435898,0.6705539358600583,0.5043859649122807,1047,1163,148,195,Numeric errors,Numeric errors | Table-related errors,ok,
83553333_3334,C:\Users\Yug\Documents\Internship\pdf-extraction-benchmark\datasets\FUNSD\images\83553333_3334.png,C:\Users\Yug\Documents\Internship\pdf-extraction-benchmark\datasets\FUNSD\annotations\83553333_3334.json,"AR/ZT/TT 3ZFAAZ1245U48UU UUZ/UUS DAVISPOLK&WARDWELL Fax Transmittal Sender 450 Lexington Avenue Charles Duggan New YorkNY 10017 Date Nurnber of Pages (this page included) 212-450-4000 November12,1999 6 Sender Voice Number If problems receiving this fax,call 212-450-4785 212-450-4785 Sender Fax Number Reference 212-450-3785 17555-002 To Fax Number Company Recipient Phonc Number Thomas M.Sobol 617-439-3278 Brown RudnickFreed617-330-9000 &Gesmer Joseph F.Rice 843-720-9290 Ness,Motley, 843-720-9000 Loadholt, Richardson & Poole Robert V.Costello 617-722-0286 SchneiderReilly 617-227-7500 Jeffrey D.Woolf Zabin & Costello Richard M.Heimann 415-956-1008 Lieff,Cabraser & 415-956-1000 Heimann Michael P.Thornton 617-720-2445 ThontonEarly & 617-720-1333 Naumes Message: 8 3 5 5 3 3 3 3 Conldeatiality NoteThisfaczinios ntendod only forthopeson cr eouly walseddrossedapdmsy eoataininfornstiontbatipervieged,condetial piease motify us immediately by telehone and retu the facsinile by i.","Sender Date To Reference November 12, 1999 6 Message: 8355333 11/ 12/ 99 19: 32 FAA 212 450 4800 DPW 1048 UUZ/ DUS DAVIS POLK & WARDWELL Fax Transmittal 450 Lexington Avenue New York, NY 10017 212- 450- 4000 Charles Duggan Number of Pages (this page included) Sender Voice Number If problems receiving this fax, call 212- 450- 4785 212- 450- 4785 Sender Fax Number 212- 450- 3785 17555 002 Fax Number Company Recipient Phone Number Thomas M. Sobol 617- 439- 3278 Brown Rudnick Freed & Gesmer 617- 330- 9000 843- 720 9000 Ness, Motley, Loadholt, Richardson & Poole 843- 720- 9290 Joseph F. Rice Robert V. Costello Jeffrey D. Woolf 617- 722- 0286 415- 956- 1008 Richard M. Heimann Michael P. Thornton 617- 720- 2445 Thomton, Early & Naumes 617- 720- 1333 415- 956- 1000 617- 227- 7500 Schneider, Reilly, Zabin & Costello Lieff, Cabraser & Heimann Confidentiality Note This only for the person or entity may besi pavilegedal of otherwis protected from disclosos. Disscnlation, distribution popying of the facile the information herein by anyone other than the poupil, waployee responsible for delivering the message the prohibited. You thisfacsimile in error please notify as immediately by telephone and return the facsimile by mail.",0.5678310316815597,0.8186274509803921,0.5042735042735043,0.28921568627450983,0.36760124610591904,0.22519083969465647,982,1231,117,204,Missing text,Missing text | Numeric errors | Table-related errors,ok,
83573282,C:\Users\Yug\Documents\Internship\pdf-extraction-benchmark\datasets\FUNSD\images\83573282.png,C:\Users\Yug\Documents\Internship\pdf-extraction-benchmark\datasets\FUNSD\annotations\83573282.json,"WA FeePa 01/14/99 18:36FAX2066230594 HAGENS BERMAN 001/057 Yee HAGENS BERMAN Htorneys nt Law 30 FIEHAVENUE,SE agoSEATTLE,WA 98 TELEPHONE a066a3-7293FACSIMILE (2066a3-0594 FACSIMILE COVER SHEET Date: January 14,1999 No.of Pages37incding his page hrrm Steve W.Berman File No. 11Q9.01 Re: Tobacco -Fee Payment Agreement and Release COMMENTS: Recipient(s): Company: Phone No. Fax No. Mr.Meyer G.Koplow Wachtell, LiptonRosen 212403-1000 (212)403-2000 &Katz Mr.Arthur F.Golden Davis,Polk & Wardwell 212450-4000 212450-4800 Mr.Martin Barrington Philip Morris Inc. 917663-5399 Mr.F.Anthony Burke Brown & Williamson (502)568-7297 Tobacco Corp. Mr. Ronald Milstein Lorillard Tobacco Co. 336335-7707 Mr. Charles A.Blixt R.J.Reynolds Tobacco 336741-2998 Co. Mr.Stcphen R.Patton Kirkland &Ellis 312)861-2000 312861-2200 Urgent! Deliver Immediately Please call the Support Center at 206)268-9312 or at ext. if you do not receive all of these pages or if there is a problem. 8 3 The infornation containcd in this facaimile is contideatial and may also be attoney-privitoged. Tho infomation is intended only for tho use of 5 tho individusl or entity to wharm it is addrcssed. If you are not the Intended recipient, or thc emplayce or agcnt responsible for delivering it to 7328 tho Inended recipient you sre heeeby notified tha any use, dissemination, distribution or copying of this commmcation is stricty prohibited. If you have received thls farsimile in crror, plcase iamocdiately notify us by a colleet telephone call to (206) 623-7292, and return the original message to us al. Che addrcss above via the US Postal Scrvice. Thank you. A PROFESSIONAL SERVICE CCRPORATION 2","Date: From: Re: COMMENTS: Recipient(s): Company: 83573282 Urgent! Deliver Immediately 04/ 14/ 99 18: 36 FAX 206 623 0594 HAGENS BERMAN HAGENS BERMAN Attorney Law WA Fee Pay Agree XC: JAW 1301 FIFTH AVENUE, SUITE 2900 SEATTLE, WA 98101 TELEPHONE (206) 623 7293 FACSIMILE (206) 623- 0594 FACSIMILE COVER SHEET January 14, 1999 No. of Pages 37 (including this page) 1129. 01 File No.: Tobacco - Fee Payment Agreement and Release Steve W. Berman Phone No.: Fax No.: (212) 403- 2000 (212) 450- 4800 (917) 663- 5399 (502) 568- 7297 (336) 335- 7707 (336) 741- 2998 (312) 861- 2200 (312) 861- 2000 (212) 450- 4000 (212) 403- 1000 Wachtell, Lipton, Rosen & Katz Davis, Polk & Wardwell Philip Morris Inc. Brown & Williamson Tobacco Corp. Lorillard Tobacco Co. R. J. Reynolds Tobacco Co Kirkland & Ellis Mr. Stephen R. Patton Mr. Charles A. Blixt Mr. Ronald Milstein Mr. F. Anthony Burke Mr. Martin Barrington Mr. Arthur F. Golden Mr. Meyer G. Koplow Please call the Support Center at (206) 268- 9312 or at ext if you do not receive all of these pages or if there is a problem. The information contained in this facsimile is confidential and may also be attorney privileged. The information is intended only for the use of the individual or entity to whom it is addressed. If you are not the intended recipient, or the employee or agent responsible for delivering it to the intented recipient, you are hereby notified any use, dissemination, distribution or copying of this communication is strictly prohibited. If you have received this facsimile in error, please immcdiately notify us by a collect call to (206) 623- 7292, and return the original message to us at the address above via the US Postal Service. Thank you. A PROFESSIONAL SERVICE CORPORATION",0.3833810888252149,0.6287625418060201,0.6141078838174274,0.49498327759197325,0.5481481481481482,0.37755102040816324,1660,1745,241,299,Missing text,Missing text | Numeric errors | Table-related errors,ok,
83594639,C:\Users\Yug\Documents\Internship\pdf-extraction-benchmark\datasets\FUNSD\images\83594639.png,C:\Users\Yug\Documents\Internship\pdf-extraction-benchmark\datasets\FUNSD\annotations\83594639.json,"09/22/97 MON 15:35 FAX 12124554900 ROPER STARCH WORLDWIDE 001 ROPER STARCH TURNING DATA IMTO INTELLIGENCE WOALDWIDE"" Fax Fax Fax Fax Fax Fax Fax Fax Fax Date: September 22,1997 To: Ron Milsteln From: ""JJKlein Company: Lorillard Fax Number: (910335-7707 Pages (Including cover page): 3 8 3 694639 5 Roper Starch Woridwido Inc. NwYok NY 10017 205 Est42nd Sboet Roper Marketing and Public Opinion Research Starch Advertising and Media Research 2125590700 Tel Frisdinan Marketing Services 2128877008 Fax NRA Word Headquarters","Date: To: Company: From: 3 Lorillard 83594639 ☑001 89/ 22/ 97 MON 15: 35 FAX 12124554900 ROPER STARCH WORLDWIDE ROPER STARCH TURNING DATA INTO INTELLIGENCE WORLDWIDE Fax Fax Fax Fax Fax Fax Fax Fax Fax Ron Milstein (910) 335 7707 Pages (Including cover page): ""JJ"" Klein Fax Number: Roper Starch Worldwide nc 205 East 42nd Street New York NY 0017 212 599 0700 212 887 7008 Fax Roper Marketing and Public Option Research Search Advertising and Media Research Frederen Marketing Services INRA World Headquarters September 22, 1997",0.5075757575757576,0.6666666666666666,0.6538461538461539,0.5862068965517241,0.6181818181818182,0.4473684210526316,521,528,78,87,Numeric errors,Numeric errors,ok,
83624198,C:\Users\Yug\Documents\Internship\pdf-extraction-benchmark\datasets\FUNSD\images\83624198.png,C:\Users\Yug\Documents\Internship\pdf-extraction-benchmark\datasets\FUNSD\annotations\83624198.json,"FEB255818:23FR TO 128557*002#P.01 FAX TRANSMISSION DICKSTEIN SHAPIRO MORIN OSHINSKY DATE: Fcbruary25.1998 CLIENT NO L8557.002 MESSAGE TO:Ronald S.Milstein COMPANY: Lorillard Tobacco Company FAXNUMBER910/335-7707 PHONE: 910/335-7718 FROM: Andy Zausner PHONE: 202/828-2259 PAGES (Including Cover Sheet)_12 HARD COPY TO FOLLOW: YES NO MEssAGE: Sec attached fax from the Committee on Commerce just received in my office.Call me to discuss. If your receipt of this transmission is in error,please notify this firm immediatcly by collcct call to our Facsimile Department at 202-861-9106and send thc original transmission to us by rctum mail at thc address bclow. This transmission is intcnded for thc sole usc of thc individual and cntity to whom it is addressed, and may contain infommation that is privileged, confidential and cxempt from disclosure under applicable somcone other than the intended addressce or its designated agent is strictly prohibitcd. 8 2 6 8","TO DATE: COMPANY: PHONE: FROM: PHONE: MESSAGE: YES NO 12 83624198 Tel Fax FEB 25 '98 18: 23 FR #1 28557 002# P. 2101 FAX TRANSMISSION February 25, 1998 L8557 002 Ronald S. Milstein Lorillard Tobacco Company 910/ 335- 7707 910 /335 -7718 Andy Zausner 202 /828 -2259 FAX NUMBER: MESSAGE TO: CLIENT NO.: PAGES (including Cover Sheet): HARD COPY TO FOLLOW: See attached fax from the Committee on Commerce just received in my office. Call me discuss. If your receipt of this transmission is in error, please notify this firm immediately by collect call to our Facsimile Department at 202- 861 -9106 and send the original transmission to us by return mail at the address below. This transmission is intended for the sole use of the individual and entity to whom it is addressed, and may contain information that is privileged, confidential and exempt from disclosure under applicable law. You are hereby notified that any dissemination, distribution duplication of this transmission by somcong other than the intended addressee or its designated agent is strictly prohibited. 2101 L. Street NW Washington DC 20037 1528 202 785 9700 202 -887 -0589",0.3824561403508772,0.5684210526315789,0.7,0.5157894736842106,0.593939393939394,0.4224137931034483,960,1140,140,190,Missing text,Missing text | Numeric errors | Table-related errors,ok,
83635935,C:\Users\Yug\Documents\Internship\pdf-extraction-benchmark\datasets\FUNSD\images\83635935.png,C:\Users\Yug\Documents\Internship\pdf-extraction-benchmark\datasets\FUNSD\annotations\83635935.json,"JUN0597 02:00PMLOE CORP LEGAL P.1/6 LOEWS CORPORATION 857 Madison AvenueNew YorkN.Y.10021-8087 (212 545-2920 Fax (212935-6801 BARAY HIRSCH Senlor Vice Presicent Socretary &Gonoral Counse EAX CONSDENTIAL DATE: June4,1997 TO: Dr.Spears/A.J.Stevens/R.Milstein FROM: Barry Hirsch TOTAL NUMBER OF PAGES INCLUDING THIS COVER SHEET-6 IF YOU DO NOT RECEIVE ALL THE PAGES,PLEASE CALL CAROLDOKTORSKIAT212545-2934 OUR FAXNUMBER IS 212)935-6801 CG SHO ATIA SO S O NO CEI 9 HOISSS SH 8 C G H E DO I S IO DO 3 S A SA S O SA SS A SC S TO E N S CN 9 SAALSRVIC.2OKYOO. 3 5 6 3","DATE: TO: FROM: 83635935 JUN 05 97 02:00 PM LOEWS CORP P. 1/ 6 LOEWS CORPORATION 667 Madison Avenue, New York, N. / 10021 8087 (212) 545 2920 Fax (212) 935 6801 BARRY HIRSCH Senior Vice President Secretary & General Counsel FAX CONFIDENTIAL June 4, 1997 Dr. Spears/ A. J. Stevens/ R. Milstein Barry Hirsch TOTAL NUMBER OF PAGES INCLUDING THIS COVER SHEET- 6 IF YOU DO NOT RECEIVE ALL THE PAGES, PLEASE CALL CAROL DOKTORSKI AT (212) 545- 2934. OUR FAX NUMBER (212) 935 6801 THIS TRANSMISSION IS INTENDED ONLY FOR THE USE OF THIS INDIVIDUAL OR ENTITY TO FROM IT IS ADDRESSED. AND MAY CONTAIN INFORMATION THAT IS PRIVILEGED CONFIDENTIAL AND You YOU ARE THAT MY DIRAYDOTIG DISAISONICAR OF THIS COMKONICATION TA ATRICTLY PROHIBITED HAVE RECEIVED TINCOFMONTTIOS PYTHOND ROU ORIGDOL YILSON ATITE ABOVE ADDR359 VIA POSTAL SERVICE THANK YOU.",0.46634615384615385,0.8156028368794326,0.31958762886597936,0.2198581560283688,0.2605042016806723,0.1497584541062802,559,832,97,141,Missing text,Missing text | Numeric errors | Table-related errors,ok,
83641919_1921,C:\Users\Yug\Documents\Internship\pdf-extraction-benchmark\datasets\FUNSD\images\83641919_1921.png,C:\Users\Yug\Documents\Internship\pdf-extraction-benchmark\datasets\FUNSD\annotations\83641919_1921.json,":OL S.P.ZOLOT FROM: R.W.RICHARDSON DEC21 X NOV16 SUBJECT: QLDGOLD-LIGHT BOX JOO'S PROGRESS REPORT GEOGRAPHY REGION: FULL PARTIAL X (ONLY IF PARTIAL REGION, CONTINUE WITH DIVISION(S) SCOPE) DIVISION: FULL X PARTIAL DIVISION NAME: Detroit North DIVISION NAME:Detroit South #REPS: 13 DIVISION NAME: Detroit East DIVISION NAME: Detroit West #REPS: 12 DIVISION NAME:Grand Rapids DIVISION NAME: Flint #REPS: 13 DISTRIBUTION Direct Accounts and Chains Headquartered within the Region (15+ Stores) Stocking No Old Gold Light Box 100s Name of Account Ind/Lor Volume Number of Name ofAccount Volumie Ind/Lor Number.of- Stores Quality Dairy A 151/15 31 Speedy Q 196/13 16 Bay Stations 81/9 18 Schmuckal Oil 138/9 22 Wilson Oil 140/13 15 Quik Stop 117/9 24 Forwards 118/8 I9 Phil Flint 166/15 15 Arbor Rx 115/13 209 Imperial Oil 163/11 32 Direct Accounts and Chains Headquartered Outside the Region (15+ Stores) Stocking No Old Gold Light Box 100s Name of Account Ind/Lor Number of Name of Account Ind/Lor. Volume Stores Volume Stores Clark Gas I42 Emro 237 7-Eleven Southland 102 Walmart 39 8 Ultra Diamond 184 3 Dairy Mart 32 6 4 Mobil Oil 40 ACA Amoco 31 6 6 CESSRT OLGODLTBOXXS Page I ef 3","31 1818 22 15 24 19 15 209 32 151/15 81/9 138/9 140/13 117/9 118/8 166/15 115/13 163/11 DISTRIBUTION DIVISION: REGION: FULL Flint X FULL PARTIAL PARTIAL 13 12 13 X 196/13 16 TO: FROM: SUBJECT: GEOGRAPHY X 142 237 102 39 184 32 40 31 Emra Walmart 83641919 S. P. ZOLOT R. W. RICHARDSON OCT 05 SUBMISSION DATE DEC 21 NOV 16 OLD GOLD- LIGHT BOX 100'S PROGRESS REPORT (ONLY IF PARTIAL REGION, CONTINUE WITH DIVISION(S) SCOPE) DIVISION NAME: DIVISION NAME: DIVISION NAME: Detroit North Detroit East Grand Rapids DIVISION NAME: DIVISION NAME: DIVISION NAME: Detroit South Detroit West # REPS: # REPS: # REPS: Direct Accounts and Chains Headquartered within the Region (15+ Stores) Stocking No Old Gold Light Box 100's Name of Account Ind/Lor Volume Number of Stores Name of Account Ind/Lor Volume Number of Stores Quality Dairy Bay Stations Schmuckal Dil Wilson Oil Quik Stop Forwards Phil Flint Arbor Rx Imperial Oil Speedy Q Direct Accounts and Chains Headquartered Outside the Region. (15+ Stores) Stocking No Old Gold Light Box 100's Name of Account Ind/Lor Volume Number of Stores Name of Account Ind/Lor Volume Number of Stores Clark Gas 7- Eleven Southland Ultra Diamond Dairy Mart Mobil Oil ACA Amoco GOD Page 1 of 3",0.5464256368118324,0.7081339712918661,0.8134715025906736,0.7511961722488039,0.7810945273631841,0.6408163265306123,1181,1217,193,209,Character substitutions,Character substitutions | Layout issues | Table-related errors,ok,
83772145,C:\Users\Yug\Documents\Internship\pdf-extraction-benchmark\datasets\FUNSD\images\83772145.png,C:\Users\Yug\Documents\Internship\pdf-extraction-benchmark\datasets\FUNSD\annotations\83772145.json,"NO.1796 P.1/3 JAN.31.199711:48AM LAWOFFICES FAX SHOOK,HARDY&BACONL.L.P FAX COVER One Kansas City Place COVER 1200Main Street Kansas CityMissouri 64105-2118 1 Telephonc816474-6550Facsimile816421-5547 TO: JACKREILLY TELECOPYNO: 212/545-3297 FROM:JIMDALEY #: 392 DATE:JANUARY31,1997 TIME: SHB Client Matter No. LORI.45048 Pages transmitted including cover shect: 3 ORIGINAL DOCUMENT WILL FOLLOWVIA FEDERAL EXPRESS. Special Instructions: OPERATOR: COMMENTS/MESSAGE Jack Per your request, attached is a memo regarding.the proccss of labeling reviewed diskettes for the purpose of later identification. Please call meif you have any questions. Iregret I cannot join you and the electronic document collection team for lunch today. I hope you agree they have done an outstanding job! I look forward to secing you on February 5 for the Legal Edge presentation, Best Regards Jim Daley 33772 8 2 CONHDENJIALITYNOTICTho dunon gally igdTheonis ndony ndiuar nnavey e noh dd pnyou a ying this ecopy tran Hexidn c dcntial infennscion belonging to tho sender which is P heynotd tht any dicscopygdisn or h takg of ny son n nce n con co inmion s sly prohe.lfyou havo recelved s ccopy in crorpeaso mmediy noy us by ghone suansop uo o moa te 5 --","NO. 1796 P. #: TIME: TO: FROM: DATE: 392 OPERATOR: Jack CONFIDENTIALITY NOTICE 83772145 JAN 31. 1997 11: 48 AM FAX COVER LAW OFFICES SHOOK HARDY & BACON L. L. P. 1/ 3 FAX COVER One Kansas City Place 1200 Main Street Kansas City Missouri 64105- 2118 Telephone (816) 474 6550 Facsimile (816) 421- 5547 JACK REILLY TELECOPY NO: 212/ 545- 3297 LORI 45048 ORIGINAL DOCUMENT WILL FOLLOW VIA FEDERAL EXPRESS Pages transmitted including cover sheet: SHB Client Matter No: JANUARY 31, 1997 JIM DALEY If you experience any problems, please call extension 21000 Per your request, attached is a memo regarding the process of labeling reviewed diskettes for the purpose of later identification Please call me if you have any questions regret I cannot join you and the electronic document collection team for lunch today. I hope you agree they have done an outstanding job! I look forward to seeing you on February 5 for the Legal Edge presentation. Best Regards, Jim Daley The documents accompanying this transmission contain confidential information belonging to the sender Legally privileged The information is intented only for the Individual or entity named above pol pre intended recipen you heret notified that copying distribuar dhe crion Islance content or lecoled normation och If you have received this telecopy in error, please immediately notify us by telephone to arrange for return of the origin documents to us. COMMENTS/ MESSAGE: Special Instructions:",0.45529573590096284,0.6949152542372882,0.5376344086021505,0.423728813559322,0.4739336492890995,0.3105590062111801,1226,1454,186,236,Missing text,Missing text | Numeric errors | Table-related errors,ok,
83823750,C:\Users\Yug\Documents\Internship\pdf-extraction-benchmark\datasets\FUNSD\images\83823750.png,C:\Users\Yug\Documents\Internship\pdf-extraction-benchmark\datasets\FUNSD\annotations\83823750.json,"97 TUE 18:39FAX212 5578 DPW30-59 DAVISPOLK&WARDWELL Fax Transmittal To Dato 450 Lexington Avenue Robert H.ShawEsq. Now York, NY10017 November 11,1997 212-450-4000 Company Lorillard Tobacco Company Fax Number Voice Number 910-335-77 910-335-7720 Sender Number of Pages (this page included) Charles Duggan 2 Sender Voice Number Main Fax Operator Voice Number 212-450-4785 Sender Fax Number Reference 212-450-5578 17560-188 Message: 8 8 3 ~3 ConfdyNotThi ie ind ony fo p r y t wh d my con non pigd cfia 5 3 plcasc notiry us Lmmcdiatcly by telephone and retum the facsimile by ma","001 Date To 2 Company Sender Reference Message: 83823750 Confidentiality Note: /97 TUE 18: 39 FAX 212 5578 DPW 30 -59 DAVIS POLK & WARDWELL Fax Transmittal 450 Lexington Avenue New York NY 10017 212- 450 4000 Robert H. Shaw, Esq. November 11, 1997 Lorillard Tobacco Company Fax Number Voice Number 910 -335- 7077 910 -335- 7720 Number of Pages (this page included) Charles Duggan Sender Voice Number Main Fax Operator Voice Number 212 -450- 4785 Sender Fax Number 212 -450 -5578 17560 -188 This facsimile intended only the person or entity to which it is addressed and may contain information that is privileged, confidential or otherwise protected from disclosure distribution or copying of this facsimile or the information herein by anyone other than the intended recipient, or an employee or agent responsible for delivering the message to the intended recipient is prohibited. If you love received the facsimile in error, please notify us immediately by telephone and return the facsimile by mail.",0.5768463073852296,0.7730061349693251,0.5274725274725275,0.294478527607362,0.37795275590551186,0.23300970873786409,575,1002,91,163,Missing text,Missing text | Numeric errors | Table-related errors,ok,
83996357,C:\Users\Yug\Documents\Internship\pdf-extraction-benchmark\datasets\FUNSD\images\83996357.png,C:\Users\Yug\Documents\Internship\pdf-extraction-benchmark\datasets\FUNSD\annotations\83996357.json,"COUPON CODE REGISTRATION FORM TO: KELLISCRUGGS FROM: LEONARD JONES CC: V.LOSITO M.TAHMASEB G.BAROODY L.STEVENS B.VONDER LIPPE Dhisling BRAND(S)APPLICABLE OLD GOLD MEDIA TYPE DIRECT MAIL MEDIA NAME ISSUEFREQUENCYYEAR SPACE/COLOR COUPON ISSUE DATE 10/4/99 COUPON EXPIRATION DATE 3/31/00 CIRCULATION (#) 201,500 CIRCULATION DATES OCTOBER 1999 GEOGRAPHICAL AREA(S) DISCOUNT SMOKERS-OG GROUPSIAND COUPON VALUE $1.00OFFPACK PACKICARTON PACK ADVERTISING CREATIVE TITLE SIGNATURE OFINITATOR DATE INITIATED 4/14/99 REQUIREMENTS REDEMPTIONRESULTS 8 30165 6 CODE ASSIGNED 07809 6 JOB# 5A 3 EST.REDEMPTION 10","TO: FROM: CC: PACK/CARTON REQUIREMENTS PACK JOB# 07809 594 14% 30165 83996357 COUPON CODE REGISTRATION FORM KELLI SCRUGGS LEONARD JONES V. LOSITO M. TAHMASEB G. BAROODY L. STEVENS B. VON DER LIPPE D. Risling BRAND(S) APPLICABLE OLD GOLD DIRECT MAIL MEDIA TYPE MEDIA NAME ISSUE FREQUENCY YEAR SPACE/ COLOR 10/ 4/ 99 3/ 31/ 00 COUPON VALUE GEOGRAPHICAL AREA(S) CIRCULATION DATES CIRCULATION(#) COUPON EXPIRATION DATE COUPON ISSUE DATE 201, 500 OCTOBER 1999 DISCOUNT SMOKERS OG GROUPS IANDII $1 00 OFF PACK 4/ 14/ 99 ADVERTISING CREATIVE TITLE SIGNATURE OF INITIATOR DATE INITIATED REDEMPTION RESULTS CODE ASSIGNED EST. REDEMPTION",0.5055821371610846,0.8571428571428571,0.6133333333333333,0.46938775510204084,0.5317919075144508,0.36220472440944884,596,627,75,98,Missing text,Missing text | Numeric errors | Table-related errors,ok,
85201976,C:\Users\Yug\Documents\Internship\pdf-extraction-benchmark\datasets\FUNSD\images\85201976.png,C:\Users\Yug\Documents\Internship\pdf-extraction-benchmark\datasets\FUNSD\annotations\85201976.json,"Marden-Kane,Inc TRUE ""YOU FOUND ITSWEEPSTAKES SECOND PRIZE WINNER TRAVEL INFORMATION SHEET THE DESTINATION IN THE CONTINENTAL UNITED STATES I WISH TOTRAVEL TO IS: NAME ADDRESS STATE ZIP HOME PHONE BUSINESS PHONE NAME OF GUEST AGE RELATIONSHIP TO WINNER PLEASE LIST THREE ALTERNATIVE DATES YOU WOULD LIKE TO TRAVEL 1. 2. 3. MAJOR AIRPCR NEAREST YOUR HOME AIRLINE: (CHECK ONE SMOKING NON-SMOKING 85201976 SPECIAL DIETARY REQUIREMENTS ANY ADDITIONAL INFORMATION YOU WOULD LIKE TO PROVIDE","NAME ADDRESS CITY STATE ZIP AGE 1. 2. 3. SMOKING 85201976 Marden - Kane, Inc. TRUE ""YOU FOUND IT"" SWEEPSTAKES SECOND PRIZE WINNER TRAVEL INFORMATION SHEET THE DESTINATION IN THE CONTINENTAL UNITED STATES I WISH TO TRAVEL TO IS: HOME PHONE BUSINESS PHONE NAME OF GUEST RELATIONSHIP TO WINNER PLEASE LIST THREE ALTERNATIVE DATES YOU WOULD LIKE TO TRAVEL MAJOR AIRPORT NEAREST YOUR HOME AIRLINE: (CHECK ONE) NON- SMOKING SPECIAL DIETARY REQUIREMENTS ANY ADDITIONAL INFORMATION YOU WOULD LIKE TO PROVIDE",0.24248496993987975,0.4,0.9178082191780822,0.8375,0.8758169934640524,0.7790697674418605,484,499,73,80,Character substitutions,Character substitutions | Layout issues,ok,
85240939,C:\Users\Yug\Documents\Internship\pdf-extraction-benchmark\datasets\FUNSD\images\85240939.png,C:\Users\Yug\Documents\Internship\pdf-extraction-benchmark\datasets\FUNSD\annotations\85240939.json,"THETOBACCO INSTITUTI SHERATON-CARLTON FIPTH ANNUAL HOTEL FEBRUAR WASHINGTON.DC COLLEOE OF TOBACCO KNOWLEDGE REGISTRATION FORM NAME: GEORGBR TELFORD TITLE: Brand Manager COMPANY:Lorillard 10019 PHONE: 212841-8787 CHECKONE: Please reserve a room for me at the Sheraton-Carlt XI willmake my own housing arrangements. ARRIVAL DATE AND TIME:2/18/80 700P.M. DEPARTURE DATE AND TIME:2/21/80 400P.M Please attach a brief (50 words or so) autobiographical sketch. Note your first,name or nickname, your current professional re sponsibilities,.employment background and whatever personal.in- formation you feel would be helpful in giving your fellow students. ... an idea of your activities and interests. The sketches will be assembled and provided at the opening class session. Any questions? Call Connie Drath or Carol Musgrave at 800/424-9876 PLEASE RETURN IN SELF-ADDRESSED ENVELOPE BY PRIDAYJANUARY 18, 19","NAME: TITLE: COMPANY: ADDRESS: PHONE: Lorillard SHERATON- CARLTON HOTEL WASHINGTON, D. C. THE TOBACCO INSTITUTE FIFTH ANNUAL COLLEGE TOBACCO KNOWLEDGE REGISTRATION FORM FEBRUARY 19-21 1980 GEORGE R. TELFORD Brand Manager 666 Fifth Avenue, New York, NY 10019 (212) 841- 8787 CHECK ONE: Please reserve a room for me at the Sheraton- Carlton X I will my own housing arrangements. ARRIVAL DATE AND TIME: 2/18/80 7:00 P. M. DEPARTURE DATE AND TIME: 2/21/80 4:00 P. M. Please attach a brief (50 words or so) autobiographical sketch. Note your first name or nickname, your current professional re- sponsibilities, employment background and whatever personal in- formation you feel would be helpful in giving your fellow students an idea of your activities and interests. The sketches will be assembled and provided at the opening class session. Any questions? Call Connie Drath or Carol Musgrave at 800/424- 9876. **PLEASE RETURN IN SELF- ADDRESSED ENVELOPE BY FRIDAY, JANUARY 18, 1980**",0.1989795918367347,0.42857142857142855,0.7580645161290323,0.6103896103896104,0.6762589928057554,0.5108695652173914,901,980,124,154,Numeric errors,Numeric errors | Table-related errors,ok,
85540866,C:\Users\Yug\Documents\Internship\pdf-extraction-benchmark\datasets\FUNSD\images\85540866.png,C:\Users\Yug\Documents\Internship\pdf-extraction-benchmark\datasets\FUNSD\annotations\85540866.json,MEDIA CONTACT SHEET (Publication or station) (Location/address) (Name) (Position) (Date) (Phone number) Reason for Contact Questions/Responses 85540866 Additional Comments Inquiry handled by: (Name),(Name) (Date) (Position) (Name) 85540866 MEDIA CONTACT SHEET (Publication or station) Reason for Contact Questions/ Responses Additional Comments Inquiry handled by: (Location address) (Phone number),0.6130653266331658,0.68,0.9130434782608695,0.84,0.8749999999999999,0.7777777777777778,198,199,23,25,Character substitutions,Character substitutions | Layout issues,ok,
85629964,C:\Users\Yug\Documents\Internship\pdf-extraction-benchmark\datasets\FUNSD\images\85629964.png,C:\Users\Yug\Documents\Internship\pdf-extraction-benchmark\datasets\FUNSD\annotations\85629964.json,( CIGARETTE REPORT FORM YEAR: NO. PER PACK BRAND NAME: VAR.DESC (SEE EXPLANATION) VARIETY UNIT SALES: VARIETY DOLLAR SALES: CIG.LENGTH: FILTER LENGTH: FILTER TYPE: FLAVORING: OVERWRAP: PACK TYPE 1ST MANUFACT. DATE: 1ST SALES DATE: LAST SOLD DATE YEARLY SUMMARY: TAR: NICOTINE: CARBON MONO: ADVERTISING EXPENDITURES (SEE EXPLANATION) CAT-A-EXPENSES: CAT-B-EXPENSES: CAT-C-EXPENSES: CAT-D-EXPENSES: CAT-E-EXPENSES: CAT-F-EXPENSES: CAT-G-EXPENSES: CAT-H-EXPENSES: CAT-I-EXPENSES: CAT-J-EXPENSES: CAT-K-EXPENSES: CAT-L-EXPENSES: CAT-M-EXPENSES: CAT-N-EXPENSES: TOTAL ADVERTISING EXPENDITURES: 85629964,YEAR: OVERWRAP: NICOTINE: TAR: 85629964 CIGARETTE REPORT FORM BRAND NAME: NO. PER PACK VAR. DESC: (SEE EXPLANATION) VARIETY UNIT SALES: VARIETY DOLLAR SALES: CIG. LENGTH: FILTER LENGTH: FILTER TYPE: FLAVORING: PACK TYPE: LAST SOLD DATE: IST MANUFACT. DATE: YEARLY SUMMARY: IST SALES DATE: CARBON MONO: ADVERTISING EXPENDITURES (SEE EXPLANATION) CAT- A- EXPENSES: CAT- D- EXPENSES: CAT- G- EXPENSES: CAT- J- EXPENSES: CAT- M- EXPENSES: TOTAL ADVERTISING EXPENDITURES: CAT- B- EXPENSES: CAT- E- EXPENSES: CAT- H- EXPENSES: CAT- K- EXPENSES: CAT- N- EXPENSES: CAT- C- EXPENSES: CAT- F- EXPENSES: CAT- I- EXPENSES: CAT- L- EXPENSES:,0.32802547770700635,0.7021276595744681,0.676923076923077,0.46808510638297873,0.5534591194968554,0.3826086956521739,597,628,65,94,Missing text,Missing text | Table-related errors,ok,
86075409_5410,C:\Users\Yug\Documents\Internship\pdf-extraction-benchmark\datasets\FUNSD\images\86075409_5410.png,C:\Users\Yug\Documents\Internship\pdf-extraction-benchmark\datasets\FUNSD\annotations\86075409_5410.json,"From: Lynnette Stevens 01 Kelli Scruggs Vincent Losito Don Kisling George Baroody C.Ni Brand(s) Applicable Newport Parent. Lights.& 120's Media Type Direct Mail Media Name Competitive 21 - 34 years Issue Frequency/ Year +Space/Color Coupon Issue Date 4/14/00 Coupon Expiration Date 9/30/00 Circulation (#) APPROX. 600.000 AR.AZ.AK.CA,CO.FL.ID.IA,CT,ME.MASS.MN,MT,NE. Geographical Area(s) Tiers II & IV NV.NM.NY,ND.OK.OR.RI.SD.IFF.WA.D.C..WY Coupon Value $1.50OFF Pack and / or Carton? PACK Advertising Creative Titie Signature of Initiator Date Initiated Analytical Requirements: FOR CONTROL USE ONLY Code Assigned 05787 Job Number Est. Redemption 13% 86075409 Where Applicable","From: To: CC: Circulation(#) 86075409 Tiers II, & IV Lynnette Stevens Kelli Scruggs Vincent Losito George Baroody S. Tesh C. Hill Don Kisling Brand(s) Applicable Media Type Media Name Issue Frequency/ Year *Space/ Color Coupon Issue Date Coupon Expiration Date Geographical Area(s) Coupon Value Pack and/ or Carton? Advertising Creative Title. Signature of Initiator Date Initiated Analytical Requirements Newport Parent, Lights. & 120's Direct Mail Competitive 21- 34 years 4/ 14/ 00 9 /30 00 APPROX 600. 000 AR. AZ.A K CA CO FL ID IA. CT, ME, MASS, MN, MT, NE, NV, NM, NY ND, DK, OR, RL, SD, WA, DC, WY $1. 50 OFF PACK 21- Jan 00 FOR CONTROL USE ONLY Code Assigned Job Number Est. Redemption 05787 13% * Where Applicable",0.6814404432132964,0.808,0.7613636363636364,0.536,0.6291079812206574,0.4589041095890411,677,722,88,125,Missing text,Missing text | Numeric errors | Layout issues | Table-related errors,ok,
86079776_9777,C:\Users\Yug\Documents\Internship\pdf-extraction-benchmark\datasets\FUNSD\images\86079776_9777.png,C:\Users\Yug\Documents\Internship\pdf-extraction-benchmark\datasets\FUNSD\annotations\86079776_9777.json,"CREATIVE INPUT DOCUMENT SPECIFICS Date/Time: 10/30/981:46PM Client Name: Prepared By: Matter Number: Milestone Presentation Date: Project Title: Estimated Creative Budget: Est.Production Budget Concept: Execution: Media: OBIECTIVE Why are we advertising? What do we pian to achiove? Retationship-Buillding Retention Acquisition Loyalty Competitive Blocking Cross-Sell Up-Selli Lead Generation New Product/Package Intro. Direct Sale Awareness Change Image Perception Other TARGET To whom are we talking? Who is the primary targot? Is there a secondary targot? What is their relationship to the brand, and what do they currentiy think about it?. COMMUNICATIONPLATFORM What is the single most important message/idea we are trying to communicate? What is the unigue selling position that will help us achieve our advertising goal? Are thore any secondary messages? What is the key benefit to the target? What's in it for the reader? Is there an offer/call to action? What are we offering the target to persuade himher to act now? (A premium, sweopstakes, limited-time offer, free information, or somothing else?) What would we like our target to think? Whet would our target say after being exposed to our program? 86079776 c:\my documents\wp\sample cid.doc 1 of2 10/30/98 01:46 PM","SPECIFICS Execution: Media: OBJECTIVE TARGET COMMUNICATION PLATFORM 86079776 CREATIVE INPUT DOCUMENT Date/ Time: Prepared By: 10/30/98 1:46 PM Milestone Presentation Date: Estimated Creative Budget: Concept: Client Name: Matter Number: Project Title: Est. Production Budget: Why are we advertising? What do we plan to achieve? To whom are we talking? Who is the primary target? Is there a secondary target? What is their relationship to the brand what do they currently think about it? What is the single most important message/idea we are trying to communicate? What is the unique selling position that will help us achieve our advertising goal? Are there any secondary messages? What is the key benefit to the target? What's in it for the reader? Is there an offer/call to action? What are we offering the target to persuade him/her to act now? (A premium, sweepstakes, limited-time offer, free information, or something else? What would we like our target to think? What would our target say after being exposed to our program? c:\my documents\wp\sample cid. doc 1 of 2 10/30/98 01:46 PM ☐ Loyalty ☐ Lead Generation ☐ Trial ☐ Acquisition ☐ Up-Sell ☐ Awareness ☐ Retention ☐ Cross-Sell ☐ Direct Sale ☐ Other ☐ Change Image Perception ☐ New Product/Package Intro. ☐ Competitive Blocking ☐ Relationship-Building",0.4797864225781846,0.5,0.8677248677248677,0.780952380952381,0.8220551378446114,0.6978723404255319,1277,1311,189,210,Character substitutions,Character substitutions | Numeric errors | Layout issues | Table-related errors,ok,
86220490,C:\Users\Yug\Documents\Internship\pdf-extraction-benchmark\datasets\FUNSD\images\86220490.png,C:\Users\Yug\Documents\Internship\pdf-extraction-benchmark\datasets\FUNSD\annotations\86220490.json,"LORILLARD TOBACCO COMPANY Market Planning and Information Department To: Mike Mozina Firm: MSA FAX# Autodial From: Susan Smith FAX# 335-7733 Phone # 335-7150 Date: 8/31/98 #Pages: 3 including this cover page Mike, As promised,here are: -- Approval for Aws Quarterly Store Count Database to begin 3rd Quarter 1998 Table showing significant jump in Convenience Store market importance in 2nd Quarter 1998 86220490 Talk to you soon! Sue","To: Firm: FAX #: From: Date: MSA Autodial Mike, 8622042 LORILLARD TOBACCO COMPANY Market Planning and Information Department Mike Mozina Susan Smith 335- 7733 335- 7150 FAX #: Phone #: 8/ 31/ 98 3 (including this cover page) # Pages: - Approval for AWS Quarterly Store Count Database to begin 3rd Quarter 1998 - Table showing significant jump in Convenience Store market importance in 2nd Quarter 1998 Talk to you soon! As promised, here are:",0.4230769230769231,0.52,0.8059701492537313,0.72,0.7605633802816901,0.6136363636363636,433,442,67,75,Character substitutions,Character substitutions | Numeric errors | Table-related errors,ok,
86230203_0206,C:\Users\Yug\Documents\Internship\pdf-extraction-benchmark\datasets\FUNSD\images\86230203_0206.png,C:\Users\Yug\Documents\Internship\pdf-extraction-benchmark\datasets\FUNSD\annotations\86230203_0206.json,12/12/96 08:33 5047348616 LORILLARD TOB +NYO1 001/004 SUBMISSIONDATE TO: K.A.Sperrow DEC13X FE824 FROM: F.Strickland JAN 25 APR 4 SUBJECT: MAVERICK SPECIALS -PROGRESS REPORT GEOGRAPHY REGION: FULL X PARTIAL (ONLY IF PARTIAL REGION CONTINUE WITH DIVISION(S) SCOPE) DIVISION: FULL PARTIAL DIVISION NAME: DIVISION NAME: #REPS DIVISION NAME: DIVISION NAME: #REPS DIVISION NAME: DIVISION NAME: .#REPS DISTRIBUTION DIRECT ACCOUNTS AND CHAINS HEADQUARTERED WITHIN THE REGION 15+ STORES STOCKING NO MAVEAICK SPECIALS NO.OF NOOF. NAME OF ACCOUNT STORES NAME OF ACCOUNT STORES 180 Sayle Oil 20 K&B 130 Dantzler 19 Delchamps Winn Dixie 85 Southeast Foods 18 39 Compac Foods 18 Schwegmann 36 Bayou Foods 17 Autry Greer 36 Econ 16 Double Quick 80 Litco 23 2 23 30203 Huber Oil 22 Morris Corp 3 MAVPROG Pago10f4 11-Dec-96,TO: FROM: SUBJECT: X GEOGRAPHY REGION: DIVISION: FULL PARTIAL x FULL PARTIAL DISTRIBUTION Seyle Dantzlen Econ 180 130 20 19 18 18 17 16 K&B Delchamps Litco 85 39 36 36 23 23 22 86230203 Page 1 of 4 MAVPROG 11-Dec-96 12/12/96 08:33 204 7348616 LORILLARD TOB NYO 1 0001/ 004 K. A. Sparrow F. Strickland MAVERICK SPECIALS- PROGRESS REPORT SUBMISSION DATE DEC 13 JAN 25 FEB 24 APR 4 (ONLY IF PARTIAL REGION CONTINUE WITH DIVISION(S) SCOPE) DIVISION NAME: DIVISION NAME: DIVISION NAME: # REPS # REPS # REPS DIVISION: DIVISION NAME: DIVISION NAME: DIRECT ACCOUNTS AND CHAINS HEADQUARTERED WITHIN THE REGION (15+ STORES) STOCKING NO MAVERICK SPECIALS NAME OF ACCOUNT NO. OF STORES NAME OF ACCOUNT NO OF STORES Winn Dixie Schwegmann Aurry Greer Double Huber Oil Morris Corp Bayou Foods Compac Foods Southeast Foods,0.6935483870967742,0.9124087591240876,0.76,0.6934306569343066,0.7251908396946566,0.5688622754491018,807,806,125,137,Numeric errors,Numeric errors | Layout issues | Table-related errors,ok,
86236474_6476,C:\Users\Yug\Documents\Internship\pdf-extraction-benchmark\datasets\FUNSD\images\86236474_6476.png,C:\Users\Yug\Documents\Internship\pdf-extraction-benchmark\datasets\FUNSD\annotations\86236474_6476.json,"TO: Mrs.K.A.Sparrow SUBMISSION DATE: FROM: R.G.Ryan JUNE7 X AUG.2 OCT.7 NEWPORT LIGHTS HEAVY UP PROGRESS REPORT EFFECTIVENESS OF DISTRIBUTION ALLOWANCE: DIRECT ACCOUNT/WHOLESALERS: have purchased introductory products. DIRECTACCOUNT CHAINS Eagle Foods is the only Void. NON-DIRECT ACCOUNT CHAINS Reception from these accounts is most positive with a solid incentitive to purchase EFFECTIVENESS OF THE RETAIL 1.00OFF CARTON) DISTRIBUTION ALLOWANCE: Has been most helpful in acquiring desireable distribution when needed by Sales Reps PROMOTIONAL ACTIVITY 86236474 8 40c OFF PACK~ GENERAL MARKET: The 40c off promotions continue to be well received at the retail stores and by consumers, as well.","TO: FROM: 8623474 ☑ Mrs. K. A. Sparrow R. G. Ryan JUNE7 AUG.2 OCT.7 SUBMISSION DATE: NEWPORT LIGHTS HEAVY UP PROGRESS REPORT EFFECTIVENESS OF DISTRIBUTION ALLOWANCE: DIRECT ACCOUNT/ WHOLESALERS: Distribution allowance was very effective in accomplishing our objectives. All accounts have purchased introductory products. DIRECT ACCOUNT CHAINS: Eagle Foods is the only Void. NON- DIRECT ACCOUNT CHAINS: Reception from these accounts is most positive with a solid incentitive to purchase. EFFECTIVENESS OF THE RETAIL (1 00 OFF CARTON) DISTRIBUTION ALLOWANCE: Has been most helpful in acquiring desireable distribution when needed by Sales Reps. PROMOTIONAL ACTIVITY 40c OFF PACK- GENERAL MARKET: The 40c off promotions continue to be well received at the retail stores and by consumers, as well.",0.2080706179066835,0.3389830508474576,0.8571428571428571,0.711864406779661,0.7777777777777777,0.6363636363636364,694,793,98,118,Character substitutions,Character substitutions | Numeric errors,ok,
86244113,C:\Users\Yug\Documents\Internship\pdf-extraction-benchmark\datasets\FUNSD\images\86244113.png,C:\Users\Yug\Documents\Internship\pdf-extraction-benchmark\datasets\FUNSD\annotations\86244113.json,"DIVISION: DATES: ACCOUNT: INVENTORYFOR: {STATE} DIRECT ACCOUNT STATUS REPORT #OF CARTONS AVERAGE WEEKLY #OF WEEKS BRAND ON HAND MOVEMENT ON HAND STYLE LIGHT 100S STYLE LIGHTMENTHOL 100'S STYLE LIGHT BOX100'S STYLE MEN.LIGHT BOX100'S STYLE SLIM LIGHT 100'S STYLE SLIM MEN.LT.100S NOTE:REPORT STYLE INVENTORY ONLY. SUBMIT REPORT ONLY IF STYLE IS STILL ON HAND IN THIS ACCOUNT. CC:REGIONAL SALES MANAGER,ALL DIVISIONS SERVICED BY THIS ACCOUNT. 8 ACTION PLAN: STYLEREP","DIVISION: ACCOUNT: (STATE) DATES: BRAND NOTE: ACTION PLAN: CC: 8624113 STYLEREP INVENTORY FOR: DIRECT ACCOUNT STATUS REPORT # OF CARTONS ON HAND AVERAGE WEEKLY MOVEMENT # OF WEEKS ON HAND STYLE LIGHT 100'S STYLE LIGHT MENTHOL 100'S STYLE LIGHT BOX 100'S STYLE MEN. LIGHT BOX 100'S STYLE SLIM LIGHT 100's STYLE SLIM MEN. LT. 100's REPORT STYLE INVENTORY ONLY. SUBMIT REPORT ONLY IF STYLE IS STILL ON HAND IN THIS ACCOUNT. REGIONAL SALES MANAGER, ALL DIVISIONS SERVICED BY THIS ACCOUNT.",0.29338842975206614,0.525,0.7941176470588235,0.675,0.7297297297297296,0.574468085106383,464,484,68,80,Numeric errors,Numeric errors,ok,
86263525,C:\Users\Yug\Documents\Internship\pdf-extraction-benchmark\datasets\FUNSD\images\86263525.png,C:\Users\Yug\Documents\Internship\pdf-extraction-benchmark\datasets\FUNSD\annotations\86263525.json,RECORDS RETENTION SCHEDULE RECONCILIATION RECORDS MANAGEMENT DEPARTMENT -M/C DEPARTMENT NAME SCIENCE & TECHNOLOGY COST CENTER NUMBER 141 INDEX BINDERS CONSOLIDATED BY: N/A DATE INDEX BINDER RE-LABELED BY: Ma DATE 2/15/90 N/A DATE Wane Bauehan DATE 4/18/90 0 0 BOXES CREATED FOR HARD COPY PERMANENT RETENTION RECORDS BY: N/A DATE 2051119008 DATE 7/25/90,DATE DATE DATE DATE DATE DATE 141 N /A N /A 2051119008 RECORDS RETENTION SCHEDULE RECONCILIATION RECORDS MANAGEMENT DEPARTMENT - M /C DEPARTMENT NAME SCIENCE & TECHNOLOGY COST CENTER NUMBER INDEX BINDERS CONSOLIDATED BY: N /A INDEX BINDER RE- LABELED BY: Mallery 2 /15 /90 RETENTION & RECOMMENDATION FILE REORGANIZED AND RE- LABELED BY: RECORDS RETENTION SCHEDULE PLACED IN INDEX BINDER AND IN FILE BY: Wayne Boughan 4 /18 /90 BOXES CREATED FOR HARD COPY PERMANENT RETENTION RECORDS BY: RECORDS TRANSFER INVENTORY FORMS UPDATED BY: Wayne Baughan 7 /25 /90,0.46846846846846846,0.6666666666666666,0.75,0.43333333333333335,0.5492957746478874,0.3786407766990291,352,555,52,90,Missing text,Missing text | Numeric errors | Table-related errors,ok,
86328049_8050,C:\Users\Yug\Documents\Internship\pdf-extraction-benchmark\datasets\FUNSD\images\86328049_8050.png,C:\Users\Yug\Documents\Internship\pdf-extraction-benchmark\datasets\FUNSD\annotations\86328049_8050.json,Fob-24-9910:53 Fron-HUNTON W1LL 1426 T-122P.01/04F-066 TELECOPYINFORMATION HUNTON &WILLIAMS Riveriront Plaza 951 East Byrd Street Telecopier Nos. Richmond.Virginia 23219-4074 804)788-8218 (804)788-8200 804)788-8219 2nd Ftoar Telecopier (804)788-8669 TTo Name: Ken Forrest FAXNO 212-403-2211 Name: Tom Frederick FAXNO. 312-558-5700 Name: Tom Griffin FAX NO 617-523-1231 Name: Even Hurwite FAXNO 202-942-5999 Name: Barry Levin/Curt Caton FAX NO 415-772-6268 Name: Barbara Robbins FAXNO. 212-403-2033 Name: Greg Stane/Ron Olson FAXNO 213-687-3702 Name: Bill Allinder/Jeff Nelson FAXNO 816-421-2708 Name: Steve Krigbaum FAXNO 917-663-5593 Name: Tom Stoever FAXNO 303-832-0428 Name: Judy Bernstein-Gaeta FAXNO 202-942-5999 Name: Dal Burton FAXNO 404-581-8330 Name: Andy McGaan FAXNO 312-861-2200 Nama: James Wilson FAX NO 336-335-7707 Name: Eric Sarner/Doug Flemming Peter McKenna FAXNO 212-735-2000 Name: Thomas McKim FAXNO 336-741-0671 Name: D.Scott Wise FAXNO 212-450-4800 8 4 Pages (Including Cover) 9 328049 3 Original to follow in mailYes No 6,"TO: Name: Name: Name: Name: Name: Name: Name: Name: Name: Name: Name: Name: Name: 4 Yes No ☑ Name: Name: Name: Name: 1426 86328049 Feb-24-99 10:53 From- UNTON WILL T-122 P.01/04 F-066 TELECOPY INFORMATION HUNTON & WILLIAMS Riverfront Plaza 951 East Byrd Street Richmond, Virginia 23219 -4074 (804)788-8200 2nd Floor Telecopier Telecopier Nos. (804) 788- 8218 (804) 788- 8219 (804) 788- 8669 FAX NO: FAX NO: FAX NO.: FAX NO.: FAX NOc.: FAX NOv FAX NOv FAX NOv FAX NOv FAX NOv FAX NOv FAX NOv FAX NOv FAX NOv FAX NOv FAX NOv FAX NO.: Pages (Including Cover) Original to follow in mail: Ken Forrest 212- 403- 2211 Tom Frederick 312- 558- 5700 Tom Griffin 617- 523- 1231 Ever Hurwitz 202- 342- 5999 Barry Levin/ Curl Caton 415- 772- 6268 Barbara Robbins 212- 403- 2033 Greg Stone/Ron Olson 213- 687- 3702 Bill Allinder/Jeff Nelson 816- 421- 2708 Steve Krigbaum 917- 663- 5593 Tom Stoever 303- 832- 0428 Judy Bernstein- Gaeta 202- 942- 5999 Dal Burton 404- 581- 8330 Andy McGaan 312- 861- 2200 James Wilson 336- 335- 7707 Eric Sarner/ Doug Flemming/ Peter Mckenna 212- 735- 2000 Thomas McKim 336- 741- 0671 D. Scott Wise 212- 450- 4800",0.6424778761061947,0.8844221105527639,0.5259259259259259,0.35678391959798994,0.4251497005988024,0.26996197718631176,1044,1130,135,199,Missing text,Missing text | Numeric errors | Table-related errors,ok,
87086073,C:\Users\Yug\Documents\Internship\pdf-extraction-benchmark\datasets\FUNSD\images\87086073.png,C:\Users\Yug\Documents\Internship\pdf-extraction-benchmark\datasets\FUNSD\annotations\87086073.json,"DECISION TREE ESTIMATION OF TOXIC RISK J.D.Ergle and R.F.Dufresne August 14,1990 COMPOUND NAME Vanitrope STRUCTURE HO ESTAATEOTOXCITYCLASS LORILLARD COMPOUND COOE NUMBER III B134 COMMENTS This ethoxy substituted aromatic falls into class III. J.D.Eg Research Chemist R.F.Dufresne Research Chemist 87086073 5","DATE STRUCTURE COMMENTS J. D. Engle R. F. Dufresne Vanitrope III B134 87086073 DECISION TREE ESTIMATION OF TOXIC RISK J. D. Ergle and R. F. Dufresne August 14, 1990 COMPOUND NAME CH3CH2O OH ESTIMATED TOXICITY CLASS LORILLARO COMPOUND CODE NUMBER This ethoxy substitued aromatic falls into class III. Research Chemist Research Chemist LORILLARD RESEARCH CENTER FORM",0.4945054945054945,0.6785714285714286,0.75,0.5357142857142857,0.6250000000000001,0.45454545454545453,307,364,40,56,Missing text,Missing text | Numeric errors,ok,
87093315_87093318,C:\Users\Yug\Documents\Internship\pdf-extraction-benchmark\datasets\FUNSD\images\87093315_87093318.png,C:\Users\Yug\Documents\Internship\pdf-extraction-benchmark\datasets\FUNSD\annotations\87093315_87093318.json,"Date:3/14/90 90-B-1 Sample No.1194-90 Type of Cigarette 100 mm Filter Batch Size 47.5 lbs. Original Request Made By J.H. Bell on 2/15/90 Purpose of Sample Cigarette Modification B-451 Sample Specifications Written By C.w. Lassiter BLEND CASING RECASING FINAL FLAVOR MENTHOL Attached None Attached NUme None Cigarettes Filters Maker MK 8 Section A Section B Length 99.0 mm 27 mm mm Filter Length 27 mm Kind 3.3/35,000 Circumference 24.8 mm OG Lt. Weight 78.0g/100 Rod Length 108 m Paper 81-01-07 Pressure Drop 400 mm Tip.Paper 25-04-07 Circumference 24.45 m 67 nm White Weight 75.3g/100 Tip. Paper Por. 430 Plast. 78Kent Glue Roller G Plug Wrap 84-52-28 Air Dilution 13.0 Plug Wrap Por. 655 C Comb.Wrap Camb.Wrap Por. Responsibility Labels White Tobacco Blend Lassiter/Douglas Closures Blue Filter Production MFG. Teaeape White Making & Packing James Cartons White Shipping Markings Sanple No. on Sample Requistion James each Carton Form022006 Requirements Laboratory Analysis: Laboratory 1 Tray Mainstream Smoke Analysis Mi Other Special Requirements 87093315","Date: on BLEND CASTING RECASING MENIHOL Filters Cigarettes Maker Length Circumference Weight Paper Kind Circumference Weight Plast. 3/14/90 Attached None Attached None None mm 430 G White Blue White White James James MFG. Wrapping Responsibility Closures Labels Cartons Markings Shipping Requirements Laboratory Analysis: 87093315 90- B- 1 1194- 90 100 mm Filter 47.5 lbs. Original Request Made By J. H. Bell 2/15/90 Purpose of Sample Cigarette Modification B- 451 Sample Specifications Written By C. W. Lassiter FINAL FLAVOR MK 8 99.0 mm 27 mm 24.8 mm 78.0 g / 100 81- 01- 07 25- 04- 07 67 mm White Sample No. Type of Cigarette Batch Size Filter Length Tip. Paper Tip. Paper Por. Glue Roller Air Dilution 13.0 % Section A Section B 27 mm 3.3/ 35,000 OG Lt. 108 mm 400 mm 24.45 mm 75.3 30g / 100 7 % Kent 84- 52- 28 655 Rod Length Pressure Drop Plug Wrap Plug Wrap Por. Comb. Wrap Comb. Wrap Por. Tobacco Blend Filter Production Making & Packing Sample Requistion (Form 02: 20: 06) Lassiter/ Douglas Tear Tape Sample No. on each Carton Laboratory Other 1 Tray Mainstream Smoke Analysis Special Requirements Director, Product Development",0.7561619718309859,0.8608247422680413,0.825,0.6804123711340206,0.7457627118644068,0.5945945945945946,1059,1136,160,194,Numeric errors,Numeric errors | Layout issues | Table-related errors,ok,
87125460,C:\Users\Yug\Documents\Internship\pdf-extraction-benchmark\datasets\FUNSD\images\87125460.png,C:\Users\Yug\Documents\Internship\pdf-extraction-benchmark\datasets\FUNSD\annotations\87125460.json,"PINAL REPORT AMENDMENT STUDy NAME Induction of lepatic Enzynes in Rats B202 STUDY NUMBERI-7016.401 INITIATION DATEOctober 27,1986 DATE OF FINAL REPORT February 261987 PART OF FINAL REPORT TO BE AMENDED (EXACT LOCATION) Page 14 and Table 4 REASON FOR THE AMENDMENT Request from sponsor AMENDMENT (Attach additional sheets as necessary) see attached APPROVALS 87125460 8/7/87 DATE QIRECTOR t8|h/g0 DATE QUALITY ASSURANCE","87125460 APPROVALS DATE DATE STUDY DIRECTOR FINAL REPORT AMENDMENT STUDY NAME Induction of Hepatic Enzymes in rats (B202) STUDY NUMBER I- 7016. 401 INITIATION DATE October 27, 1986 DATE OF FINAL REPORT February 26, 1987 PART OF FINAL REPORT TO BE AMENDED (EXACT LOCATION) Page 14 and Table 4 REASON FOR THE AMENDMENT Request from sponsor AMENDMENT (Attach additional sheets as necessary) see attached 8/ 7/ 87 08/ 14/ 87 QUALITY ASSURANCE",0.228310502283105,0.4027777777777778,0.7868852459016393,0.6666666666666666,0.7218045112781954,0.5647058823529412,418,438,61,72,Numeric errors,Numeric errors | Table-related errors,ok,
87137840,C:\Users\Yug\Documents\Internship\pdf-extraction-benchmark\datasets\FUNSD\images\87137840.png,C:\Users\Yug\Documents\Internship\pdf-extraction-benchmark\datasets\FUNSD\annotations\87137840.json,TEST.ARMCIE RECEIP TA# TO7281A SPONSOR'SNAME: Lorllard TESTARTICIEIDENTTFICATION:B220 Lor12590 CONDNOFSHGOERA SHIPPEDVIA: Drect NO.OF.CNTAINERS ROSSWEIGHT NETWrGr1f provided100 EXPIRATINDATEot.roVded SPECIAL HANDLING REOUIREMENIS: Storerefrigerated in dark DATE: 3/01/90 RECEVEDBY STUDYDIRECTUR/DEPARIMENT: Ray-Davie SIGATURE-OF DEPARIMENT CNSIQ DATE: 3 87137840,DATE: DATES: BROKEN LEAKED GOOD T07281A Lorillard 012590 One B220 87137840 TEST ARTICLE RECEIPT TA #: SPONSOR'S NAME: TEST ARTICLE IDENTIFICATION: LOT #: CONDITION OF SHIPMENT: SHIPPED VIA Direct Exress Clear brown liquid PHYSICAL DESCRIPTION: NO. OF CONTAINERS: GROSS WEIGHT Not provided NET WEIGHT (if provided): 100 g Not provided EXPIRATION DATE: SPECIAL HANDLING REQUIREMENTS: Store refrigerated in dark. RECEIVED BY: 03 /01 /90 STUDY DIRECTOR /DEPARTMENT Ray David SIGATURE OF DEPARTMENT CONSIGNEE: 03 /02 /90,0.5398058252427185,0.9605263157894737,0.18181818181818182,0.07894736842105263,0.11009174311926608,0.05825242718446602,362,515,33,76,Missing text,Missing text | Numeric errors | Table-related errors,ok,
87147607,C:\Users\Yug\Documents\Internship\pdf-extraction-benchmark\datasets\FUNSD\images\87147607.png,C:\Users\Yug\Documents\Internship\pdf-extraction-benchmark\datasets\FUNSD\annotations\87147607.json,"PURCHASING PURCHASE REQUISITION P.O.1534REV.10/79 DATE STATIONARY PLEASE INCLUDE ONLY ONE TYPE OF MATERIAL ON THIS REQUISITION LT-10-79 April 19, 1988 VENDOR Piedmont Research FOR PURCHASING DEPARTMENT USE ONLY Laboratory 2748 Patterson Ave., Greensboro,NC ORDER NO. 27407 NET 15 N/A N/A Prev. or Recommended Supptier TERMS F.O.B. VIA SHIPTO (OEPT.BRANCH) Lorillard Research Center N.A. Thaggard DATE WANTEO As required 420 English St., Greensboro,NC 27405 QUANTITY CODE DESCRIPTION UNIT PRICE This is your autho:ization to prepare cigarette smoke conensate according the protocol ""Standard Operating Procedure fpr the Preparation of Smoke Condensate for Mouse Skin Bioassay, for the period April 1,1988 through December 31 1988. Condensate will be prepared acqording to a time schedule provided by Lorillard. The fixed price for condensate collection will be at a rate o $1,750/10,0q0 cigarettes smoked. Piedmont will pay the cpst of consumable supplies. This work is to be conducted in accordance with the Dedember 10, l984 formal agreement between Piedmont Reseach Laboratories and Lorillard. All work is to be coordinate with our Mr. Neil Thaggard (919) 373-6628. FOLLOW UP DATE REQUISITION NO. ISSUED BY BUDGET NO. ACCT.NO. DEPT.NO. APPROVED BY 4111 8700 Hf.Minemeypr 87147607","VENDOR TERMS CODE DESCRIPTION QUANTITY DEPARTMENT USE ONLY NC DATE Prev. UNIT PRICE 4111 8700 87147607 FOR PURCHASING ☐ PURCHASING ☐ STATIONARY PURCHASE REQUISITION PLEASE INCLUDE ONLY ONE TYPE OF MATERIAL ON THIS REQUISITION P. O. 1534 LT-1979 April 19, 1988 Piedmont Research Laboratory 2748 Patterson Ave., Greensboro, ORDER NO or Recommended Supplier Lorillard Research Center N. A. Thaggard As required DATE WANTED SHIP TO (DEPT BRANCH) 27407 NET 15 F. O. B. N/A VIA N/A 420 English St., Greensboro, NC 27405 This is your authorization to prepare cigarette smoke condensate according to the protocol ""Standard Operating Procedure før the Preparation of Smoke Condensate for Mouse Skin Bioassay,"" for the period April 1, 1988 through December 31, 1988. Condensate will be prepared acording to a time schedule provided by Lorillard. The fixed price for condensate collection will be at a rate of $1, 750/10, 000 cigarettes smoked. Piedmont will pay the cost of consumable supplies. This work is to be conducted in accordance with the December 10, 1984 formal agreement between Piedmont Reseach Laboratories and Lorillard. All work is to be coordinated with our Mr. Neil Thaggard (919) 373-6628 FOLLOW UP DATE BUDGET NO. REQUISITION NO. ISSUED BY APPROVED BY DEPT. NO. ACCT. NO.",0.3421875,0.46568627450980393,0.8563829787234043,0.7892156862745098,0.8214285714285713,0.696969696969697,1281,1280,188,204,Character substitutions,Character substitutions | Numeric errors | Layout issues | Table-related errors,ok,
87332450,C:\Users\Yug\Documents\Internship\pdf-extraction-benchmark\datasets\FUNSD\images\87332450.png,C:\Users\Yug\Documents\Internship\pdf-extraction-benchmark\datasets\FUNSD\annotations\87332450.json,"47th TCRC REGISTRATION FORM Please type or prinu Name: ne Ris Middle Institution: Address: Street P.O.Box Cy Stale ZIP Code Country Telephone: FAX # Name of guest: Conzinenstal Brealfast on Tuesday Breakfast on Wednesday Fall Foliage Tour on Tuesday Craftsman Village Tour on Wednesday Advance Registration Fee:(prior to September 1) $135.00 Late Registration Fee: (after September 1) $150.00 Extra banguet tickets @$40.00 Ground Transportation (round trip) $30.00 TOTAL Please complete this portion if you need transportation from and to the Knoxville Airport. No.in Party DATE TIMR CARRIER FLIGHT # Arrival : Departure: Send this registrarion form, along with payment to the address noted below. Enclose a check 87332450 or international money order payable in U.S.funds to the University of Tennessee -47th TCRC Mail to: Dr.Phil P.Hunter U.T. Tobacco Experiment Station Telephone:(615)638-6532 Route 5Box 113 FAX:(615)638-6458 Greeneville,TN 37743","Name: First Title Middle Last Institution: Street City State ZIP Code Country Telephone: TOTAL DATE TIME Arrival: Departure: CARRIER 87332450 Telephone: FAX: Address: 47th TCRC REGISTRATION FORM Please type or print FAX #: P.O. Box# Name of guest: Continental Breakfast on Tuesday Fall Foliage Tour on Tuesday Breakfast on Wednesday Craftsman Village Tour Wednesday Advance Registration Fee: (prior to September 1) after September Late Registration Fee $135 00 $150 00 $ 30. 00 Ground Transportation (round trip) Extra banquet tickets tickets $40. 00 Please complete this portion if you need transportation from and to the Knoxville Airport. No. in Party: FLIGHT # Send this registration form, along with payment to the address noted below. Enclose a check or international money order payable in U. S. funds to the University of Tennessee - 47th TCRC Mail to: Dr. Phil P. Hunter U. T. Tobacco Experiment Station Route 5 Box 113 Greeneville, TN 37743 (615) ) 638- 5532 (615) ) 638- 6458",0.4513184584178499,0.59375,0.7591240875912408,0.65,0.7003367003367004,0.538860103626943,950,986,137,160,Numeric errors,Numeric errors,ok,
87428306,C:\Users\Yug\Documents\Internship\pdf-extraction-benchmark\datasets\FUNSD\images\87428306.png,C:\Users\Yug\Documents\Internship\pdf-extraction-benchmark\datasets\FUNSD\annotations\87428306.json,"COMPOUND PHYSICAL PARAMETERS RC FILENUMBER LOT NUMBER A221 A crystalline solid at room temperature which melts at >56c SCALSTAT The pH of a 50s concentration of A221 in water was theoretically dioxane according to the extrapolation procedures of Dr. P. D. Schickedantz,Lorillard Accession Number 1662. Reference45-10-1. SPECFICGRAVITY. Not Determined. SOLUBLITY MUTAGENCITY SOLVENTS A221 is soluble in EtOh at 0.2 g/mL, with stirring, at room temperature. Reference BC30-88. A221 forms a solution in corn oil at 0.5 g/0.5 mL, with stirring at room temperature. Reference BC30-88. A221 forms a solution in corn oil at 0.5 g/0.5mL, with stirring at room temperature. Reference BC30-88. ACUTE CAROOVASCULAR A221 is insoluble for this procedure. Reference BC30-88. AENCATIONS 87428306 Refrigerate in an amber glass bottle at no more than 8c. POUND SENSITVE TO A AT MOISTURE OTHER SAFETY COMMENTS (SUGGESTEOHANOLING PROCEOURE linlith.CcssA-13 ovnou 28, 1990","pH SOLUBILITY ORAL A221 SIGNATURE CENTER RESEARCH LORILLARD 87428306 DATE COMPOUND PHYSICAL PARAMETERS LRC FILE NUMBER LOT NUMBER PHYSICAL STATE A crystalline solid at room temperature which melts at > 56 C. The pH of a 50 % concentration of A221 in water was theoretically calculated to be 7.26 at 22 C from a 0.5 % solution in 79.5 % aqueous dioxane according to the extrapolation procedures of Dr. P. D. Schickedantz, Lozillard Accession Number 1662. Referenced 45- 10- 1. SPECIFIC GRAVITY Not Determined. MUTAGENICITY SOLVENTS A221 is soluble EtOH at 0.2 g/ ml, with stirring, at room temperature. Reference BC30- 88. A221 forms a solution in corn oil at 0.5 g/ 0.5 mL, with stirring at room temperature. Reference BC30- 8888. A221 forms a solution in corn oil at 0.5 g/ 0.5 mL, with stirring at room temperature. Reference BC30- 88. ACUTE CARDIOVASCULAR A221 is insoluble for this procedure. Reference BC30- 38 STORAGE RECOMMENDATIONS Refrigerate in an amber glass bottle at no more than 8 C. COMPOUND SENSITIVE TO ☐ AIR ☐ HEAT ☐ MOISTURE ☐ OTHER SAFETY COMMENTS (SUGGESTED HANDLING PROCEDURE: A - 13 FORM",0.25225225225225223,0.44385026737967914,0.7857142857142857,0.5882352941176471,0.672782874617737,0.5069124423963134,952,1110,140,187,Missing text,Missing text | Numeric errors | Table-related errors,ok,
87528321,C:\Users\Yug\Documents\Internship\pdf-extraction-benchmark\datasets\FUNSD\images\87528321.png,C:\Users\Yug\Documents\Internship\pdf-extraction-benchmark\datasets\FUNSD\annotations\87528321.json,"RJRT REQUEST FOR CEANGE F-1001 7/88 RFC 880029 ORIGINATOR Name: Dan Straka Date Prepared Page Date 8-17-88 1_of1 8-17-88 Position Telephone No. Received By D. Marsh 5398 Department Name and Location Change Order Number 611-13_3rd_Floor 86059 Brand/Assembly/Material Affected Glass Mat and Slit Glass Mat Typo of Change Addition Design Spec Change Emergency Deletion Compatibity Cost Reduction Urgent X Change Manufacturability X Other X Routine Description of Problem The current specifications for glass mat and slit glass mat can be made more accurate and complete with the following changes: Glass Mat: Delete C-glass from item description. Change glass softening point to 756 +/-10 degrees from 750. Change rolls per pallet to 2 from 1. Slit Glass Mat: Delete C-glass from item description. Change bobbins per stack to 47 from 45. Add outside diameter specs of 30.0,26.0-31.0 inches. Proposed Solution Change the current Mss specifications as outlined above. 514843791 Signature Title Date Accepted for Investigation Final Disposition pppoxrey Rejected DATE 88-l1-8 Action Taken or Reason for Rejection ROOUCT REYI IEW COMMITTEE KA Proposed Effective Date: PRODUCT AGEEPTANCE COMMITTEE 8814 Dr9//88 918/68","RJRT Position Change of Type Addition Deletion Change Mat Affected Glass Brand/ Assembly/ Material Slit and Mat Glass Design Compatibity Manufacturability Other Emergency Urgent Routine Page Date Change Order Number 8410059 8-17-88 5398 880029 RFC X X X 51484 3791 Date DATE HOLDER SPEC Title Signature Approved Rejected COMMITTEE REVIEW PRODUCT COMMITTEE ACCEPTANCE PRODUCT 8-17-88 KA 9/8/88 REQUEST FOR CHANGE F- 1001 7/ 88 ORIGINATOR Name: Dan Straka Date Prepared 1 of 1 B-17-88 D. Marsh Received By Telephone No Department Name and Location 611- 13 3rd Floor Description of Problem Spec Change Cost Reduction The current specifications for glass mat and slit glass mat can be made more accurate and complete with the following changes: Glass Mat: slit Glass Mat: Delete C- glass from Iten description. Change glass softening point to 756 + / - 10 degrees from 750. Change rolls per pallet to 2 from 1. Delete C- glass from item description Change bobbins per stack to 47 from 45. Add outside diameter specs of 30.0, 26.0 - 31.0 inches. Proposed Solution Change the current MSS specifications as outlined above. Accepted for Investigation Final Disposition Action Taken or Reason for Rejection Proposed Effective Date habanisy Dhes",0.5352226720647774,0.6515151515151515,0.8435754189944135,0.7626262626262627,0.8010610079575597,0.668141592920354,1209,1235,179,198,Character substitutions,Character substitutions | Numeric errors | Layout issues | Table-related errors,ok,
87528380,C:\Users\Yug\Documents\Internship\pdf-extraction-benchmark\datasets\FUNSD\images\87528380.png,C:\Users\Yug\Documents\Internship\pdf-extraction-benchmark\datasets\FUNSD\annotations\87528380.json,"S 10675 STOUT InDUSTRIES,InC. 6425W.FLORISSANTAVE.ST.LUIS,MO63136314385-2280 PROPOSAL Lorillard Corporation FOR Metal ""Pack""Plaque TO ADDRESS 666 Fifth Avenue DATE. October 161987 CITY New York STATE New York 10103 Mr.A.D. Steinberg Attn: Mr. Robert Kennedy It is our pleasure to propose the following ITEM: Harley Davidson Metal Plaque SIZE: 1723 MATERIALSTEEL.i ALLUMINUM OTHER GAUGE .025 COLORs.Transparent gold, opaque black, white and orange BASE COLOR, Aluminum SINGLE FACE DOUBLE FACE HOLES:YESX NO NUMBER OF_ CORNERSROUND SQUARE ANGLE CUT TO SHAPE [ EDGES:HEMMED CURLED EMBOSSED BEADED BORDER STAMP FRAME RIGHT ANGLE BEND BACKFRAME PACKING: PER CARTON 10 PERCRATE PER BUNDLE OTHER: Price is based on reproduction of customer supplied ""Pack box. Tooling: Form die, brass emboss die to achieve detail on eagle. QUANTITIES: 500 Plaques One time tooling 0 $3,015.00 Steel tips $1,045.00 PRICE: $9.18 each BILLING: BILL AS MANUFACTURE BILL AS SHIP FOR.6MOS. 12MOS WAREHOUSING: SHIP IMMEDIATELY. 6MOS.WHSE. 12 MOS.WHSE DROPSHIPPING PER SHIPMENT. 0 CONDITIONS: PRICES QUOTED HEREIN ARE BASED ON CURRENT COSTS AND ARE FOR IMMEDIAIE ACCEPTANCE These prices-will be updated periodically, from date of order, to reflect changes in material and labor costs. Prices and terms quoted hcrein are not subject to verbal changes unless confirmed in writing by the homc office of this company in ST. t.OUIs. MO: All contracts for dclivery. are contingcnt upon fires, strikes or othier causes beyond our control. Purchaser agrees to accept overrun.or underrun-to-the extent of 10c; of the quantity ordered. Any taxes or governmental charges wtich-the selier may: be required to: pay or coilect upon thc production, sale; storag. or delivery, under any existing or future law shall bc for the account of the buyer who shall promptly pay the amount hereof tothe sellr upon demand. F.O.B. SJ.. LOU IS. M1SSOU R1. Shipments via truck shippedifreight collect. 87528380 A 15; service charge will be added/to freighit costs for all prepaid shipments involving 5 or more picces TERMSNET10 DAYS STOUT A service charge of 1%% per month will be appliedlto all unpaid balances over 30 days. DUSTRIES,INC","10675 PROPOSAL FOR DATE TO ADDRESS CITY STATE Attn: ITEM: MATERIAL: ALUMINUM SIZE: GAUGE COLORS: HOLES: YES EMBOSSED SQUARE CORNERS: EDGES: PACKING: OTHER: ☑ Aluminum ☑ 4 ☑ ☑ ☑ Tooling: QUANTITIES: PRICE: BILLING: WAREHOUSING: ☑ ☑ 87528380 CONDITIONS: 4050 TOTAL 8650 S ☑ 10 STOUT INDUSTRIES, INC. 6425 W. FLORISSANT AVE. ST. LOUIS MO 63136 . (314) 385- 2280 Lorillard Corporation 666 Fifth Avenue New York New York 10103 Metal ""Pack"" Plaque October 16, 1987 Mr. A. D. Steinberg YOUR REPRESENTATIVE It is our pleasure to propose the following: Mr. Robert Kennedy Harley Davidson Metal Plaque 171/4 x 231/2 "" .025"" STEEL ☐ OTHER ☐ Transparent gold, opaque black, white and orange BASE COLOR SINGLE FACE DOUBLE FACE ☐ NO ☐ NUMBER OF ROUND ☐ ANGLE ☐ CUT TO SHAPE ☐ HEMMED ☐ STAMP FRAME BEADED BORDER ☐ BACK FRAME ☐ RIGHT ANGLE BEND ☐ CURLED ☐ PER CARTON PER CRATE PER BUNDLE Price is based on reproduction of customer supplied ""Pack"" box. Form die, brass emboss die to achieve detail on eagle. 500 Plaques $ 9.18 each One time tooling Steel tips @ $ 3,015.00 $ 1,045.00 BILL AS MANUFACTURE ☐ BILL AS SHIP FOR. ☐ 6 MOS. ☐ 12 MOS SHIP IMMEDIATELY ☐ 6 MOS. WHSE. ☐ 12 MOS. WHSE PER SHIPMENT DROP SHIPPING: TERMS - NET 10 DAYS A service charge of 11/2 per month will be applied to all unpaid balances over 30 days. STOUT INDUSTRIES INC, A 15 service charge will be added to reight costs for all prepaid shipments involving 5 or more pieces. PRICES QUOTED HEREIN ARE BASED ON CURRENT COSTS AND ARE FOR IMMEDIATE ACCEPTANCE *These prices will be updated periodically from date of order, to reflect changes in material and labor costs. Prices and terms quoted herein are not subject to verbal changes unless confirmed in writing by the home office of this company in S. T. LOUIS M. O. All contracts for delivers are contingent upon fires, strikes or other causes beyond our control. Purchaser agrees to accept overun or underrun to the extent of 10% of the quantity ordered. Any taxes or governmental changes which the seller may be required to pay or collect upon the production sale storage, or delivery under any existing or future law shall be for the account of the buyer who shall promptly pay the amount hereof to the seller upon F. O. B. S. T. LOUIS MISSOURI Shipments via truck shipped freight collect.",0.5180356366797044,0.6618004866180048,0.7673716012084593,0.6180048661800487,0.6846361185983829,0.5204918032786885,2179,2301,331,411,Numeric errors,Numeric errors | Layout issues | Table-related errors,ok,
87594142_87594144,C:\Users\Yug\Documents\Internship\pdf-extraction-benchmark\datasets\FUNSD\images\87594142_87594144.png,C:\Users\Yug\Documents\Internship\pdf-extraction-benchmark\datasets\FUNSD\annotations\87594142_87594144.json,"CENTER FOR INDOOR AIR RESEARCH 1099WINTERSON ROAD SUITE 280 LINTHICUMMD.21090 APPLICATION FOR (410) 684-3777 FAX (410) 684-3729 RESEARCH CONTRACT 1. PRINCIPAL INVESTIGATOR. NAME, TITLE, TELEPHONE # AND MAILING ADDRESS. B Associate Professor C- 410955-3515/955-0299 NAME TITLE TELEPHONE #/ FAX # (o)Environmental Health Sciences E Johns Hopkins University School of Hyg.& Pub.Hlth. DEPARTMENT INSTITUTION F 615 North Wolfe Street,Baltimore,Maryland G 21205 MAILING ADDRESS STATE/ZIP 2.PRoJEcrmE Mechanisms of Chronic Ozone Exposure: Role of Inflammation 3.KEY WORDS.PLEASE PROVIDE THREE (3) KEY WORDS WHICH WIIL BE USED AS REFERENCE HEADINGS.OzOneInflammatiOnMaSt Ce11 4. INSTITUTION. NAME AND ADDRESS OF INSTITUTION RESPONSIBLE AND ACCOUNTABLE FOR DISPOSITION OF FUNDS AWARDED ON THE BASIS OF THIS APPLICATION, AJohns Hopkins University INSTTUTION STREET ADDRESS cBaltimore DMaryland 21205 CITy STATE/ZIP (A) (B) 6.INCLUSIVE DATES AND TOTAL COSTS OF THIS SPECIFIC PROJECT RELATED TO EACH 12 MONTH PERIOD IF MORE THAN ONE YEAR IS REQUIRED TO COMPLETE PROJECT. SUMMARIZE FROM BUDGET PAGE, ITEM 12(J). IT MUST BE UNDERSTOOD THAT AWARDS FOR 2ND AND 3RD PERIODS ARE DEPENDENT ON CENTER APPROVAL, OF CONTINUATION APPLICATION. 01/01/94 INCLUSIVE DATE (A) 1ST 12 MONTH PERIOD B2ND 12 MONTH PERIOD IF REQUIRED 01/01/95 THRU12/31/95 s.212481 C)3RD 12 MONTH PERIOD IF REQUIRED 01/01/96 7. INSTITUTIONAL OFFICER. NAME, TTTLE AND TELEPHONE NUMSER OF INDIVIDUAL AUTHORIZED TO SIGN FOR THE INSTITUTON IDENTIFIED IN#4 ABOVEIT IS UNDERSTOOD THAT THE OFFICERINPLYING FOR CONTCT HAS READ AND FOUND ACCEPTABLE THE CENTERS MANAGEMENT OF RESEARCH CONTRACTS AND CONTRAT ADMINISTRATIONPOLICY. Assoc, Dean/for Research c- D E 5/q TELEPHONE SIGNTURFINSTTOALOFFICER DATE 8.PRELIMINARY STUDIES* (A) FEASIBILITY OF PROPOSED RESEARCH B) QUALIFICATIONS OF INVESTIGATOR 9. EXPERIMENTAL PLAN*. (A) DESIGN BMETHODS DINTERPRETATION OF RESULTS CANALYSIS OF DATA (E) TIMETABLE FOR THE INVESTIGATION FLITERATURE CITED 87594142 10.AVAILABLE FACILITIES AND RESOURCES 11.OTHER SUPPORT PRINCIPAL INVESTIGATOR IN THE UPPER RIGHT HAND CORNER AND PAGE NUMBER AT THE BOTTOM.CONSECUTIVELY NUMBER EACH ADDENDUM BEGINNING WITH PAGE 5.DO NOT INSERT PAGES BETWEEN PAGES 1 AND 6,E.G.,2A,2B.3A,ETC.INCLUDE NINE COPIES AND AN ORIGINAL.IF SENDING PHOTOGRAPHS, INCLUDE 2 ORIGINAL SETS. NOTE: EACH OF THE NINE COPIES MUST BE PLACED IN A BINDER PER MAILING INSTRUCTIONS.","ADDRESS Baltimore (A) (B) 21205 THRU THRU $ $ $ THRU 01/01/94 01/01/95 01/01/96 12/31/94 12/31/95 12/31/96 5/26/93 87594142 APPLICATION FOR RESEARCH CONTRACT CENTER FOR INDOOR AIR RESEARCH 1099 WINTERSON ROAD SUITE 280 LINTHICUM, MD. 21090 (410) 684-3777 FAX (410) 684-3729 1. PRINCIPAL INVESTIGATOR NAME, TITLE, TELEPHONE # AND MAILING ADDRESS. Steven R. Kleeberger, Ph. D. Associate Professor (410) 955-3515/955-0299 Johns Hopkins University, School of Hyg. & Pub. Hlth. Environmental Health Sciences 615 North Wolfe Street, Baltimore, Maryland 2. PROJECT TITLE Mechanisms of Chronic Ozone Exposure: Role of Inflammation 3. KEY WORDS PLEASE PROVIDE THREE (3) KEY WORDS WHICH WILL BE USED AS REFERENCE HEADINGS Ozone, Inflammation, Mast Cell 4. INSTITUTION NAME AND ADDRESS OF INSTITUTION RESPONSIBLE AND ACCOUNTABLE FOR OF AWARDED ON THE OF DISPOSITION FUNDS BASIS THIS APPLICATION. Johns Hopkins University 615 North Wolfe Street Maryland 21205 5. LOCATION LIST LOCATION WHERE RESEARCH WILL BE CONDUCTED IF OTHER THAN INSTITUTION IDENTIFIED IN #4 ABOVE. 6. INCLUSIVE DATES AND TOTAL COSTS OF THIS SPECIFIC PROJECT RELATED TO EACH 12 MONTH PERIOD IF MORE THAN ONE YEAR IS REQUIRED TO COMPLETE PROJECT. SUMMARIZE FROM BUDGET PAGE ITEM 12(s). IT MUST BE UNDERSTOOD THAT AWARDS FOR 2ND AND 3RD PERIODS ARE DEPENDENT ON CENTER APPROVAL OF CONTINUATION APPLICATION. (A) 1ST 12 MONTH PERIOD (B) 2ND 12 MONTH PERIOD IF REQUIRED (C) 3RD 12 MONTH PERIOD IF REQUIRED INCLUSIVE DATE 210, 910 212, 481 220, 416 TOTAL COST 7. INSTITUTIONAL OFFICER. NAME, TITLE AND TELEPHONE NUMBER OF INDIVIDUAL AUTHORIZED TO SIGN FOR THE INSTITUTION IDENTIFIED IN #4 ABOVE. IT IS UNDERSTOOD THAT THE OFFICER, IN APPLYING FOR A CONTACT. HAS READ AND FOUND ACCEPTABLE THE CENTER'S MANAGEMENT OF RESEARCH CONTRACTS AND CONTRACT ADMINISTRATION POLICY. Alan M. Goldberg, Ph. D. Assoc. Dean for Research (410) 955-9253 (A) NAME (C) TELEPHONE (D) SIGNATURE OF (B) TITLE (E) DATE (C) City (D) STATE/ZIP (a) STREET (A) INSTITUTION (F) MAILING (D) DEPARTMENT (A) NAME (a) TITLE (E) INSTITUTION (c) TELEPHONE (G) STATE/ZIP 8. PRELIMINARY STUDIES* QUALIFICATIONS OF INVESTIGATOR 9. EXPERIMENTAL PLAN* (A) METHODS DATA INTERPRETATION RESULTS INVESTIGATION LITERATURE CITED 10. AVAILABLE FACILITIES AND RESOURCES 11. OTHER SUPPORT * APPEND AS MUCH MATERIAL AS REQUIRED TYPE, SINGLE SPACE USE 8-1/2 x 11"" WHITE PAPER AND LABEL EACH SHEET WITH NAME THE PRINCIPAL NVESTIGATOR IN THE UPPER RIGHT HAND CORNER AND PAGE NUMBER AT THE BOTTOM. CONSECUTIVELY NUMBER EACH ADDENDUM BEGINNING WITH PAGES 5. DO NOT INSERT PACES BETWEEN PAGES 1 AND 6 E.G. 2A 2B 3A ETC. INCLUDE NINE COPIES AND AN ORIGINAL If SENDING PHOTOGRAPHS, INCLUDE 2 ORIGINAL SETS. NOTE: EACH OF THE NINE COPIES MUST BE PLACED IN BINDER PER MAILING INSTRUCTIONS.",0.3776978417266187,0.5491990846681922,0.7744807121661721,0.597254004576659,0.6744186046511628,0.5087719298245614,2412,2780,337,437,Numeric errors,Numeric errors | Table-related errors,ok,
89856243,C:\Users\Yug\Documents\Internship\pdf-extraction-benchmark\datasets\FUNSD\images\89856243.png,C:\Users\Yug\Documents\Internship\pdf-extraction-benchmark\datasets\FUNSD\annotations\89856243.json,"October171979 MARKRTTNG RESEARCH ROIYT AIPEVAI. To be filled out by Mnrking kenrhlrmn) PROJECT PRODUCT Triumph TILL Triumph Disaster Check Study..5546/1979 Research Design (N CellsElegibilityDesignKey Banner FreaksMethodolyCities) Contact respondents from Buffalo and Kansas City who had previously participated in a steak knife offer. This will consist of one cell of approximately 175 respondents who are Triumph most often smokers/triers. This study isintended to provide us with any negatives associated with Triumph. Banner points will include Triumph most often smokers (we anticipate approximately 25 most often people), switchers away from Triumph N approximately 45). It should be noted that an action standard of at least 50% be research limitations below for additional action standard. See attached memo Key Criteria For Analysis -Triumph switchers asked why no longer smoking Triumph -Present smokers of Triumph asked reasons for switching to Triumph Mentions. of ""harshness Research Limitations Due to sample size and experience we feel 25 respondents will presently be Triumph smokers. An action standard of 75% should be utilized for judgments on product negatives only among this group. If 75% of Triumph smokers mention ""harshness""we could consider it a problem. If 50-75% of Triumph smokers mention ""harshnesswe could consider it a possible problem look at other areas). If below.S0% of Triumph.smokers.mention.""harshness_we.could.consider it.not.a.problem, Cost. Estimate $2.250 eseareh Frm. _The.Data_Group..Inc +-10% Contingency yes. no Final Report Inc. yes no Ineidence Prepared by: Benso Length Int. 10 minutes Approved ly Open En R Marketing rector Topl i ne 2 wks from start of fld. Product Manag Final 4 wks from.start.of fld. Croup Product Manage 89856243","file PRODUCT Date Triumph yes yes no no Approved by: Incidence - 4 1 Topline Final 89856243 Marketing Research Director October 17, 1979 MARKETING RESEARCH RPROJECT APPROVAL (To be filled out by Marketing Research Department) PROJECT TITLE Triumph Disaster Check Study 5546/ 1979 Research Design (N, Cells, Elegibility, Design, Key Danner Breaks, Methodololy, Cities) Contact respondents from Buffalo and Kansas City who had previously participated in a steak knife offer This will consist of one cell of approximately 175 respondents who are Triumph most often smokers /triers This study is intended to provide us with any negatives associated with Triumph Banner points will include Triumph most often smokers (we anticipate approximately 25 most of ten people Switchers away from Triumph (N approximately 45). It should be noted that an action standard of at least 50% be obtained in acting upon any product negatives associated with these groups see research limitations below for additional action standard. (See attached memo Key Criteria for Analysis -Triumph switchers asked why no longer smoking Triumph -Present smokers of Triumph asked reasons for switching to Triumph -Mentions of ""harshness"" Research Limitations Due to sample size and experience we feel 25 respondents will presently be Triumph smokers. An action standard of 75% should be utilized for judgments on product negatives only among this group If 75% of Triumph smokers mention harshness we could consider it a 50- 75% problem If of Triumph smokers mention ""harshness"" we could it a look consider possible problem at other areas). If below 50% of Triumph smokers mention ""harshness"" we could consider it at a problem Research Firm Lenght Int # Open # Reports The Data Group. Inc 10 minutes 2 wks from start of fid. 4 wks from start of fld Group Product Manager Product Manager Prepared by: Cost Estimate + - 10% Contingency Final Report Inc. Scott R. Benson $ 2.250",0.28851107676455434,0.4565916398713826,0.7829457364341085,0.6495176848874598,0.7100175746924429,0.5504087193460491,1784,1941,258,311,Numeric errors,Numeric errors | Table-related errors,ok,
91814768_91814769,C:\Users\Yug\Documents\Internship\pdf-extraction-benchmark\datasets\FUNSD\images\91814768_91814769.png,C:\Users\Yug\Documents\Internship\pdf-extraction-benchmark\datasets\FUNSD\annotations\91814768_91814769.json,"""CORRECTED FORM"" The Commonmealth of Hassachusetts Office Use Only OFFICE OF CAMPAIGN AND POLITICAL FINANCE REPORT OF CORPORATE TREASURER Form CPF 22 (formerly CPF 10 File with:Director, Office of Campaign & Political Finance CHECK ONE One Ashburton Place, Boston,MA 02108 60th Day Prior to Election 5th Day of the Month 20th Day of the Month Please Print or Type except Signatures. Final Peter J. Marzullo 2.Name of Corporation Lorillard Tobacco Company 3. Address of Corporation One Park Avenue New YorkNY10016-5895 4.Question No. 1. relatingto Tobacco Excise Tax Increase (Describe question briefly) Massachusetts ballot. Election Date) Name of City/Town or State)* Note: If this expenditure is made to influence a local ballo question, a copy of this form should be filed with the city or town clerk or election commission. Fill in Dates I certify that this report is a true statement of the amount or value of every gift, payment, expenditure or contribution or promise to give, pay, expend or contribute, together with the date, purpose, and full name and address of the person to whom it was made. I make this report in accordance with the requirements of Mass. General Laws, Chapter 55, Section 22, as amended. Signed,under the penalties of perjury. March 301993 Treasurer Signature- Date Assistant Treasurer EXPENDITURES OR DISBURSEMENTS To Whom Paid Amount Date Aadees Purpose or Value* Paid Alphabetical Listing Mandatory Opporease P.O.Box 5979BostonMA 02114 28482.00 10/26/92 Comaittee Against linfair P.O.Box 5979Boston.MA 02114 Oppose 19603.00 10/30/92 Committee Against Unfair Taxes 91814768 Total Expenditures or Disbursements on This Report 48 085.00 Total Expenditures or Disbursements Previously Reported 508, 89.00 In-kind contributions should be included here. Attach additional pages if necessary, Total Expenditures or Disbursements to Date 556 74.00 RFPORTINGRFOUIDE ENTS CONTINIED ON REVERSF SIDE)","November 3, 1992 Massachusetts ballot *Note: 19 92 Address Date Purpose 91814768 ☑ Final ""CORRECTED FORM"" The Commonwealth of Massachusetts OFFICE OF CAMPAIGN AND POLITICAL FINANCE Office Use Only Form CPF 22 (formerly CPF 10) REPORT OF CORPORATE TREASURER File with: Director, Office of Campaign & Political Finance One Ashburton Place, Boston, MA 02108 ☐ 60th Day Prior to Election ☐ 5th Day of the Month ☐ 20th Day of the Month (CHECK ONE) Please Print or Type, except Signatures. 1. Name of Treasurer 2. Name of Corporation 3. Address of Corporation M. Alfred Peterson; Assistant Treasurer Peter J. Marzullo Lorillard Tobacco Company One Park Avenue New York. NY 10016 -5895 4. Question No. 1 relating to Tobacco Excise Tax Increase (Describe question briefly) submitted to the voters on (Election Date) on the (Name of City/ Town of State)* If this expenditure is made to influence a local ballot question, a copy of this form should be filed with the city or town clerk or election commission. Fil in Dates: Reporting Period Beginning October 16, and Ending November 5. 1992 contribution I certify that this report is a true statement of the amount of value of gift, payment, expenditure or or whom promise to give, pay,, expend or contribute, together with the date, purpose, and full name and address of the person to Mass. Laws, Section, as amended. It was made. I make this General report in accordance with the requirements of Chapter, Signed under the penalties of perjury. Preasurer Senato March 30, 1993 Assistant Treasurer Date Paid To Whom Paid (Alphabetical Listing Mandatory) EXPENDITURES OR DISBURSEMENTS Amount or Value** 10/ 26/ 92 10/ 30/ 92 Committee Against Unfair Taxes Committee Against Unfair Taxes P. O. B03 5979 Boston, MA 0212 P. O. Box 5979. Boston, MA 02114 Oppose Tax Increase Oppose Tax increas 28, 482. 00 19, 503 00 **In- kind contributions should be included here. Attach additional pages if necessary. REPORTING REQUIREMENTS CONTINUED ON REVERSE SIDE Total Expenditures or Disbursements on This Report Total Expenditures for Disbursements Previously Reported Total Expenditures or Disbursements to Date 48, 585 00 508. 789 00 556 874. 00",0.47264367816091957,0.5730337078651685,0.7916666666666666,0.6404494382022472,0.7080745341614907,0.5480769230769231,1922,2175,288,356,Numeric errors,Numeric errors | Table-related errors,ok,
92380595,C:\Users\Yug\Documents\Internship\pdf-extraction-benchmark\datasets\FUNSD\images\92380595.png,C:\Users\Yug\Documents\Internship\pdf-extraction-benchmark\datasets\FUNSD\annotations\92380595.json,"Executive Offices 1 GULF+WESTE PLAZA NEWYORK,NEWYORK 23-7773 212373-7500 PRENTICE HALL CORPORATE SERVICES United States Corporation Company The Prentice-Hall CorporationSystem. Inc DATE: 12-13-89 RECEIVED TX 3951 TO: LORILLARDINC. DEC1489 ONE PARK AVENUE 18TH FL NEW YORKN.Y.10016 ATTN:MR.ARTHUR STEVENSESQ.A.J.STEVENS MOTOR CARRIER OR STATUTORY X 033052 RE: LORILLARDINC. Account# (Represented Company) NOTICE OF SERVICE OF PROCESS We enclose the following documents which were served upon: UNITED STATES CORPORATION COMPANY IN TEXAS as registeredagent for the above-captioned corporation on_12-13-89_via: Personal Service _X _MailRegular or Certified Certified # Summons A self-addressed stamped Notice of Mechanic's Lien Complaint envelope enclosed Notice of Default Jucgment Duplicate copies of the Notice and Garnishment Subpoena Acknowledgement enclosed Notice of Attomey's Lien X_Other CITATION AND FIRST ORIGINAL PETITION TITLE OF ACTION: WEBSTER CREGC Case No. 475592 VS. R.J.REYNOLDS TOBACCO COMPANYET AL COURT OR JURISDICTION _345th Judicial District Court Travis CountyTx RETURN DATE Monday next 20 days from date of service Tel Call Placed Direct Colect Spoke to Agent called New York Office COMMENTS: ATTORNEYS FOR CLAIMANT Mary Ellen Felps 1000 West Ave. AustinTx.78701 636478-4873 PAPERS TRANSMITTED TO CLIENT 92380595 Fed-X Reg.Mail Other FORM PREPARED-BY _PAT WIGGINS UPLICATE COPY.A BUSINESS REPLY ENVELOPE IS ENCLOSEDFOR YOUR CONVENIENCE Jate Received: 2 Signed: ORIGINAL","RECEIVED DATE: TO: ATTN: RE: x 033052 via: x Summons Complaint Other: X Garnishment Subpoena vs. RETURN DATE Collect ) ) ) ) 475,592 COMMENTS: Phone Other X 92380595 Signed: ORIGINAL Executive Offices 1 GULF+ WESTE PLAZA . NEW YORK, NEW YORK 23- 7773 (212) 373- 7500 PRENTICE HALL CORPORATE SERVICES United States Corporation Company The Prentice- Hall Corporation System, Inc. TX 3951 U 12- 13- 89 LORILLARD, INC. ONE PARK AVENUE 18TH FL NEW YORK, N. Y. 10016 DEC 14 89 MR. ARTHUR STEVENS, ESQ A. J. STEVENS MOTOR CARRIER OR STATUTORY Account # LORILLARD, INC. (Represented Company) NOTICE OF SERVICE OF PROCESS We enclose the following documents which were served upon: UNITED STATES CORPORATION COMPANY IN TEXAS as registered agent for the above- captioned corporation on 12- 13- 89 Personal Service Mail: Regular or Certified Certified # Duplicate copies of the Notice and Acknowledgement enclosed A self- addressed stamped envelope enclosed Notice of Attorney's Lien Notice of Mechanic's Lien Notice of Default Jucgment CITATION AND FIRST ORIGINAL PETITION TITLE OF ACTION: WEBSTER CRECC R. J. REYNOLDS TOBACCO COMPANY, ET AL Case No. COURT OR JURISDICTION 345th Judicial District Court Travis County. Tx Monday next 20 days from date of service Agent called New York Office Tel Call Placed Direct Spoke to ATTORNEYS FOR CLAIMANT Mary Ellen Felps 1000 West Ave. Austin, Tx. 78701 512/478- 4873 PAPERS TRANSMITTED TO CLIENT Fed X Reg Mail FORM PREPARED BY PAT HIGGINS Date Received: 12/ 14/ 89 DUPLICATE COPY A BUSINESS REPLY ENVELOPE IS ENCLOSED FOR YOUR CONVENIENCE PLEASE ACKNOWLEDGE RECEIPT OF THIS NOTICE AND THE ENCLOSURES BY SIGNING AND RETURNING THE",0.4136062612883805,0.6370370370370371,0.785,0.5814814814814815,0.6680851063829787,0.5015974440894568,1491,1661,200,270,Missing text,Missing text | Numeric errors | Table-related errors,ok,
93106788,C:\Users\Yug\Documents\Internship\pdf-extraction-benchmark\datasets\FUNSD\images\93106788.png,C:\Users\Yug\Documents\Internship\pdf-extraction-benchmark\datasets\FUNSD\annotations\93106788.json,"LORILLARD MEDIA SERVICES ONE PARKAVENUE,NEWYORK,NY10016-5896 MAGAZINE INSERTION ORDER TO: ESSENCE DATE: MARCH17,1995 1500 BROADWAY NEW YORK, NY 10036 ADVERTISER: LORILLAAD ATTN:JOYCE WINSTON PRODUCT: NEWPORT THIS ADVERTISEMENT COMPLIES WITH THE FTC RECUIREMENT FOR A WARNING STATEMENT AND TAR* AND NICOTINE LINEE WHICH MUST APPEAR IN ALL CIGARETTE ADVERTISING. CHECK MATERIAL YOU RECEIVE AGAINST THE PROOF TO BE SURE IT IS CORRECT. UNDER NO CIRCUMSTANCES ARE TO YCU RUN SUBSTITUTE MATERIALS ALTER OR OMIT ANY COPY WITHOUT PRIOR. APPROVAL FROM LORILLARO MEDIA SERVICES. AD#: CAPTION: SPACE: DATE: P5CB JUNE1995 PO#7219 IF UNABLE TO INSERT ON THE DATE ORCERED, KINDLY NOTIFY US AT ONCE AND WAIT FOR NEW INSERTION DATE. NO CREDITE CAN BE ALLOWED SHOULD THIS ADVERTISEMENT APPEAR INCORRECTLY OR ON A DATE OTHER THAN THAT AUTHORIZED. POSITION URGENTLY REQUESTED: FAR FORWARD,OPPOSITE FULL EDITORIAL No coupon ad on backing page.-- Maintain at least si page separation from compotitive ads. No editorial/advertising matter anStheticel to cigare:tes within 6 pagos of our ad. COPY INSTAUCTIONS: SURGECN GEMERAL'S WARNINGCigarette Scoke Contains Carbon Monoxide IMPORTANT INSTRUCTIONS: SPACE BILLING INSTRUCTIONS: A Check material carefully against proof This spece is being ordered by: to meke sure it corresponds in every respect. LORILLARD MEDIA SERVICES Please inspect repro material immediately. They should produce good printin results. Direct all invoices and full checking copies Advise us promptly if not satisfactory, of all regional and national editions to: Poor printng will not bo paid for LORILLARD MEDIA SERVICES ONE PARK AVENUE 93106788 Advise us at once If instructions are not 17TH FLOOR clear. NEWYORKNEWYORK10016-5896 ATTN: STEVE MOLLOY Under no cireumstances are you to space out cur advertisement without specific instructions from us.","TO: ATTN: DATE: ADVERTISER: PRODUCT: LORILLARD NEWPORT AD#: CAPTION: SPACE: DATE: P5CE PO #77219 ATTN: 93106788 Cigarette LORILLARD MEDIA SERVICES ONE PARK AVENUE, NEW YORK, NY 10016- 5896 MAGAZINE INSERTION ORDER ESSENCE 1500 BROADWAY NEW YORK, NY 10036 JOYCE WINSTON MARCH 17, 1995 THIS ADVERTISEMENT COMPLIES WITH THE FTC REQUIREMENT FOR A WARNING STATEMENT AND TAR AND NICOTINE LINE WHICH MUST APPEAR IN ALL CIGARETTE ADVERTISING CHECK MATERIAL YOU RECEIVE AGAINST THE PROOF TO BE SURE IT IS CORRECT, UNDER NO CIRCUMSTANCES ARE TO YOU RUN SUBSTITUTE MATERIALS, ALTERIOR OR OMIT ANY COPY WITHOUT PRIOR APPROVAL FROM LORILLARD MEDIA SERVICES. NPT- 533- 7 FOUNTAIN COUPLE JUNE 1995 IF UNABLE TO INSERT ON THE DATE ORDERED KINDLY NOTIFY US AT ONCE AND WAIT FOR NEW INSERTION DATE. NO CREDIT CAN BE ALLOWED SHOULD THIS ADVERTISEMENT APPEAR INCORRECTLY OR ON A DATE OTHER THAN THAT AUTHORIZED. POSITION URGENTLY REQUESTED: FAR FORWARD, OPPOSITE FULL EDITORIAL - No coupon ad on backing page. - Maintain at least six page separation from bompetitive ads. - No aditional/ advertising matter to cigarette within 6 pages of our ad. COPY INSTRUCTIONS: 5 COLOR PROOF ATTACHED, FILM FROM COLLIER WITH ""D"" WARNING SURGEON GENERALS WARNING Smoke contains carbon Monoxide IMPORTANT INSTRUCTIONS: A. Check material carefully against proof to make sure it corresponds in every respect B. Please inspect repro material immediately. They should produce good printing results. Advise us promptly if Hor satisfactory C. Poor printing will not be paid for. D. Advise us at once if instructions are not clear. E. Under no circumstances are you to space out our advertisement without specific instructions from us. SPACE BILLING INSTRUCTIONS: The space is being brdered by: LOAILLARD MEDIA SERVICES Direct all invoices and full checking copies of all regional and national additions to: LORILLARD MEDIA SERVICES ONE PARK AVENUE 17TH FLOOR NEW YORK NEW YORK 10016- 5896 STEVE MOLLOY",0.4270408163265306,0.5594855305466238,0.8118081180811808,0.707395498392283,0.7560137457044673,0.6077348066298343,1850,1960,271,311,Character substitutions,Character substitutions | Numeric errors | Layout issues | Table-related errors,ok,
