document_id,image_path,annotation_path,prediction_text,ground_truth_text,cer,wer,token_precision,token_recall,token_f1,token_overlap_accuracy,prediction_char_count,ground_truth_char_count,prediction_word_count,ground_truth_word_count,primary_failure_mode,failure_patterns,status,error
82092117,C:\Users\Yug\Documents\Internship\pdf-extraction-benchmark\datasets\FUNSD\images\82092117.png,C:\Users\Yug\Documents\Internship\pdf-extraction-benchmark\datasets\FUNSD\annotations\82092117.json,"AIT. GEN, ADMIN, OFFICE Fax:614-~466-S087 Dec 10 '98 17:06 P.Ot EAA Attomey General CONFIDENTIAL FACSIMILE TRANSMISSION COVER SHEET FAX NO, (614) 466-5087 TO: _George Baroody FAX NUMBER: __(336) 335-7392 _ PHONE NUMBER: (336) 335-7363 DATE: 1210/98 NUMBER OF PAGES INCLUDING COVER SHEET: 3 SENDER/PHONE NUMBER: ___June Flynn for Erie Brows/(614) 466.9980 ‘SPECIAL INSTRUCTIONS: You. OF OP} ELEASE CONTACT SENDER AS: LE ‘THIS MESSAGE IS INTENDED ONLY FOR THE USE OF THE INDIVIDUAL OR ENTITY 7O| WHOM IT IS ADDRESSED AND MAY CONTAIN INFORMATION THAT IS PRIVILEGED, | CONFIDENTIAL, AND EXEMPT FROM DISCLOSURE UNDER APPLICABLE LAW. If the] reader of this message isnot the intended recipient of the employee or agent responsible for delivering | the message to the intended reciplent, you are hereby notified that any dissemination, diseibuson, copying. or conveying of this communication in axy manner is strictly prohibited. ""If you. ave} received this communication ia eror, please notify us immediately by telephone end feaura the} criginal message to us at the address below via the USS. Postal Service, Thank you for your _coopéfatoa. ‘State Office Tower / $0 East Broad Sireet / Columbus, Ohio 43215-9428 wwwag.state.oh.us ‘An Equal Opportunity Employer LL LZ6028 Dorian on enratod reper","TO: DATE: 3 Fax: NOTE: 82092117 614 -466 -5087 Dec 10 '98 17 :46 P. 01 ATT. GEN. ADMIN. OFFICE Attorney General Betty D. Montgomery CONFIDENTIAL FACSIMILE TRANSMISSION COVER SHEET (614) 466- 5087 FAX NO. George Baroody (336) 335- 7392 FAX NUMBER: PHONE NUMBER: (336) 335- 7363 NUMBER OF PAGES INCLUDING COVER SHEET: June Flynn for Eric Brown/ (614) 466- 8980 SENDER /PHONE NUMBER: SPECIAL INSTRUCTIONS: IF YOU DO NOT RECEIVE ANY OF THE PAGES PROPERLY, PLEASE CONTACT SENDER AS SOON AS POSSIBLE THIS MESSAGE IS INTENDED ONLY FOR THE USE OF THE INDIVIDUAL OR ENTITY TO WHOM IT IS ADDRESSED AND MAY CONTAIN INFORMATION THAT IS PRIVILEGED. CONFIDENTIAL, AND EXEMPT FROM DISCLOSURE UNDER APPLICABLE LAW. If the reader of this message is not the intended recipient of the employee or agent responsible for delivering the message to the intended recipient, you are hereby notified that any dissemination, distribution, copying, or conveying of this communication in any manner is strictly prohibited. If you have received this comunication in error, please notify us immediately by telephone and return the original message to us at the address below via the U. S. Postal Service. Thank you for your cooperation. State Office Tower / 30 East Broad Street/ Columbus, Ohio 43215 -3428 www ag state oh us An Equal Opportunity Employer Primed an 12 /10 /98",0.2408921933085502,0.47085201793721976,0.6767676767676768,0.600896860986547,0.6365795724465557,0.46689895470383275,1290,1345,198,223,Numeric errors,Numeric errors | Table-related errors,ok,
82200067_0069,C:\Users\Yug\Documents\Internship\pdf-extraction-benchmark\datasets\FUNSD\images\82200067_0069.png,C:\Users\Yug\Documents\Internship\pdf-extraction-benchmark\datasets\FUNSD\annotations\82200067_0069.json,"09/17/97 10:88 *PBOS 641 1898 LORTLLARD PTLD Boor To: A. Sparraw FROM: 7.0, etacnty (ONLY IF PARTIAL REGION CONTINUE WITH DIVISIONIS! SCOPE) DMvision: DIVISION: Portland —-# REPS: 6 DIVISION: Seatde South REPS: 7 DIVISION: Boise # REPS: 2.5 DIVISION: Seale Nonh REPS: 4 DIVISION: Eugene REPS: 5 DIVISION: Helena REPS: 6 DIRECT ACCOUNTS AND CHAINS HEADQUARTERED WITHIN THE REGION (15 + STORES) STOCKING NO OLD GOLD MENTHOL LIGHTS OR ULTRA LIGHTS 10'S Paget of 3 Pages 2900078",TO: FROM: x SUBJECT: DIVISION: DIVISION: DIVISION: DIVISION: REGION: DIVISION: DIVISION: DIVISION: 225 27 15 31 18 19 20 82200067 09/ 17/ 97 10: 55 603 841 1898 LORILLARD PTLD ☑ 001 K. A. Sparrow T. D. Blachly OLD GOLD MENTHOL LIGHTS & ULTRA LIGHTS 100'S PROGRESS REPORT AUG 4 SEP 15 MAY 12 JUN 23 (ONLY IF PARTIAL REGION CONTINUE WITH DIVISION (S) SCOPE) Portland # REPS: 6 Boise # REPS: 2. 5 Eugene # REPS: 5 Seattle South # REPS: 7 Seattle North # REPS: 4 Helena # REPS: 4 DIRECT ACCOUNTS AND CHAINS HEADQUARTERED WITHIN THE REGION (15 + STORES) STOCKING NO OLD GOLD MENTHOL LIGHTS OR ULTRA LIGHTS 100'S NAME OF ACCOUNT VOLUME NO. OF STORES NAME OF ACCOUNT VOLUME NO. OF STORES Texaco Seattle Texaco Portland Maid -O Clover Dari Mart Zip Trip Maverick Astro Gas 105 / 5 61 / 3 20 / 2 125 / 5 106 / 4 77 / 1 600 / 7 Page 1 of 3 Pages,0.6682634730538922,0.7724550898203593,0.7272727272727273,0.33532934131736525,0.4590163934426229,0.2978723404255319,474,835,77,167,Missing text,Missing text | Numeric errors | Table-related errors,ok,
82250337_0338,C:\Users\Yug\Documents\Internship\pdf-extraction-benchmark\datasets\FUNSD\images\82250337_0338.png,C:\Users\Yug\Documents\Internship\pdf-extraction-benchmark\datasets\FUNSD\annotations\82250337_0338.json,"COMPETITIVE PRODUCT INTRODUCTION PROGRESS REPORT To: SamZolot MANUFACTURER: __BaW FROM: D.J. Lando BRAND: Kool Waterfall DATE: “2.08e97 TYPE OF PACKINGS: Al Packing REPORTING PERIODS: oot Now X ee. Jan. ‘TEST MARKET GEOGRAPHY: oivisonse21 andsar (Cwsiscomsim) PRICE POINT: FULLS _PIVS (indicat Distrbutor’s Cost Per Caron) SALES FORCE INVOLVEME? They have ctew-worked distribution, and itis reported that they may crew-workit again. Sales force has been busy promoting old style packs to clean up inventory. All POS is being converted to ""B* Kool DISTRIBUTORS - ACCEPTANCEMNTRO TERMS/INTRO DEALS/INVOLVEMENT: ‘Allaccounts have the new packaging. Itwas not a problem obtaining new distribution. All accounts appear to have 100% distribution of new packings. CHAINS - ACCEPTANCE/MERCHANDISING: ‘This has not been a problem. New packaging is just following up on the old ‘packaging’. INDEPENDENTS - ACCEPTANCE/MERCHANDISING: Very well received. The old packs are boing consolidated and promoted in select retail cations at 40¢ Coff$4.00 off cartons. ADVERTISING - EFFECTIVENESS OF P.0.S.: “The theme ""B* Koo! has replaced all previous POS. They have effectively replaced al old POS. New ‘door signage, hour signs. poster mats, and clocks have the new design. “B* Kool also appears on billboards in Winois. PAGE 1 OF 2 L290S228","TO: FROM: DATE: MANUFACTURER: BRAND: Oct. Dec. Jan. Nov. X B&W 82250337 COMPETITIVE PRODUCT INTRODUCTION PROGRESS REPORT Sam Zolot Kool Waterfall All Packings TYPE OF PACKINGS: D. J. Landro 2- Dec- 97 REPORTING PERIODS: TEST MARKET GEOGRAPHY: Divisions 621 and 627 wisconsin PRICE POINT: FULLS $ P/ V $ (Indicate Distributor's Cost Per Carton) SALES FORCE INVOLVEMENT: They have crew- worked distribution, and it is reported that they may crew- work it again Sales force has been busy promoting old style backs to clean up inventory. All POS is being converted to ""B"" Kool. DISTRIBUTORS ACCEPTANCE INTRO TERMS INTRO DEALS INVOLVEMENT: All accounts have the new packaging. It was not a problem obtaining new distribution. All accounts appear to have 100% distribution of new packings. CHAINS ACCEPTANCE/ MERCHANDISING: This has not been a problem. New packaging is just following on the old ""packaging"". INDEPENDENTS ACCEPTANCE/ MERCHANDISING: Very well received. The packs are peing consolidated and promoted in select retail locations at 40 off $4 00 off cartons. ADVERTISING EFFECTIVENESS OF P. O. S.: The theme ""B"" Kool has replaced all previous POS. They have effectively replaced all old POS. New door signage, hour signs, poster mats, and clocks have the new design. ""B"" Kool also appears on billboards in llinois. PAGE 1 OF 2",0.1921921921921922,0.42990654205607476,0.7193877551020408,0.6588785046728972,0.6878048780487804,0.5241635687732342,1323,1332,196,214,Numeric errors,Numeric errors | Table-related errors,ok,
82251504,C:\Users\Yug\Documents\Internship\pdf-extraction-benchmark\datasets\FUNSD\images\82251504.png,C:\Users\Yug\Documents\Internship\pdf-extraction-benchmark\datasets\FUNSD\annotations\82251504.json,"“11/08/07 11:03 tpe1a 884 oses LORILLARD TAMPA. +++ GREENSBOR @o02/003 Retail Excel Progress Report Submission for: Distribution by/to: sly 37 ) OM to RSM 1st of Month August29() To: B.W.Caldarella RSM to RW.C, 10th September 30 ( ) oo: DOS. October31— (K) From: Kent B, Mills November28 ( ) December30 ( ) Area: § Region: 17 Acceptance/Response: What Merchandising pian? the retailers response to Lorillard's Excel Hardware Evaluation/Effectiveness: Comment on the essembly of displays and application of shields: +7 vOSLSZZ8","17 cc: : From: Area: Region: 5 X Chains: Independents: 82251504 11/05/97 11: 03 813 384 0683 LORILLARD TAMPA GREENSBOR 0002/ 003 Retail Excel Progress Report Submission for: Distribution by/ to: DM to RSM 1st of Month RSM to R W. C. 10th D. O. S. R. W. Caldarella Kent B. Mills July 31 August 29 September 30 October 31 November 28 December 30 Acceptance/ Response: What is the retailers response to Lorillard's Excel Merchandising plan? This program has been successful to date with chains where our ""Flex Payment"". was not place. The chains where were using the ""Flex Payment"" system we have not been las successful. The P. O. S. requirements of the P- 1 Plan with Oil Companies is difficult to obtain. Additional P. V. merchandising is being secured quickly, Additional monies have assisted Region 17 in fighting PM Exclusives and PM/ RJR co-existence situations. Hardware Evaluation/ Effectiveness: Comment on the assembly of displays and application of shields: The displays are easily assembled and durable. Some questions have been raised conceming the inability to be flush with the counter and/ or against the register. As well as the ability to place this or the Back Bar if the settlement goes through Pemanent Advertising Evaluation/ Effectiveness/ Acceptance: (P- 1/ P- 5 & C 5 Plans Only: Not available at this time",0.7313769751693002,0.8783783783783784,0.5375,0.19369369369369369,0.28476821192052976,0.16602316602316602,526,1329,80,222,Missing text,Missing text | Numeric errors | Table-related errors,ok,
82252956_2958,C:\Users\Yug\Documents\Internship\pdf-extraction-benchmark\datasets\FUNSD\images\82252956_2958.png,C:\Users\Yug\Documents\Internship\pdf-extraction-benchmark\datasets\FUNSD\annotations\82252956_2958.json,"FROM: ‘SUBJECT: KA, Sparrow D. J. Landro MAY 4[ aus 4| JUN 23) SEP 45 OLD GOLD MENTHOL LIGHTS & ULTRA LIGHTS 1900'S - PROGRESS REPORT REGION: (ONLY IF PARTIAL REGION CONTINUE WITH DIVISION(S) SCOPE) DIVISION: DIVISION NAME: Milw. South DIVISION NAME: #REP z DIVISION NAME: Milw. North _ DIVISION NAME: #REP z DIVISION NAME: DIVISION NAME: # REPS DIRECT ACCOUNTS AND CHAINS HEADQUARTERED WITHIN THE REGION (15 + STORES) STOCKING NO OLD GOLD MENTHOL LIGHTS OR ULTRA LIGHTS 100'S Ge ie ae [Walgreen Drug naa, 93] Paget of 3 Pages 95675208",AUG 4 SEP 15 JUN 23 MAY 12 REGION: DIVISION: 7 7 TO: FROM: SUBJECT: OLOGOLD.XLS 82252956 GEOGRAPHY DISTRIBUTION 144/14 93 K. A. Sparrow SUBMISSION DATE D. J. Landro OLD GOLD MENTHOL LIGHTS & ULTRA LIGHTS 100'S PROGRESS REPORT (ONLY IF PARTIAL REGION CONTINUE WITH DIVISION (S) SCOPE) DIVISION NAME: DIVISION NAME: DIVISION NAME: Milw. South Milw. North DIVISION NAME: DIVISION NAME: DIVISION NAME: # REP # REP # REPS DIRECT ACCOUNTS AND CHAINS HEADQUARTERED WITHIN THE REGION (15 + STORES) STOCKING NO OLD GOLD MENTHOL LIGHTS OR ULTRA LIGHTS 100'S NAME OF ACCOUNT IND/LOR VOLUME NO. OF STORES NAME OF ACCOUNT IND/LOR VOLUME NO. OF TORES Page1 of 3 Pages Walgreen Drug,0.4512743628185907,0.584070796460177,0.75,0.6106194690265486,0.6731707317073171,0.5073529411764706,535,667,92,113,Numeric errors,Numeric errors,ok,
82253058_3059,C:\Users\Yug\Documents\Internship\pdf-extraction-benchmark\datasets\FUNSD\images\82253058_3059.png,C:\Users\Yug\Documents\Internship\pdf-extraction-benchmark\datasets\FUNSD\annotations\82253058_3059.json,"he Az/t0/26 09:81 @a17 s4s0971 LORILLARD COMPETITIVE PRODUCT INTRODUCTION PROGRESS REPORT TO: MRS. K. A, SPARROW MANUFACTURER: R, J. Reynolds . FROM: RG. Ryan BRAND: Camel Menthol __ DATE: ¥2H0/96 ‘TYPE OF PACKINGS: Full Flavor Box and Light Box REPORTING PERIODS: AUG SEPT oct Nov _x (Forward by the 10th of the following month.) MARKET GEOGRAPHY: _AllofRegion7, PRICE POINT: FULLS11.89 PS indicate tibutor’s Cost Per Carton) SALES FORCE INVOLVEMENT: _Merchanclsing the top tay of permanent counter dlsplays and labeling {carton fixtures inthe Camel section, Also placing metal signs and temporary Counter display DISTRIBUTORS ~ ACCEPTANCE/INTRO TERMS/INTRO DEALS: a Product is being introduced to al Direct Accounts in the Region. Acceptance is spotty at this time, DISTRIBUTOR INVOLVEMENT: ‘Assembly of promotional products and shipment fo ‘esehing BIGIF product CHAINS — ACCEPTANCE/MERCHANDISING ALLOWANCE hain acceptance has been very good. INDEPENDENTS ~ ACCEPTANCE/MERCHANDISING ALLOWANCE Acceptance is better t high volume locations than at lower volume retail cals. (CAMEL. /EMT PAGE 1 OF 2 Boorvo02",82253058 LORILLARD TO: FROM: DATE: AUG SEPT OCT NOV MANUFACTURER BRAND: X 12/ 10/ 36 09: 51 317 8450977 001/ 002 COMPETITIVE PRODUCT INTRODUCTION PROGRESS REPORT MRS. K. A. SPARROW R. J. Reynolds Camel Menthol Full Flavor Box and Light Box TYPE OF PACKINGS: R. G. Ryan 12/ 10/ 96 REPORTING PERIODS: (Forward by the 10th of the following month.) TEST MARKET GEOGRAPHY All of Region 7. PRICE POINT: FULL $ 11.89 P/ V $ (Indicate Distributor's Cost Per Carton) Merchandising the top tray of permanent counter displays and labeling carton fixtures in the Camel section. Also placing metal signs and temporary counter displays. SALES FORCE INVOLVEMENT: DISTRIBUTORS - ACCEPTANCE/ INTRO TERMS/ INTRO DEALS: Product is being introduced to all Direct: Accounts in the Region. Acceptance is spotty at this time. DISTRIBUTOR INVOLVEMENT: Assembly of promotional products and shipment to retail Indianapolis Direct Accounts are reported to be receiving B1G1F product. CHAINS - ACCEPTANCE/ MERCHANDISING ALLOWANCE Chain acceptance has been very good. INDEPENDENTS - ACCEPTANCE/ MERCHANDISING ALLOWANCE Acceptance is better at high volume locations than at lower volume retail calls. CAMEL WK1/ FMT PAGE 1 OF 2,0.3241436925647452,0.5882352941176471,0.6832298136645962,0.5882352941176471,0.6321839080459771,0.46218487394957986,1108,1197,161,187,Numeric errors,Numeric errors | Table-related errors,ok,
82253245_3247,C:\Users\Yug\Documents\Internship\pdf-extraction-benchmark\datasets\FUNSD\images\82253245_3247.png,C:\Users\Yug\Documents\Internship\pdf-extraction-benchmark\datasets\FUNSD\annotations\82253245_3247.json,"To: KA Sparrow FROM: RE Lane SUBJECT: STYLE LOW PRICI JUNE 30] AUG 14 >ROGRESS REPORT ‘SUBMISSION DATE] oR oO sep22 Nov1o EE SREERGIVENESS Onsirandiiion BISA (Repart on June 30 only) PRE-SELL Overall pre-sell forts were successful, Retall accounts that previously stocked Style Full Price accepted the introduction ofthe low price BIGIF/2 FOR Proved to be an excellent oo! for pulling the balance of Style Ful Price packs through the system. This alded the field greatly during the transition. $7.00 CARTON COUPON/BUYDOWN: —_Erfective in those retal calls that we could not exchange product out of “Those situations were limited (DIRECT ACCOUNTS AND CHAINS HEADQUARTERED WITHIN THE REGION (15 + STORES) STOCKING NO LOW PRICE STYLE : Tn nn; UNDEOR I NGIOF TWOILOR'| “NOT OF Walle oF ACcoUNT “| voLUMe |’ SToRES | ‘Naw GFACCOUNT | voLUME | sToREs| IM. Maskos & Sons Pollock Candy and Cigar McKeesport Candy Co. Sico Serve area Ty Sheetz 521/42 450 [rhvitséckord 137/20 188 DIRECT ASCOUNTS AND CHAINS HEADQUARTERED OUTSIDE THE REGION {18+ STORES) STOCKING NO LOW PRICE STYLE ee WOR] NONOF TWOILOR | NO. OF] NAME OF ACCOUNT | VOLUME: |. STORES NAME OF ACCOUNT | VoLUME | sToREs| Kroger 24 Rich Oi 82 [Super America 105: jovs 7. WH Smith 5 [71 318 Zon 23 Dairy Marts 35. |Widman Drugs 3 smexis Page of 3 Pages Sv7ZS778",TO: FROM: SUBJECT: X PRE- SELL DISTRIBUTION Sheetz 18 150 183 21 82 106 87 5 23 35 43 Kroger cvs 82253245 K. A. Sparrow R. E. Lane SUBMISSION DATE JUNE 30 AUG 11 SEP 22 NOV 10 STYLE LOW PRICE PROGRESS REPORT EFFECTIVENESS OF: Transition Plan (Report on June 30 only) Overall pre- sell efforts were successful Retail accounts that previously stocked Style Full Price accepted the introduction of the low price BIGIF 2 FOR 1: Proved to be an excellent tool for pulling the balance of Style Full Price packs through the system. This aided the field greatly during the transition $ 7.00 CARTON COUPON/ BUYDOWN: Effective in those retail calls that we could not exchange product out of. Those situations were limited. DIRECT ACCOUNTS AND CHAINS HEADQUARTERED WITHIN THE REGION (15+ STORES) STOCKING NO LOW PRICE STYLE NAME OF ACCOUNT IND/ LOR VOLUME NO. OF STORES NAME OF ACCOUNT IND/ LOR VOLUME NO. OF STORES M. Maskos & Sons Pollock Candy and Cigar McKeesport Candy Co. Sicc Serva Thrift/ Eckerd 104/ 22 521/ 42 137/ 20 DIRECT ACCOUNTS AND CHAINS HEADQUARTERED OUTSIDE THE REGION (15+ STORES) STOCKING NO LOW PRICE STYLE NAME OF ACCOUNT IND/ LOR VOLUME NO OF STORES NAME OF ACCOUNT IND/ LOR VOLUME NO OF STORES Rich Oil Super America W H Smith 7- 11 318 Zon Dairy Marts Widman Drugs STYLE XLS Page 1 of 3 Pages,0.34659525631216526,0.6068376068376068,0.5625,0.5384615384615384,0.5502183406113538,0.3795180722891566,1313,1307,224,234,Missing text,Missing text | Numeric errors | Table-related errors,ok,
82253362_3364,C:\Users\Yug\Documents\Internship\pdf-extraction-benchmark\datasets\FUNSD\images\82253362_3364.png,C:\Users\Yug\Documents\Internship\pdf-extraction-benchmark\datasets\FUNSD\annotations\82253362_3364.json,"To. KA Sparow ‘SUBNISSION DATE FROM JL Meine may 19 ave 14) uso (=) SEP 22 ‘SUBJECT: MAVERICK SPECIALS MENTHOL - PROGRESS REPORT PARTIAL (ONLY F PARTIAL REGION CONTINUE WITH DIVISION(S) SCOPE) pivision: Fuu, PARTIAL, DIVISION NAME: DIVISION NAME: REPS DIVISION NAME: DIVISION NAME: BREPS DIVISION NAME: DIVISION NAME: REPS s REG fre bReS SToGHIS Ho NAYERENSreCUAS ENT Wiuoehocou Den & ene hese Beeage [send stm Jone-co [ etaySharvockc [aeeroars = Housen Mi at eats one Stop Shopper art WDLOR NO. GF Voutite | STORES 752. 2 NRE s HEAn ou (15+ STORES) STOCKING NO MAVERICK SPECIALS MENTHOL ‘iiieoraccour | Notun | eros |v leneron 15 2 27 ‘PRE STORES, looker Breve [Eckerd Drugs 8. Texas leeon Jena 65 star Ererrse agrees 8 z 7 id svPROsaiu Paget of 3 Pages T9EESTCS",TO: FROM: SUBJECT: ☑ GEOGRAPHY REGION: FULL X DIVISION: FULL PARTIAL PARTIAL DISTRIBUTION 20 15 29 44 17 34 15 20 22 27 15 37 Chevron Exxon Walgreen's ? ? ? ? ? ? ? 115 38 217 38 27 70 177 82253362 MAVPROGO K. A. Sparrow SUBMISSION DATE MAY 19 ☐ JUN 30 ☐ AUG 11 ☐ SEP 22 J. L. McGinnis MAVERICK SPECIALS MENTHOL - PROGRESS REPORT (ONLY IF PARTIAL REGION CONTINUE WITH DIVISION (S) SCOPE) DIVISION NAME: DIVISION NAME: DIVISION NAME: DIVISION NAME: DIVISION NAME: DIVISION NAME: # REPS # REPS # REPS DIRECT ACCOUNTS AND CHAINS HEADQUARTERED WITHIN THE REGION (15+ STORES) STOCKING NO MAVERICK SPECIALS MENTHOL NAME OF ACCOUNT IND/ LOR VOLUME NO. OF STORES NAME OF ACCOUNT IND/ LOR VOLUME NO. OF STORES Sac N Pac ACO Texaco Lone Star 75/ 2 95/ 3 76/ 3 26/ 2 42/ 2 106 /4 62/ 2 78/ 4 319/ 16 65/ 3 69/ 3 80/ 4 Shopper Mart Neal One Stop Mini Mart Albertson's -Houston Valley Shamrock Get Go Speedy Stop Western Beverage Don & Bens DIRECT ACCOUNTS AND CHAINS HEADQUARTERED OUTSIDE THE REGION (15+ STORES) STOCKING NO MAVERICK SPECIALS MENTHOL NAME OF ACCOUNT IND/ LOR VOLUME NO. OF STORES NAME OF ACCOUNTS IND/ LOR VOLUME NO. OF STORES Brookshire Bro's Eckerd Drugs S. Texas Philip's 66 Star Enterprise Page 1 of 3 Pages,0.6776315789473685,0.8552631578947368,0.3939393939393939,0.22807017543859648,0.28888888888888886,0.16883116883116883,763,1216,132,228,Missing text,Missing text | Numeric errors | Table-related errors,ok,
82254765,C:\Users\Yug\Documents\Internship\pdf-extraction-benchmark\datasets\FUNSD\images\82254765.png,C:\Users\Yug\Documents\Internship\pdf-extraction-benchmark\datasets\FUNSD\annotations\82254765.json,"To: FROM: DIV. NAME / NO: Nassau 107 1991 SPECIAL EVENT REQUEST FORM NAMEOFEVENT: _H. Levinson Tradeshow “DATE OF EVENT: 3/18/97 ‘SAMPLES /ITEMS REQUIRED: SAMPLE 10'S (400 PACKS PER CASE) #.CASES NEWPORTKS. KENTINKS, NEWPORT 107 KENT 101100 NEWPORTLTS. Ks. ‘TRUEKS. LT ‘NEWPORTLTS. 100 KENTKS. ae _ KENT 100 = _ ITEMS . BASEBALL CAP _ _WATER BOTTLES SHIP TO: (CUSTOMER SHIPPING NUMBER 198-1160006 NYO ONLY: DATE FORWARDED TO PROMOTION SERVICES: lola * PLEASE ALLOW 6 WEEKS FOR PROCESSING OF YOUR REQUEST. REFORM DATETONYO: 1/24/97 KENTGLLISKS, KENTGL 100 GOLYS72B outer","TO: FROM: 1/24/97 2 1 1 1 ITEMS zbulan 82254765 01/17/97 REQFORM 1500 500 K. A. SPARROW DATE TO NYO: S. Reindel Nassau/ 107 DIV. NAME/ NO: 1997 SPECIAL EVENT REQUEST FORM NAME OF EVENT: ""DATE OF EVENT: 3/18/97 H. Levinson Tradeshow SAMPLE 10'S (400 PACKS PER CASE) SAMPLES/ ITEMS REQUIRED: NEWPORT K. S. NEWPORT 100's NEWPORT LTS K. S. NEWPORT LTS. 100 KENT III K. S. # CASES KENT GL LTS K. S. GL 100 KENT III 100 TRUE K. S. KENT K. S. KENT 100 QUANTITY REQUIRED BASEBALL CAP WATER BOTTLES SHIP TO: CUSTOMER SHIPPING NUMBER 198- 1160006 NYO ONLY: DATE FORWARDED TO PROMOTION SERVICES: PLEASE ALLOW 6 WEEKS FOR PROCESSING OF YOUR REQUEST",0.5613207547169812,0.75,0.5730337078651685,0.4396551724137931,0.4975609756097561,0.33116883116883117,569,636,89,116,Missing text,Missing text | Numeric errors | Table-related errors,ok,
82491256,C:\Users\Yug\Documents\Internship\pdf-extraction-benchmark\datasets\FUNSD\images\82491256.png,C:\Users\Yug\Documents\Internship\pdf-extraction-benchmark\datasets\FUNSD\annotations\82491256.json,"‘CASE FORM Wanda G. Robinson and Carroll Robinson v. Raybestos-Manhattan, etal. CASE NAME: court: ‘San Francisco Superior Court - No. 996378 LORILLARD ENTITIES: Lorillard Tobacco Company DATE FILED: Suly 23, 1998 DATE SERVED: August 3, 1998, CASE TYPE: Asbestos PLAINTIFF'S, COUNSEL: Wartnick, Chaber, Harowitz, Smith& Tigerman Madelyn J. Chaber 101 California Street, Suite 2200 San Francisco, California 94111 415/986-5866 LORILLARD ‘COUNSEL: SUDGE: ‘TRIAL DATE: 957 L6¢z8 666hZ9h6","COURT: JUDGE: Asbestos CASE FORM CASE NAME: LORILLARD ENTITIES: DATE FILED: DATE SERVED: CASE TYPE: PLAINTIFF COUNSEL: LORILLARD COUNSEL: TRIAL DATE: Wartnick, Chaber, Harowitz, Smith & Tigerman Madelyn J. Chaber 101 California Street, Suite 2200 San Francisco, California 94111 415 986- 5566 August 3, 1998 July 23, 1998 Lorillard Tobacco Company San Francisco Superior Court - No. 996378 Wanda G. Robinson and Carroll Robinson v Raybestos- Manhattan, et al. 82491256 94624999",0.7987421383647799,0.9436619718309859,0.746268656716418,0.704225352112676,0.7246376811594204,0.5681818181818182,483,477,67,71,Character substitutions,Character substitutions | Numeric errors | Layout issues,ok,
82504862,C:\Users\Yug\Documents\Internship\pdf-extraction-benchmark\datasets\FUNSD\images\82504862.png,C:\Users\Yug\Documents\Internship\pdf-extraction-benchmark\datasets\FUNSD\annotations\82504862.json,"(CASE NAME: court: LORILLARD ENTITIES: DATE FILED: DATE SERVED: CASE TYPE: PLAINTIFF'S COUNSEL: LORILLARD ‘COUNSEL: suDGE: ‘TRIAL DATE: CASE FORM Donald D. Sellers and Robin J. Sellers v. Raybestos-Manhattan, etal. ‘San Francisco Superior Court - No. 996382 Lorillard Tobacco Company August 3, 1998 Asbestos Wartnick, Chaber, Harowitz, Smith& Tigerman ‘StephenM.Tigerman 101 California Street, Site 2200 ‘San Franciseo, California 94111 415)986-5866 C98 P0528 SLIS29h6","COURT: Asbestos JUDGE: CASE FORM CASE NAME: LORILLARD ENTITIES DATE FILED DATE SERVED CASE TYPE: PLAINTIEE'S COUNSEL: LORILLARD COUNSEL: TRIAL DATE: 82504862 946225115 Wartnick Chaber, Harowitz, Smith& Tigerman StephenM. Tigerman 101 California Street Suite 2200 San Francisco California 94111 August 3, 1998 Lorillard Tobacco Company San Francisco Superior Court- No. 996382 Donald D. Sellers and Robin J. Sellers v. Raybestos Manhattan et al.",0.7207207207207207,0.9047619047619048,0.6190476190476191,0.6190476190476191,0.6190476190476191,0.4482758620689655,468,444,63,63,Numeric errors,Numeric errors,ok,
82562350,C:\Users\Yug\Documents\Internship\pdf-extraction-benchmark\datasets\FUNSD\images\82562350.png,C:\Users\Yug\Documents\Internship\pdf-extraction-benchmark\datasets\FUNSD\annotations\82562350.json,"= 05/01/00 1o:21 Tez $94 9690 LORILLARD_RGNWLL Fax To: _Mr. Randy Spell From: Rick Redfield oorroos Fox: Date: May 1,2000 Cc: Mr. Fred Patemosiro Fac 952 894-9690 Re: __Legal—lowa Pages: 4 Clurgent ([lrorReview [}PteaseComment (Jplease Reply (_]Pteazo Recycle ‘Comments: Attached is the lowa Department of Revenue and Finance Minimum Legal Prices on Cigarettes as of April 3, 2000. | am attempting to obtain a copy of the actual Fair Trade Law and will forward as soon as obtained. Rick ‘Ti aca may coin pega and contsetlfoton rtrd ofr Bo so of ha nial railyramed above. Ihe reader fhe csi isnt he ended ecplent or employee or agent responsible fr defy tothe Intmded reper yu ae ey robe ta ary scerinaton copying Usenet protd. you hav ‘ceived tis acs nemo, please nc us rea by takchone (nano icated eon) and rtf nal ‘scsi ous a he addres bow va US, Postal Sone. 208 River Ridge Cle 7.0. Bot 1538 umevito, WN SSSS7 “Telephone: (052) 0942238 0579528","Fax LORILLARD TOBACCO COMPANY 001/004 To: Fax: CC: Re: From: Date: Fax: Pages: Urgent 4 Comments: CONFIDENTIALITY NOTE Telephone: 82562350 05/01/00 10:21 612 894 9690 LORILLARD RGNY 11 Mr. Randy Spell Rick Redfield May 1, 2000 952 894- 9690 Mr. Fred Paternostro Legal- lowa For Review Please Comment Please Reply please Recycle Attached is the Iowa Department of Revenue and Finance Minimum Legal Prices on Cigarettes as of April 3, 2000. I am attempting to obtain a copy of the actual Fair Trade Law and will forward as soon as obtained. Rick This facsimile may contain privileged and confidential information intended only for the use of the individual entity named above. If the mader of the facsimile is not the intended recipient or employee or delivering. It to the intended recipient you are hereby notified that any dissemination for copying of this facsimile is strictly prohibited. If you have received his facsimile in error, please notify us immediately by telephone (number indicated below) and return the original facsimile to us at the address below via the U.S Postal Service. 205 River Ridge Circle P. O. Box 7589 Bumsville, MN 5337 (952) 694-2238",0.47164948453608246,0.703125,0.4484848484848485,0.3854166666666667,0.41456582633053224,0.26148409893992935,947,1164,165,192,Missing text,Missing text | Numeric errors | Table-related errors,ok,
82573104,C:\Users\Yug\Documents\Internship\pdf-extraction-benchmark\datasets\FUNSD\images\82573104.png,C:\Users\Yug\Documents\Internship\pdf-extraction-benchmark\datasets\FUNSD\annotations\82573104.json,"xe: RBS 1269-99 Pham eRSENED COVINGTON & BURLING pg¢-9.1999 R. B. SPELL 1201 Pennsylvania Avenue, N.W. P.O. Box 7566 ‘Washington, D.C. 20044-7566 (202) 662-6000 Fax Numbers (202) 662-6291 or (202) 737-0528 Fax Operator: (202) 662-6280 THIS FACSIMILE TRANSMISSION IS INTENDED ONLY FOR THE ADORESSEE SHOWN BELOW. IT MAY CONTAIN INFORMATION THAT IS PRIVILEGED, CONFIDENTIAL OR OTHERWISE PROTECTED FROM DISCLOSURE. ANY REVIEW, DISSEMINATION OR USE OF THIS TRANSMISSION OR ITS CONTENTS BY PERSONS OTHER THAN THE ADDRESSEE IS STRICTLY PROWIBITED. IF YOU HAVE RECENED THIS TRANSMISSION IN ERROR, PLEASE NOTIFY US IMMEDIATELY AND [MAIL THE ORIGINAL TO US AT THE ABOVE ADORI Date: December 9, 1999 To: Haney H. Bell, Esq. From: David H. Remes (202) 778-5212 — direct fax Room: 803E MU, Pages (including cover) MESSAGE: VOLELS%8 00m SNTTUNE ¥ NOIONTAGD x¥d 60:TT 66/60/27 “—","82573104 Date: To: From: Room: MESSAGE: COVINGTON & BURLING xc: RB5 12- 9- 99 RECEIVED DEC -9 1999 R B. SPELL 1201 Pennsylvania Avenue, N W. P. O. Box 7566 Washington D. C. 20044- 7566 (202) 662- 6000 Fax Numbers (202) 662 6291 or (202) 737 0528 Fax Operator (202) 662- 6280 THIS FACSIMILE TRANSMISSION INTENDED ONLY FOR THE ADDRESSEE SHOWN BELOW LIT MAY CONTAIN INFORMATION THAT IS PRIVILEGED CONFIDENTIAL OR OTHERWISE PROTECTED FROM DISCLOSURE ANY REVIEW DISSEMINATION OR USE OF THIS TRANSMISSION OR ITS CONTENTS BY PERSONS OTHER THAN THE ADDRESSEE IS STRICTLY PROHIBITED YOU HAVE RECEIVED THIS TRANSMISSION ERROR PLEASE NOTIFY US IMMEDIATELY AND MAIL THE ORIGINALI TO AT THE ABOVE ADDRESS December 9, 1999 Haney H. Bell, Esq. David H. Remes (202) 778 5212 - direct fax 803E // Pages (including cover)",0.24159402241594022,0.5037037037037037,0.6666666666666666,0.6666666666666666,0.6666666666666666,0.5,864,803,135,135,Numeric errors,Numeric errors | Table-related errors,ok,
82837252,C:\Users\Yug\Documents\Internship\pdf-extraction-benchmark\datasets\FUNSD\images\82837252.png,C:\Users\Yug\Documents\Internship\pdf-extraction-benchmark\datasets\FUNSD\annotations\82837252.json,"NEW COMPETITIVE PRODUCTS BOBBY MILLS, REGIONAL SALES MGR., INDIANAPOLIS, IN DATE:_8/10/90 TIME: HALL RODECAP, NOBLESVILLE, IN VICEROY KING BOK AND VICEROY LIGHTS KING BOX oF \ RODUCT: ! IZE OR SIZES: IST PRICE: EXTENT OF ISTRIBUTION: ER INFORMATION: SEE ATTACKED INFORMATION SHEET \ H. Tisch .Tottord 4.3, Tetut H. Orcutt F.u.Schute LH, Kersh 2 Peterson AWspeas SU Stter 8 -H. Mau NP. Rufio 8 Gordon T. Lachey S.T. Jones n R. S. Goldbrenner x EB Harrow N","DATE: TIME: MRA MANUFACTURER: cc: 82837252 NEW COMPETITIVE PRODUCTS REPORTED BY: BOBBY MILLS, REGIONAL SALES MGR., INDIANAPOLIS, IN 8/ 10/ 90 SOURCE OF INFORMATION: HALL RODECAP, NOBLESVILLE, IN B & W VICEROY KING BOX AND VICEROY LIGHTS KING BOX BRAND NAME: TYPE OF PRODUCT: SIZE OR SIZES: LIST PRICE: EXTENT OF DISTRIBUTION: SEE ATTACHED INFORMATION SHEET OTHER INFORMATION: G. Telford F. J. Schultz A. W. Spears N. P. Ruffalo T. Achey P. J. McCann A. J. Giacolo J. J. Tatulli L. H. Kersh J. R. Slater S. T. Jones R S. Goldbrenner E. R. Harrow A. H. Tisch R. H. Orcutt M. A. Peterson T. H. Mau L. Gordon J. P. Mastandrea",0.5024154589371981,0.7232142857142857,0.5844155844155844,0.4017857142857143,0.47619047619047616,0.3125,454,621,77,112,Missing text,Missing text | Numeric errors,ok,
83443897,C:\Users\Yug\Documents\Internship\pdf-extraction-benchmark\datasets\FUNSD\images\83443897.png,C:\Users\Yug\Documents\Internship\pdf-extraction-benchmark\datasets\FUNSD\annotations\83443897.json,"JAN 11 199 16:29 FR 8220 FAX TRANSMISSION DATE: January 11, 1999 CLIENTNO: _L8557.002 To seramizess7Heean Pot DICKSTEIN SHAPIRO MORIVG OSHINSKY MESSAGE T 1: Dewey Tedder COMPANY: Lorillard Tobacco Compan FAXNUMBER: 336/373-6917 PHONE: 336/373-6750 FROM: Andy Zausner and Rob Mangas PHONE: 202/828-2259 and 202/828-2241 PAGES (Including Cover Sheet): __2_ HARD COPY TO FOLLOW: MESSAGE: [The following is for your review, wa 12 1999 Ifyour receipt ofthis transmission isin error, please notify this fiem immediately by collect call to our Facsimile Department at 202-861-9106, and send the or al transmission to us by cetum mail at the address below. “This transmission is inteaded for the sole use ofthe individual an entity to Whom ils addeesed, and may contin information dst i peileged, coubdental and exempt from dielomire under applicable Jay. You are hereby notified that any Gsseminadon, isozbution or duplication ofthis wansassion by sonicone other than the intended addesee ort designated agent is sey probibited. 21011 Steet NW Washington, DC 20087-1628 Tel 202-785-700 Fax 202-867-0089 LO8fHS8","DATE: COMPANY: PHONE: FROM: PHONE: MESSAGE: YES NO 2 X 83443897 JAN 11 '99 16: 29 FR 8220 TO 3212128557HC02N P. 01 DICKSTEIN SHAPIRO MORING OSHINSKY FAX TRANSMISSION January 11, 1999 L8557 002 Dewey Tedder Lorillard Tobacco Company 336/ 373- 6917 336/ 373- 6750 Andy Zausner and Rob Mangas 202/ 828- 2259 and 202/ 828 2241 CLIENT NO.: MESSAGE TO: FAX NUMBER: PAGES (including Cover Sheet): HARD COPY TO FOLLOW JAN 1 2 1999 The following is for your review If your receipt of this transmission is in error, please notify this firm immediately by collect call to our Facsimile Department at 202- 861- 9106, and send the original transmission to us by return mail at the address below. This transmission is intended for the sole use of the individual and entity to whom it is addressed, and may contain information that is privileged, confidential and exempt from disclosure under applicable law. You are hereby notified that any dissemination, distribution or duplication of this transmission by someone other than the intended addressee or its designated agent is strictly prohibited. 2101 L Street NW Washington, DC 20037- 1526 Tel 202- 785 9700 Fax 202- 887 0689",0.29148753224419605,0.5743589743589743,0.6424242424242425,0.5435897435897435,0.5888888888888888,0.41732283464566927,1103,1163,165,195,Missing text,Missing text | Numeric errors | Table-related errors,ok,
83553333_3334,C:\Users\Yug\Documents\Internship\pdf-extraction-benchmark\datasets\FUNSD\images\83553333_3334.png,C:\Users\Yug\Documents\Internship\pdf-extraction-benchmark\datasets\FUNSD\annotations\83553333_3334.json,"DAVis POLK & WARDWELL Ee Fax Transmittal Sender 450 Avene Charles Duggan Ae Yo 10077 Daw ‘Number of Pages (is page included) November 12, 1999 6 ‘Sender Voice Number Trproblems receiving this fx, call 212-450-4785 212-450-4785 Sender Fax Number Reference 212-450-3788 17555-002 Te Fax Number Company TReciptent Phone Number Thomas M.Sobol 617-439-3278 Brown Rudnick Freed 617-330-8000 & Gesmer Joseph F. Rice 843-720-9290 Ness, Motley, 848-720-8000 Loadholt, Richardson & Poole Robert V. Costello 617-722-0286 Schneider, Reilly, 617-227-7500 Jeffrey D. Woolf Zabin & Costello Richard M. Heimann 418-956-1008 Lieff, Cabraser & 415-956-1000 Heimann Michael P. Thornton 617-720-2445 Thomton, Early & 617-720-1333 Naumes: o ow a a oO w a a rare ay cea cion er copying of ts fens of i infrmaton her by avons othe tan te ide ‘apm we tu eupleyes a age ropentle ur Slvrng Se mesage ended resin prohibit You have aeeive thistle in eon, lease oy ws ineaely Wythe nd rete the fale by ral.","Sender Date To Reference November 12, 1999 6 Message: 8355333 11/ 12/ 99 19: 32 FAA 212 450 4800 DPW 1048 UUZ/ DUS DAVIS POLK & WARDWELL Fax Transmittal 450 Lexington Avenue New York, NY 10017 212- 450- 4000 Charles Duggan Number of Pages (this page included) Sender Voice Number If problems receiving this fax, call 212- 450- 4785 212- 450- 4785 Sender Fax Number 212- 450- 3785 17555 002 Fax Number Company Recipient Phone Number Thomas M. Sobol 617- 439- 3278 Brown Rudnick Freed & Gesmer 617- 330- 9000 843- 720 9000 Ness, Motley, Loadholt, Richardson & Poole 843- 720- 9290 Joseph F. Rice Robert V. Costello Jeffrey D. Woolf 617- 722- 0286 415- 956- 1008 Richard M. Heimann Michael P. Thornton 617- 720- 2445 Thomton, Early & Naumes 617- 720- 1333 415- 956- 1000 617- 227- 7500 Schneider, Reilly, Zabin & Costello Lieff, Cabraser & Heimann Confidentiality Note This only for the person or entity may besi pavilegedal of otherwis protected from disclosos. Disscnlation, distribution popying of the facile the information herein by anyone other than the poupil, waployee responsible for delivering the message the prohibited. You thisfacsimile in error please notify as immediately by telephone and return the facsimile by mail.",0.5743298131600325,0.8137254901960784,0.4873417721518987,0.37745098039215685,0.42541436464088395,0.27017543859649124,977,1231,158,204,Missing text,Missing text | Numeric errors | Table-related errors,ok,
83573282,C:\Users\Yug\Documents\Internship\pdf-extraction-benchmark\datasets\FUNSD\images\83573282.png,C:\Users\Yug\Documents\Internship\pdf-extraction-benchmark\datasets\FUNSD\annotations\83573282.json,"—y/14g98 18:58 FAK 208 635 05: ‘TeLEPHONE (208) 653-7293, e HAGENS BERMAN tera AVENUE, SUITE age - SEATTEE, WA 08103 SiMe (306) 628-0898 WA Fee-Pr oor! Xe: Gad FACSIMILE COVER SHEET Date: January 14, 1999 No. of Pages 27 Goctaig is pgs) From: Steve W. Berman. File No.: L a a Ret__ Tobacco - Fee Payment Agreement and Release ‘COMMENTS: Recipient(s): ‘Company: Phone No.: Fax No.: ‘Mr, Meyer G. Koplow ‘Wachtel, Lipton, Rosen (212) 403-1000 (212) 403-2000 ‘& Katz ‘Mr. Arthur F. Golden Davis, Polk & Wardwell (212) 450-4000 (212) 450-4800 ‘Mr. Martin Barrington Philip Morris Inc. (917) 663-5399 ‘Mr. F. Anthony Burke Brown & Williamson (502) 568-7297 Tobacco Corp. ‘Mr. Ronald Milstein Lorillard Tobacco Co. (336) 335-7707 ‘Mr. Charles A. Blixt RJ. Reynolds Tobacco (336) 741-2998 Co. ‘Mr. Stephen R. Patton Kirkland & Ellis (312) 861-2000 (312) 861-2200 Please call the Support Center at (206) 268-9312 or Urgent! Deliver Immediately. not receive all of these pages or if there is a problem. atext, ifyoudo “The nation coed In is fei conte and may als be atareyrivieged. he infruton send only for he we of {he individual or ene whom i dese. yon a at the ended ecieco th emplayes oc gent spol fr dling ies ‘Geen cia, you thy ied th ny wm, semi, driven or spying a command is ty prosb. yo ive recived is fen cor, lainey oly ws By a ale teepboae eal 200) 237292, wed eum be xiga racing to slit res shove i tu US Pol Service. Thank you Agree, ZBTLLGEB","Date: From: Re: COMMENTS: Recipient(s): Company: 83573282 Urgent! Deliver Immediately 04/ 14/ 99 18: 36 FAX 206 623 0594 HAGENS BERMAN HAGENS BERMAN Attorney Law WA Fee Pay Agree XC: JAW 1301 FIFTH AVENUE, SUITE 2900 SEATTLE, WA 98101 TELEPHONE (206) 623 7293 FACSIMILE (206) 623- 0594 FACSIMILE COVER SHEET January 14, 1999 No. of Pages 37 (including this page) 1129. 01 File No.: Tobacco - Fee Payment Agreement and Release Steve W. Berman Phone No.: Fax No.: (212) 403- 2000 (212) 450- 4800 (917) 663- 5399 (502) 568- 7297 (336) 335- 7707 (336) 741- 2998 (312) 861- 2200 (312) 861- 2000 (212) 450- 4000 (212) 403- 1000 Wachtell, Lipton, Rosen & Katz Davis, Polk & Wardwell Philip Morris Inc. Brown & Williamson Tobacco Corp. Lorillard Tobacco Co. R. J. Reynolds Tobacco Co Kirkland & Ellis Mr. Stephen R. Patton Mr. Charles A. Blixt Mr. Ronald Milstein Mr. F. Anthony Burke Mr. Martin Barrington Mr. Arthur F. Golden Mr. Meyer G. Koplow Please call the Support Center at (206) 268- 9312 or at ext if you do not receive all of these pages or if there is a problem. The information contained in this facsimile is confidential and may also be attorney privileged. The information is intended only for the use of the individual or entity to whom it is addressed. If you are not the intended recipient, or the employee or agent responsible for delivering it to the intented recipient, you are hereby notified any use, dissemination, distribution or copying of this communication is strictly prohibited. If you have received this facsimile in error, please immcdiately notify us by a collect call to (206) 623- 7292, and return the original message to us at the address above via the US Postal Service. Thank you. A PROFESSIONAL SERVICE CORPORATION",0.5650429799426934,0.7792642140468228,0.5058365758754864,0.43478260869565216,0.4676258992805756,0.3051643192488263,1449,1745,257,299,Missing text,Missing text | Numeric errors | Table-related errors,ok,
83594639,C:\Users\Yug\Documents\Internship\pdf-extraction-benchmark\datasets\FUNSD\images\83594639.png,C:\Users\Yug\Documents\Internship\pdf-extraction-benchmark\datasets\FUNSD\annotations\83594639.json,"99/22/97 Boor rARCH ron MON 15:35 FAK an ha ROPER ST! av ae TURKING DATA 1HTO INTELLD CE WORLDWIDE™ Date: September 22, 1997 To: Ron Milstein Company: Lorillard Fax Number: (910) 335-707 Roper Starch Wordle 203 Edda Soak Now Yr NY 07 ziasso0n0 Te 212057708 Fx From: Pages (Including cover page): 3 ape sn sd Pat Ope Read See bya Rees Faken hat Svs Tha Rates 6896558","Date: To: Company: From: 3 Lorillard 83594639 ☑001 89/ 22/ 97 MON 15: 35 FAX 12124554900 ROPER STARCH WORLDWIDE ROPER STARCH TURNING DATA INTO INTELLIGENCE WORLDWIDE Fax Fax Fax Fax Fax Fax Fax Fax Fax Ron Milstein (910) 335 7707 Pages (Including cover page): ""JJ"" Klein Fax Number: Roper Starch Worldwide nc 205 East 42nd Street New York NY 0017 212 599 0700 212 887 7008 Fax Roper Marketing and Public Option Research Search Advertising and Media Research Frederen Marketing Services INRA World Headquarters September 22, 1997",0.6571969696969697,0.9080459770114943,0.3582089552238806,0.27586206896551724,0.3116883116883116,0.18461538461538463,365,528,67,87,Missing text,Missing text | Numeric errors,ok,
83624198,C:\Users\Yug\Documents\Internship\pdf-extraction-benchmark\datasets\FUNSD\images\83624198.png,C:\Users\Yug\Documents\Internship\pdf-extraction-benchmark\datasets\FUNSD\annotations\83624198.json,"J Fe 25 v9 10:25 Fe @p 10 QD eizessrceet Pot FAX TRANSMISSION DICKSTEIN SHAPIRO MORIN@ OSHINSKY DATE: February 25, 1998 . CLIENT NO: 8557.02. MESSAGE TO: Ronald S. Milstein COMPANY: Lorillard ‘Tobacco Company FAX NUMBER: 910/335-7707 PHONE: 910/338-7718 FROM: Andy Zausner PHONE: 202/828-2259 PAGES (Including Cover Sheet): _12_ HARD COPYTO FOLLOW: __YES NO MESSAGE: [Scc attached fax om the Committee on Commerce just received in my loffice, Call me to discuss. ‘your receipt ofthis transmission isin error, please notify this firm immediately by ‘eollect call to our Facsimile Department at 202-861-9106, and send the original ‘ransmiscion to us by return mail atthe address below. ""This cransmision is intcrdd fo the sole use ofthe individual and cuit to whom iis addres, and ‘may contain information thst is prveges, confidential and exempt from dsclosare wader applicable law. You ae hereby notifed that any discminaton,disbution or duplication of this tarumtsion by somcone other than the intended addtesee or its dedignted agents sticly prabibted. 2101 L Sueet NW Washington, DC 20087-1828 Tel 202-785-9700 Fax 202-887-0680 ce a B6LbS","TO DATE: COMPANY: PHONE: FROM: PHONE: MESSAGE: YES NO 12 83624198 Tel Fax FEB 25 '98 18: 23 FR #1 28557 002# P. 2101 FAX TRANSMISSION February 25, 1998 L8557 002 Ronald S. Milstein Lorillard Tobacco Company 910/ 335- 7707 910 /335 -7718 Andy Zausner 202 /828 -2259 FAX NUMBER: MESSAGE TO: CLIENT NO.: PAGES (including Cover Sheet): HARD COPY TO FOLLOW: See attached fax from the Committee on Commerce just received in my office. Call me discuss. If your receipt of this transmission is in error, please notify this firm immediately by collect call to our Facsimile Department at 202- 861 -9106 and send the original transmission to us by return mail at the address below. This transmission is intended for the sole use of the individual and entity to whom it is addressed, and may contain information that is privileged, confidential and exempt from disclosure under applicable law. You are hereby notified that any dissemination, distribution duplication of this transmission by somcong other than the intended addressee or its designated agent is strictly prohibited. 2101 L. Street NW Washington DC 20037 1528 202 785 9700 202 -887 -0589",0.3157894736842105,0.5789473684210527,0.6057142857142858,0.5578947368421052,0.5808219178082191,0.4092664092664093,1141,1140,175,190,Numeric errors,Numeric errors | Table-related errors,ok,
83635935,C:\Users\Yug\Documents\Internship\pdf-extraction-benchmark\datasets\FUNSD\images\83635935.png,C:\Users\Yug\Documents\Internship\pdf-extraction-benchmark\datasets\FUNSD\annotations\83635935.json,"Pie BN 2s *37 eeseern ar iad LeoAL e LOBWS (857 Madison Avenue, New York, NY, 10021-8087 (212) 586-2020 Fax (212) 995-6801 BARRY HSCH ‘Sarit Vie Present ‘Secretary & Goneral Counes, FAX CONFIDENTIAL DATE: —June 4, 197 TO: Dr. Spearw/A.J Stevens/R. Milstein FROM: —Bany Hirsch ‘TOTAL NUMBER OF PAGES INCLUDING THIS COVER SHEET - 6 IF YOU DO NOT RECEIVE ALL THE PAGES, PLEASE CALL CAROL DOKTORSKI AT (212) 545.2934. OUR FAX NUMBER IS (212) 935-6801, ‘nee TUMNCSEION 16 TENROED ORE POR TE DEN OF 255 ZENSVISEN om OETTY TO MO 27 75 ROORBEGED, 290 YY ‘YOO ARK NOT TES WRTAMDKD RECTPIENT, YOU ARK HARSDY MUTIFIXD THAT ANY DIEEDCAATION, DISTRIBUTOR OR COPED (x cats Goecncariew J GTRICTIY THORIDETEO. ""2¥ £00 EAI RECKON SICH COMELONTION 2 KARR, SLARSE SOrnrY Us emoDAtuur Ay FeLanat A0D RETO TH9 GRIODOL yassaog 70 UE AT Nun ARoMx ROORDGO VIR Tad B.S. S£6SS9¢8","DATE: TO: FROM: 83635935 JUN 05 97 02:00 PM LOEWS CORP P. 1/ 6 LOEWS CORPORATION 667 Madison Avenue, New York, N. / 10021 8087 (212) 545 2920 Fax (212) 935 6801 BARRY HIRSCH Senior Vice President Secretary & General Counsel FAX CONFIDENTIAL June 4, 1997 Dr. Spears/ A. J. Stevens/ R. Milstein Barry Hirsch TOTAL NUMBER OF PAGES INCLUDING THIS COVER SHEET- 6 IF YOU DO NOT RECEIVE ALL THE PAGES, PLEASE CALL CAROL DOKTORSKI AT (212) 545- 2934. OUR FAX NUMBER (212) 935 6801 THIS TRANSMISSION IS INTENDED ONLY FOR THE USE OF THIS INDIVIDUAL OR ENTITY TO FROM IT IS ADDRESSED. AND MAY CONTAIN INFORMATION THAT IS PRIVILEGED CONFIDENTIAL AND You YOU ARE THAT MY DIRAYDOTIG DISAISONICAR OF THIS COMKONICATION TA ATRICTLY PROHIBITED HAVE RECEIVED TINCOFMONTTIOS PYTHOND ROU ORIGDOL YILSON ATITE ABOVE ADDR359 VIA POSTAL SERVICE THANK YOU.",0.5012019230769231,0.8439716312056738,0.3333333333333333,0.3475177304964539,0.3402777777777778,0.20502092050209206,853,832,147,141,Missing text,Missing text | Numeric errors | Table-related errors,ok,
83641919_1921,C:\Users\Yug\Documents\Internship\pdf-extraction-benchmark\datasets\FUNSD\images\83641919_1921.png,C:\Users\Yug\Documents\Internship\pdf-extraction-benchmark\datasets\FUNSD\annotations\83641919_1921.json,"TO: 8.P. ZOLOT REGION: DIVISION: SUBJECT: OLD GOLD - LIGHT BOX 100'S PROGRESS REPORT ETT Put vanTaL __x (ONLY IF PARTIAL REGION, CONTINUE WITH DIVISION(S) SCOPE) DIVISION NAME: Grand Rapids ~ DISTRIBUTION, 5 (15+ Stores) Stocking No Old Gold Light Box 100""s 0 Old Gold Light Box 100s ara a a eT wets [16 [Bay Stains a9 ra | |Schmuckel Oil 1389 z_ | Wilson Oit 140/13 1s - Feral ‘tee hse wisi pea OF rT Name of Account [amar | Numberot [= NaweotAvcount | HaLzr ee Gata 7 Fo 2 f-siees Soutiand 102 Wainer 2 ia Diaond iss [Dairy Mart 32 Noon “0 [aca ameco 31 co w ron a .o .° etd","31 1818 22 15 24 19 15 209 32 151/15 81/9 138/9 140/13 117/9 118/8 166/15 115/13 163/11 DISTRIBUTION DIVISION: REGION: FULL Flint X FULL PARTIAL PARTIAL 13 12 13 X 196/13 16 TO: FROM: SUBJECT: GEOGRAPHY X 142 237 102 39 184 32 40 31 Emra Walmart 83641919 S. P. ZOLOT R. W. RICHARDSON OCT 05 SUBMISSION DATE DEC 21 NOV 16 OLD GOLD- LIGHT BOX 100'S PROGRESS REPORT (ONLY IF PARTIAL REGION, CONTINUE WITH DIVISION(S) SCOPE) DIVISION NAME: DIVISION NAME: DIVISION NAME: Detroit North Detroit East Grand Rapids DIVISION NAME: DIVISION NAME: DIVISION NAME: Detroit South Detroit West # REPS: # REPS: # REPS: Direct Accounts and Chains Headquartered within the Region (15+ Stores) Stocking No Old Gold Light Box 100's Name of Account Ind/Lor Volume Number of Stores Name of Account Ind/Lor Volume Number of Stores Quality Dairy Bay Stations Schmuckal Dil Wilson Oil Quik Stop Forwards Phil Flint Arbor Rx Imperial Oil Speedy Q Direct Accounts and Chains Headquartered Outside the Region. (15+ Stores) Stocking No Old Gold Light Box 100's Name of Account Ind/Lor Volume Number of Stores Name of Account Ind/Lor Volume Number of Stores Clark Gas 7- Eleven Southland Ultra Diamond Dairy Mart Mobil Oil ACA Amoco GOD Page 1 of 3",0.7271980279375514,0.8851674641148325,0.39473684210526316,0.215311004784689,0.27863777089783287,0.1618705035971223,576,1217,114,209,Missing text,Missing text | Numeric errors | Table-related errors,ok,
83772145,C:\Users\Yug\Documents\Internship\pdf-extraction-benchmark\datasets\FUNSD\images\83772145.png,C:\Users\Yug\Documents\Internship\pdf-extraction-benchmark\datasets\FUNSD\annotations\83772145.json,"a 196 Sa 31, 1997 112488 Wot ip anata LaWorrices _ FAX ° HOOK, HARDY & BACON. 4 | FAX ] FcR! ne sas lac | COVER 1200 Main Siret | Co Kansas City, Missouri 64105-2118 1 ‘Telephone (816) 474-6550 + Facsimile (816) 421-5547 JACK REILLY TELECOPYNO: 212/545.3297 | FROM: JIM DALEY #392 | DATE: JANUARY 31, 1997 TIME: | i | SHB Client Matter No.: LORI.4S048 Pages iransmited including cover sheet 3 « ORIGINAL DOCUMENT WILL FOLLOW VIA FEDERAL EXPRESS. Special Instructions: It you oxperience any problems, please call extension <2AI00 OPERATOR: Lot | COMMENTS MESSAGE: Jacks * Per your request, attached is a memo regarding, the process of labeling reviewed diskettes for the purpose of later identification. Please call me if you have any questions, regret cannot oin you andthe cloctronic document collection teum for huach today. Thopé you agres they have done an outstanding job! look forward to seeing you on February $ for the Legal Edge presentation, i Best Regards, Jim Daley. r Th damon ecompnyng ss mop Yanan conn code infra loging ea ener ca Teply vent. Tain ced ery or bot oa ren) eed sr. tect aed hat ay cat, copa, tibutn er eg fay aelen ence he ext oped nation riled Iysnave eevee, te del nd fy pone gs team fe ral Sue GrlZLce8","NO. 1796 P. #: TIME: TO: FROM: DATE: 392 OPERATOR: Jack CONFIDENTIALITY NOTICE 83772145 JAN 31. 1997 11: 48 AM FAX COVER LAW OFFICES SHOOK HARDY & BACON L. L. P. 1/ 3 FAX COVER One Kansas City Place 1200 Main Street Kansas City Missouri 64105- 2118 Telephone (816) 474 6550 Facsimile (816) 421- 5547 JACK REILLY TELECOPY NO: 212/ 545- 3297 LORI 45048 ORIGINAL DOCUMENT WILL FOLLOW VIA FEDERAL EXPRESS Pages transmitted including cover sheet: SHB Client Matter No: JANUARY 31, 1997 JIM DALEY If you experience any problems, please call extension 21000 Per your request, attached is a memo regarding the process of labeling reviewed diskettes for the purpose of later identification Please call me if you have any questions regret I cannot join you and the electronic document collection team for lunch today. I hope you agree they have done an outstanding job! I look forward to seeing you on February 5 for the Legal Edge presentation. Best Regards, Jim Daley The documents accompanying this transmission contain confidential information belonging to the sender Legally privileged The information is intented only for the Individual or entity named above pol pre intended recipen you heret notified that copying distribuar dhe crion Islance content or lecoled normation och If you have received this telecopy in error, please immediately notify us by telephone to arrange for return of the origin documents to us. COMMENTS/ MESSAGE: Special Instructions:",0.4951856946354883,0.7627118644067796,0.45701357466063347,0.4279661016949153,0.4420131291028446,0.28370786516853935,1235,1454,221,236,Missing text,Missing text | Numeric errors | Table-related errors,ok,
83823750,C:\Users\Yug\Documents\Internship\pdf-extraction-benchmark\datasets\FUNSD\images\83823750.png,C:\Users\Yug\Documents\Internship\pdf-extraction-benchmark\datasets\FUNSD\annotations\83823750.json,"(or ue 1:30 Fax 212 @ 5578 DPW 30-50 e oor DAVIS POLK & WARDWELL Fax Transmaitial Te Date {Ba tetnton Avene Robert H. Shaw, Esq. November 11, 1997 212-4804000, Company Lorillard Tobacco Company Fax Number Voice Number 910-336-7477 810-335-7720 Sender ‘Number of Pages (this page included) Charles Duggan 2 ‘Sender Voice Number Main Fax Operator Voice Number 212-450-4785 ‘Sender Fax Number 212-450-551 ‘Message: a roterue prac Gos dose Demin, dinwton or copying of salle rte intron teen by mons or he ended ‘espe or tr euployer of een reponse or ivi the message te ended espe, pokbad. youn eoved is fase er, flea ncfy ts sedate by telephone and etme ese yal rc) os Fond np w mt a f=)","001 Date To 2 Company Sender Reference Message: 83823750 Confidentiality Note: /97 TUE 18: 39 FAX 212 5578 DPW 30 -59 DAVIS POLK & WARDWELL Fax Transmittal 450 Lexington Avenue New York NY 10017 212- 450 4000 Robert H. Shaw, Esq. November 11, 1997 Lorillard Tobacco Company Fax Number Voice Number 910 -335- 7077 910 -335- 7720 Number of Pages (this page included) Charles Duggan Sender Voice Number Main Fax Operator Voice Number 212 -450- 4785 Sender Fax Number 212 -450 -5578 17560 -188 This facsimile intended only the person or entity to which it is addressed and may contain information that is privileged, confidential or otherwise protected from disclosure distribution or copying of this facsimile or the information herein by anyone other than the intended recipient, or an employee or agent responsible for delivering the message to the intended recipient is prohibited. If you love received the facsimile in error, please notify us immediately by telephone and return the facsimile by mail.",0.5079840319361277,0.7607361963190185,0.45454545454545453,0.3374233128834356,0.38732394366197187,0.24017467248908297,683,1002,121,163,Missing text,Missing text | Numeric errors | Table-related errors,ok,
83996357,C:\Users\Yug\Documents\Internship\pdf-extraction-benchmark\datasets\FUNSD\images\83996357.png,C:\Users\Yug\Documents\Internship\pdf-extraction-benchmark\datasets\FUNSD\annotations\83996357.json,"‘COUPON CODE REGISTRATION FORM To: FROM: ce: KELL SCRUGGS LEONARD JONES: V.LOsiTO M. TAHMASEB. G. BAROODY L STEVENS: B.VONDERUPPE —-D, istiagy BRANDS) APPLICABLE MEDIA TYPE MEDIA NAME ISSUE FREQUENCYIVEAR SPACEICOLOR COUPON ISSUE DATE COUPON EXPIRATION DATE CIRCULATION (#) CIRCULATION DATES GEOGRAPHICAL AREA(S) ‘COUPON VALUE PACKICARTON ADVERTISING CREATIVE TITLE ‘SIGNATURE OF INITIATOR 101499 3731/00 201,500 OCTOBER 1999 DISCOUNT SMOKERS -OG GROUPS | AND IL $1.00 OFF PACK PACK | DATE INITIATED ann4igg REQUIREMENTS REDEMPTION RESULTS . 2 ee 30N05 CODE ASSIGNED 0704 JOB # a - >) EST. REDENPTION 7 L£9296628","TO: FROM: CC: PACK/CARTON REQUIREMENTS PACK JOB# 07809 594 14% 30165 83996357 COUPON CODE REGISTRATION FORM KELLI SCRUGGS LEONARD JONES V. LOSITO M. TAHMASEB G. BAROODY L. STEVENS B. VON DER LIPPE D. Risling BRAND(S) APPLICABLE OLD GOLD DIRECT MAIL MEDIA TYPE MEDIA NAME ISSUE FREQUENCY YEAR SPACE/ COLOR 10/ 4/ 99 3/ 31/ 00 COUPON VALUE GEOGRAPHICAL AREA(S) CIRCULATION DATES CIRCULATION(#) COUPON EXPIRATION DATE COUPON ISSUE DATE 201, 500 OCTOBER 1999 DISCOUNT SMOKERS OG GROUPS IANDII $1 00 OFF PACK 4/ 14/ 99 ADVERTISING CREATIVE TITLE SIGNATURE OF INITIATOR DATE INITIATED REDEMPTION RESULTS CODE ASSIGNED EST. REDEMPTION",0.5853269537480064,0.8673469387755102,0.5222222222222223,0.47959183673469385,0.5,0.3333333333333333,612,627,90,98,Missing text,Missing text | Numeric errors | Table-related errors,ok,
85201976,C:\Users\Yug\Documents\Internship\pdf-extraction-benchmark\datasets\FUNSD\images\85201976.png,C:\Users\Yug\Documents\Internship\pdf-extraction-benchmark\datasets\FUNSD\annotations\85201976.json,"Marden- Keane, Inc. TRUE ""YOU FOUND IT"" SWEEPSTAKES SECOND PRIZE WINNER TRAVEL INFORMATION SHEET THE DESTINATION IN THE CONTINENTAL UNITED STATES I WISH TO TRAVEL TO 1S: NAME _ ADDRESS cry STATE_ 2IP. HOME PHONE BUSINESS PHONE NAME OF GUEST AGE RELATIONSHIP TO WINNER ASE LIST THREE ALTERNATIVE DATES YOU WOULD LIK: i AIRLINE (CHECK ONE) SMOKING NON-SMOKING SPECIAL DIETARY REQUIRE: Ts ANY ADDITIONAL INFORMATION YOU WOULD LIKE TO PROVIDE 2 8 8 3 a","NAME ADDRESS CITY STATE ZIP AGE 1. 2. 3. SMOKING 85201976 Marden - Kane, Inc. TRUE ""YOU FOUND IT"" SWEEPSTAKES SECOND PRIZE WINNER TRAVEL INFORMATION SHEET THE DESTINATION IN THE CONTINENTAL UNITED STATES I WISH TO TRAVEL TO IS: HOME PHONE BUSINESS PHONE NAME OF GUEST RELATIONSHIP TO WINNER PLEASE LIST THREE ALTERNATIVE DATES YOU WOULD LIKE TO TRAVEL MAJOR AIRPORT NEAREST YOUR HOME AIRLINE: (CHECK ONE) NON- SMOKING SPECIAL DIETARY REQUIREMENTS ANY ADDITIONAL INFORMATION YOU WOULD LIKE TO PROVIDE",0.32665330661322645,0.5125,0.7466666666666667,0.7,0.7225806451612902,0.5656565656565656,448,499,75,80,Character substitutions,Character substitutions | Numeric errors,ok,
85240939,C:\Users\Yug\Documents\Internship\pdf-extraction-benchmark\datasets\FUNSD\images\85240939.png,C:\Users\Yug\Documents\Internship\pdf-extraction-benchmark\datasets\FUNSD\annotations\85240939.json,"Ra FIPTR ANNUAL % A) FEBRUARY” ""19 21, counbs OF TOBACCO’ RNOWLEDGE REGISTRATION PORK NAME:___Grorce Rs TELFORD , TITLE:__prand Manager 4 COMPANY: Lorillera Y ADDRESS : O19 PEONE:__(212) 841-8787 CHECK ONE: Please reserve & room for me at the Sheraton-carttor XI willymake my own housing arrangenente, ARRIVAL DATE AND TIME:__2/18/80 7:00 P.M. Pe DEPARTURE DATE AND TIME: 2/21/e0 4:00 p.m, Please attach a brief (50 words or 80) autobiographical ketch. Note your firet, name or nickname, your current Professional re- sponsibilities,. enploynent background and whatever personal in- formation you feet would be helpful in giving your fellow student 8 an idea of your activities and interests. The sketches will be assembled and provided at the opening class session,","NAME: TITLE: COMPANY: ADDRESS: PHONE: Lorillard SHERATON- CARLTON HOTEL WASHINGTON, D. C. THE TOBACCO INSTITUTE FIFTH ANNUAL COLLEGE TOBACCO KNOWLEDGE REGISTRATION FORM FEBRUARY 19-21 1980 GEORGE R. TELFORD Brand Manager 666 Fifth Avenue, New York, NY 10019 (212) 841- 8787 CHECK ONE: Please reserve a room for me at the Sheraton- Carlton X I will my own housing arrangements. ARRIVAL DATE AND TIME: 2/18/80 7:00 P. M. DEPARTURE DATE AND TIME: 2/21/80 4:00 P. M. Please attach a brief (50 words or so) autobiographical sketch. Note your first name or nickname, your current professional re- sponsibilities, employment background and whatever personal in- formation you feel would be helpful in giving your fellow students an idea of your activities and interests. The sketches will be assembled and provided at the opening class session. Any questions? Call Connie Drath or Carol Musgrave at 800/424- 9876. **PLEASE RETURN IN SELF- ADDRESSED ENVELOPE BY FRIDAY, JANUARY 18, 1980**",0.376530612244898,0.5454545454545454,0.6271186440677966,0.4805194805194805,0.5441176470588236,0.37373737373737376,766,980,118,154,Missing text,Missing text | Numeric errors | Table-related errors,ok,
85540866,C:\Users\Yug\Documents\Internship\pdf-extraction-benchmark\datasets\FUNSD\images\85540866.png,C:\Users\Yug\Documents\Internship\pdf-extraction-benchmark\datasets\FUNSD\annotations\85540866.json,MEDIA CONTACT SHEET (Publication or station) (Locatlon/address) (Name) (Position) (Date) (Phone number) Reason for Contact Questions/Responses Additional Comments Inquiry handled by: (Name) 9980bSS8,(Name) (Date) (Position) (Name) 85540866 MEDIA CONTACT SHEET (Publication or station) Reason for Contact Questions/ Responses Additional Comments Inquiry handled by: (Location address) (Phone number),0.5628140703517588,0.68,0.8695652173913043,0.8,0.8333333333333333,0.7142857142857143,198,199,23,25,Character substitutions,Character substitutions | Layout issues,ok,
85629964,C:\Users\Yug\Documents\Internship\pdf-extraction-benchmark\datasets\FUNSD\images\85629964.png,C:\Users\Yug\Documents\Internship\pdf-extraction-benchmark\datasets\FUNSD\annotations\85629964.json,"CIGARETTE REPORT FORM YEAR: NO. PER PACK: BRAND NAME VAR. DESC: (SEE EXPLANATION) VARIETY UNIT SALES: VARIETY DOLLAR SALES: CIG, LENGTH: PILTER LENGTH: PILTER TYPE: FLAVORING OVERWRAP: PACK TYPE: AST MANUFACT, DATE:____ 1ST SALES DATE:____ LAST SOLD DATE:__ YEARLY SUMMARY: TAR: NICOTINE: CARBON MON ADVERTISING EXPENDITURES (SEE EXPLANATION) CAT-A-EXPENSES:____ CAT-B-EXPENSES:__—» CAT-C-EXPENSES:__ CAT-D-EXPENSES:__—- CAT-E-EXPENSES:__——CAT-P-EXPENSES: CAT-G-EXPENSES:__—CAT-H-EXPENSES:__—=CAT-I-EXPENSES:____ CAT-J-EXPENSES:___ CAT-K-EXPENSES:__—» CAT-L-EXPENSES:____ CAT-M-EXPENSES:___—CAT-N-EXPENSES:___ TOTAL ADVERTISING EXPENDITURE: 9662953",YEAR: OVERWRAP: NICOTINE: TAR: 85629964 CIGARETTE REPORT FORM BRAND NAME: NO. PER PACK VAR. DESC: (SEE EXPLANATION) VARIETY UNIT SALES: VARIETY DOLLAR SALES: CIG. LENGTH: FILTER LENGTH: FILTER TYPE: FLAVORING: PACK TYPE: LAST SOLD DATE: IST MANUFACT. DATE: YEARLY SUMMARY: IST SALES DATE: CARBON MONO: ADVERTISING EXPENDITURES (SEE EXPLANATION) CAT- A- EXPENSES: CAT- D- EXPENSES: CAT- G- EXPENSES: CAT- J- EXPENSES: CAT- M- EXPENSES: TOTAL ADVERTISING EXPENDITURES: CAT- B- EXPENSES: CAT- E- EXPENSES: CAT- H- EXPENSES: CAT- K- EXPENSES: CAT- N- EXPENSES: CAT- C- EXPENSES: CAT- F- EXPENSES: CAT- I- EXPENSES: CAT- L- EXPENSES:,0.4124203821656051,0.7553191489361702,0.5967741935483871,0.39361702127659576,0.47435897435897434,0.31092436974789917,648,628,62,94,Missing text,Missing text | Table-related errors,ok,
86075409_5410,C:\Users\Yug\Documents\Internship\pdf-extraction-benchmark\datasets\FUNSD\images\86075409_5410.png,C:\Users\Yug\Documents\Internship\pdf-extraction-benchmark\datasets\FUNSD\annotations\86075409_5410.json,"From: Lynnette Stevens To: Kell Seuss CC: Vincent Losito on Kiting George Baroody ech C. Wit © Brandis) Applicable [Newport Patent Lights. & 120% © Media type Direct Mai © Media Name Competitive 21-34 yeas @ — * Issue Frequency / Year © Spaces Color © Coupon tue Date ansioo © Coupon Expiration Date 973010 © Circulation) APPROX. 60.000 ARAZAK.CA,COFLIDIACT MEMASSMNMT.NE, © Geographical Aral) Tiers 1 & IV NV. D.UN.WAD.C.WY © Coupon Vale S150 oFe © Peckand/ or Caron? Pack © + Advenisng Creative Title © Signature of titiator © Date initiated 2iJank Analytical Requirements: FOR CONTROL USE ONLY Code Assigned 05 18T ob Number Est Redemption [3% * Where Applicable 60752098","From: To: CC: Circulation(#) 86075409 Tiers II, & IV Lynnette Stevens Kelli Scruggs Vincent Losito George Baroody S. Tesh C. Hill Don Kisling Brand(s) Applicable Media Type Media Name Issue Frequency/ Year *Space/ Color Coupon Issue Date Coupon Expiration Date Geographical Area(s) Coupon Value Pack and/ or Carton? Advertising Creative Title. Signature of Initiator Date Initiated Analytical Requirements Newport Parent, Lights. & 120's Direct Mail Competitive 21- 34 years 4/ 14/ 00 9 /30 00 APPROX 600. 000 AR. AZ.A K CA CO FL ID IA. CT, ME, MASS, MN, MT, NE, NV, NM, NY ND, DK, OR, RL, SD, WA, DC, WY $1. 50 OFF PACK 21- Jan 00 FOR CONTROL USE ONLY Code Assigned Job Number Est. Redemption 05787 13% * Where Applicable",0.7077562326869806,0.888,0.4375,0.392,0.41350210970464135,0.26063829787234044,674,722,112,125,Missing text,Missing text | Numeric errors | Table-related errors,ok,
86079776_9777,C:\Users\Yug\Documents\Internship\pdf-extraction-benchmark\datasets\FUNSD\images\86079776_9777.png,C:\Users\Yug\Documents\Internship\pdf-extraction-benchmark\datasets\FUNSD\annotations\86079776_9777.json,". CREATIVE INPUT DOCUMENT SPECIFICS Date/Time: 10/30/98 1:46 PM _ Client Name: Prepared By: Matter Number Milestone Presentation Date: Project Title: Estimated Creative Butiget: Est. Production Budget: Concent: Execution: Media: _ OBJECTIVE Why are we advertising? Wat 0 wo plan fo achive? 1 Retatonship- outing CG Retenton ‘a Acauston Loyal 1 Compete Blocking O cress Set DB Upsat Lead Generation Now ProductPackage ito. 1 Direct Sle DAvareness == Teal {3 change mage Perception Gober To whom are we talking? Whois tho primary targol fs there a secondary ergot? What I their relationship to the brand, and what do they cent thnk about A? COMMUNICATION PLATFORA! What is the single most important message/idea we are trying to communicate? Whats th unique seling poston tot wl ep us achive our advartsng goal? Are thare any secondary messages? What is the key benefit to the target? Wat's in orto eaer? Js there an otter/eall te action? Vt are we ofering the target to persuade hiner lo act now? (A pramium, swaepstakes, itedtine ofr, fe information, or something ese?) What would we like our target to think? ‘ihat would ou target say for being exposed to our program? ‘clmy documents\wp\sample cid. doo 1 0f2 10/30/98 01:46 PM 9LL6L098","SPECIFICS Execution: Media: OBJECTIVE TARGET COMMUNICATION PLATFORM 86079776 CREATIVE INPUT DOCUMENT Date/ Time: Prepared By: 10/30/98 1:46 PM Milestone Presentation Date: Estimated Creative Budget: Concept: Client Name: Matter Number: Project Title: Est. Production Budget: Why are we advertising? What do we plan to achieve? To whom are we talking? Who is the primary target? Is there a secondary target? What is their relationship to the brand what do they currently think about it? What is the single most important message/idea we are trying to communicate? What is the unique selling position that will help us achieve our advertising goal? Are there any secondary messages? What is the key benefit to the target? What's in it for the reader? Is there an offer/call to action? What are we offering the target to persuade him/her to act now? (A premium, sweepstakes, limited-time offer, free information, or something else? What would we like our target to think? What would our target say after being exposed to our program? c:\my documents\wp\sample cid. doc 1 of 2 10/30/98 01:46 PM ☐ Loyalty ☐ Lead Generation ☐ Trial ☐ Acquisition ☐ Up-Sell ☐ Awareness ☐ Retention ☐ Cross-Sell ☐ Direct Sale ☐ Other ☐ Change Image Perception ☐ New Product/Package Intro. ☐ Competitive Blocking ☐ Relationship-Building",0.5301296720061022,0.719047619047619,0.5931372549019608,0.5761904761904761,0.5845410628019324,0.4129692832764505,1237,1311,204,210,Numeric errors,Numeric errors | Table-related errors,ok,
86220490,C:\Users\Yug\Documents\Internship\pdf-extraction-benchmark\datasets\FUNSD\images\86220490.png,C:\Users\Yug\Documents\Internship\pdf-extraction-benchmark\datasets\FUNSD\annotations\86220490.json,"LORILLARD TOBACCO COMPANY Market Planning and Information Department Autodial_ Susan Smith 335-7733 835-7150 _ __ 8/81/91 3 (including this cover page) Mike, As promised, here are: -- Approval for AWS Quarterly Store Count Database to begin 3rd Quarter 1998 ~ Table showing significant jump in Convenience Store market importance in 2nd Quarter 1998 Talk to you soon! = Sus OcvO2298","To: Firm: FAX #: From: Date: MSA Autodial Mike, 8622042 LORILLARD TOBACCO COMPANY Market Planning and Information Department Mike Mozina Susan Smith 335- 7733 335- 7150 FAX #: Phone #: 8/ 31/ 98 3 (including this cover page) # Pages: - Approval for AWS Quarterly Store Count Database to begin 3rd Quarter 1998 - Table showing significant jump in Convenience Store market importance in 2nd Quarter 1998 Talk to you soon! As promised, here are:",0.3009049773755656,0.4533333333333333,0.8166666666666667,0.6533333333333333,0.725925925925926,0.5697674418604651,382,442,60,75,Numeric errors,Numeric errors | Table-related errors,ok,
86230203_0206,C:\Users\Yug\Documents\Internship\pdf-extraction-benchmark\datasets\FUNSD\images\86230203_0206.png,C:\Users\Yug\Documents\Internship\pdf-extraction-benchmark\datasets\FUNSD\annotations\86230203_0206.json,12/12/98 08:33 B04 7348016 LORILLARD TOB Boo1/004 KA. Spariow From: | #.Stlekiand vecis>x] —Feses[— saw 2s [_] APRA Sussecr: MAVERICK SPECIALS ~ PROGRESS REPORT [seoonaeny| REGION: Fut PARTIAL (ONLY If PARTIAL REGION CONTINUE WITH OIVISION(S) SCOPE) pivision: uu PARTIAL DIVISION NAME: DIVISION NAME: oners DIVISION NAM ___pivision nae: # REPS DIVISION NAME: DIVISION NAME: wrens DISTRIBUTION DIRECT ACCOUNTS AND CHAINS HEADQUARTERED WITHIN THE RE! 151 STORES) STOCKING NO MAVERICK SPEC! Wo. OF |. “NO: OF i NAME OF ACCOU! ___| stores STORES Kas 199] Seyie oi 20 Delehemps 130] Dentaer 19] Winn Die 85] Soutoos Foose 10 Sehwegmann ~29| Compas Foods 12] 7 26] Beyou Foods 17 36] Econ 18] co 23 - o nN Huber Ou 23 o Moule Core 22 ° - nN ° a MaveRos Page tof4 11-Dee=96,TO: FROM: SUBJECT: X GEOGRAPHY REGION: DIVISION: FULL PARTIAL x FULL PARTIAL DISTRIBUTION Seyle Dantzlen Econ 180 130 20 19 18 18 17 16 K&B Delchamps Litco 85 39 36 36 23 23 22 86230203 Page 1 of 4 MAVPROG 11-Dec-96 12/12/96 08:33 204 7348616 LORILLARD TOB NYO 1 0001/ 004 K. A. Sparrow F. Strickland MAVERICK SPECIALS- PROGRESS REPORT SUBMISSION DATE DEC 13 JAN 25 FEB 24 APR 4 (ONLY IF PARTIAL REGION CONTINUE WITH DIVISION(S) SCOPE) DIVISION NAME: DIVISION NAME: DIVISION NAME: # REPS # REPS # REPS DIVISION: DIVISION NAME: DIVISION NAME: DIRECT ACCOUNTS AND CHAINS HEADQUARTERED WITHIN THE REGION (15+ STORES) STOCKING NO MAVERICK SPECIALS NAME OF ACCOUNT NO. OF STORES NAME OF ACCOUNT NO OF STORES Winn Dixie Schwegmann Aurry Greer Double Huber Oil Morris Corp Bayou Foods Compac Foods Southeast Foods,0.7158808933002482,1.0,0.4198473282442748,0.40145985401459855,0.41044776119402987,0.25821596244131456,766,806,131,137,Missing text,Missing text | Numeric errors | Table-related errors,ok,
86236474_6476,C:\Users\Yug\Documents\Internship\pdf-extraction-benchmark\datasets\FUNSD\images\86236474_6476.png,C:\Users\Yug\Documents\Internship\pdf-extraction-benchmark\datasets\FUNSD\annotations\86236474_6476.json,"TO: Mrs. K.A. Sparrow SUBMISSION DATE: FROM: RG. Ryan JUNE 7 AUG. 2 oct.7 NEWPORT LIGHTS HEAVY UP PROGRESS REPORT IN ALLOWANCE: EFFECTIVENESS OF DISTRIBUTI DIRECT ACCOUNT/WHOLESALERS: Distribution allowance was very effective in accomplishing our objectives. All accounts have purchased introductory products. _ DIRECT ACCOUNT CHAINS Eagle Foods is the only Void. _ NON—DIRECT ACCOUNT CHAINS: Reception from these accounts is most positive with a solid incentitive to purchase. _ EFFECTIVENESS OF THE RETAIL (1.00 OFF CARTON) DISTRIBUTION ALLOWANCE: —_—_Has been most helpful in acquiring desireable distribution _ when needed by Sales Reps. PROMOTIONAL ACTIVITY 40c OFF PACK — GENERAL MARKET: — The 40c off promotions continue to be well received at the retail stores and by consumers, as well. bLY9SZ98","TO: FROM: 8623474 ☑ Mrs. K. A. Sparrow R. G. Ryan JUNE7 AUG.2 OCT.7 SUBMISSION DATE: NEWPORT LIGHTS HEAVY UP PROGRESS REPORT EFFECTIVENESS OF DISTRIBUTION ALLOWANCE: DIRECT ACCOUNT/ WHOLESALERS: Distribution allowance was very effective in accomplishing our objectives. All accounts have purchased introductory products. DIRECT ACCOUNT CHAINS: Eagle Foods is the only Void. NON- DIRECT ACCOUNT CHAINS: Reception from these accounts is most positive with a solid incentitive to purchase. EFFECTIVENESS OF THE RETAIL (1 00 OFF CARTON) DISTRIBUTION ALLOWANCE: Has been most helpful in acquiring desireable distribution when needed by Sales Reps. PROMOTIONAL ACTIVITY 40c OFF PACK- GENERAL MARKET: The 40c off promotions continue to be well received at the retail stores and by consumers, as well.",0.14627994955863807,0.2796610169491525,0.8181818181818182,0.8389830508474576,0.8284518828451883,0.7071428571428572,804,793,121,118,Character substitutions,Character substitutions | Numeric errors,ok,
86244113,C:\Users\Yug\Documents\Internship\pdf-extraction-benchmark\datasets\FUNSD\images\86244113.png,C:\Users\Yug\Documents\Internship\pdf-extraction-benchmark\datasets\FUNSD\annotations\86244113.json,"DIVISION: DATES: ‘ACCOUNT: INVENTORY FOR: {STATES DIRECT ACCOUNT STATUS REPORT #OFCARTONS AVERAGE WEEKLY = # OF WEEKS BRAND ‘ON HAND MOVEMENT ON HAND STYLE LIGHT 10'S STYLE LIGHT MENTHOL 100'S. STYLE LIGHT BOX 10'S STYLE MEN, LIGHT BOX 100'S STYLE SUM LIGHT 10'S STYLE SLIM MEN. LT. 100°S NOTE: REPORT STYLE INVENTORY ONLY. ‘SUBMIT REPORT ONLY IF STYLE 1S STILL ON HAND IN THIS ACCOUNT. CC: REGIONAL SALES MANAGER, ALL DIVISIONS SERVICED BY THIS ACCOUNT. ‘ACTION PLAN: i LlLLbpysoe STYUEREP","DIVISION: ACCOUNT: (STATE) DATES: BRAND NOTE: ACTION PLAN: CC: 8624113 STYLEREP INVENTORY FOR: DIRECT ACCOUNT STATUS REPORT # OF CARTONS ON HAND AVERAGE WEEKLY MOVEMENT # OF WEEKS ON HAND STYLE LIGHT 100'S STYLE LIGHT MENTHOL 100'S STYLE LIGHT BOX 100'S STYLE MEN. LIGHT BOX 100'S STYLE SLIM LIGHT 100's STYLE SLIM MEN. LT. 100's REPORT STYLE INVENTORY ONLY. SUBMIT REPORT ONLY IF STYLE IS STILL ON HAND IN THIS ACCOUNT. REGIONAL SALES MANAGER, ALL DIVISIONS SERVICED BY THIS ACCOUNT.",0.33264462809917356,0.45,0.775,0.775,0.775,0.6326530612244898,490,484,80,80,Character substitutions,Character substitutions | Numeric errors,ok,
86263525,C:\Users\Yug\Documents\Internship\pdf-extraction-benchmark\datasets\FUNSD\images\86263525.png,C:\Users\Yug\Documents\Internship\pdf-extraction-benchmark\datasets\FUNSD\annotations\86263525.json,"RECORDS RETENTION SCHEDULE RECONCILIATION RECORDS MANAGEMENT DEPARTMENT - M/C DEPARTMENT NAME SCIENCE & TECHNOLOGY COST CENTER NUMBER 141. INDEX BINDERS CONSOLIDATED BY: N/A DATE INDEX BINDER RE-LABELED BY: * x00 Mossusan, DATE 2/15/90 RETENTION & RECOMMENDATION FILE REORGANIZED AND RE-LABELED BY: N/A DATE RECORDS RETENTION SCHEDULE PLACED IN INDEX BINDER AND IN FILE BY: Lupe Baugh DATE 4/18/90 BOXES CREATED FOR HARD COPY PERMANENT RETENTION RECORDS BY: N/A DATE RECORDS TRANSFER INVENTORY FORMS UPDATED BY: Whoa Bru DATE 7/25/90 SOOGTTESOS",DATE DATE DATE DATE DATE DATE 141 N /A N /A 2051119008 RECORDS RETENTION SCHEDULE RECONCILIATION RECORDS MANAGEMENT DEPARTMENT - M /C DEPARTMENT NAME SCIENCE & TECHNOLOGY COST CENTER NUMBER INDEX BINDERS CONSOLIDATED BY: N /A INDEX BINDER RE- LABELED BY: Mallery 2 /15 /90 RETENTION & RECOMMENDATION FILE REORGANIZED AND RE- LABELED BY: RECORDS RETENTION SCHEDULE PLACED IN INDEX BINDER AND IN FILE BY: Wayne Boughan 4 /18 /90 BOXES CREATED FOR HARD COPY PERMANENT RETENTION RECORDS BY: RECORDS TRANSFER INVENTORY FORMS UPDATED BY: Wayne Baughan 7 /25 /90,0.25405405405405407,0.4444444444444444,0.775,0.6888888888888889,0.7294117647058822,0.5740740740740741,544,555,80,90,Numeric errors,Numeric errors | Table-related errors,ok,
86328049_8050,C:\Users\Yug\Documents\Internship\pdf-extraction-benchmark\datasets\FUNSD\images\86328049_8050.png,C:\Users\Yug\Documents\Internship\pdf-extraction-benchmark\datasets\FUNSD\annotations\86328049_8050.json,"Fobtinan 10:83 FrorHaTon WIL wate TELECOPY INFORMATION HUNTON & WILLIAMS Riveriront Plaza 951 East Byrd Street Richmond, Virginia 23219-4074 (804)788-8200 2nd Floar Telecopier Ken Forrest 212-403-2211 ‘Tom Frederick 312-558-5700 Tom Griffin 617-523-1231 Even Hurwitz. 202-942-5999 Bary LeviniCurt Caton 415-772-6268 Barbara Robbins 212-403-2033 Greg Stane/Ron Olson 213-687-3702 Bill Allinder/Jeff Nelson 816-421-2708 Steve Krighaum 917-663-6593 ‘Tom Stoever 303-832-0428 Judy Bernstein-Gaeta 202-042-5999 Dal Burton 404-681-8330 Andy McGaan 312-861-2200 James Wilson 938-338-7707 Eric Sarner/Doug Flemming! Peter McKenna 212-735-2000 ‘Thomas McKim 336-741-0671 D. Scott Wise 212-450-4800 4_ Pages (Including Cover) Original to foliow in mail: [] Yes [No r a Telecopier Nos. (804)788-8218 (804)788-8219 (804)788-8668 67082898","TO: Name: Name: Name: Name: Name: Name: Name: Name: Name: Name: Name: Name: Name: 4 Yes No ☑ Name: Name: Name: Name: 1426 86328049 Feb-24-99 10:53 From- UNTON WILL T-122 P.01/04 F-066 TELECOPY INFORMATION HUNTON & WILLIAMS Riverfront Plaza 951 East Byrd Street Richmond, Virginia 23219 -4074 (804)788-8200 2nd Floor Telecopier Telecopier Nos. (804) 788- 8218 (804) 788- 8219 (804) 788- 8669 FAX NO: FAX NO: FAX NO.: FAX NO.: FAX NOc.: FAX NOv FAX NOv FAX NOv FAX NOv FAX NOv FAX NOv FAX NOv FAX NOv FAX NOv FAX NOv FAX NOv FAX NO.: Pages (Including Cover) Original to follow in mail: Ken Forrest 212- 403- 2211 Tom Frederick 312- 558- 5700 Tom Griffin 617- 523- 1231 Ever Hurwitz 202- 342- 5999 Barry Levin/ Curl Caton 415- 772- 6268 Barbara Robbins 212- 403- 2033 Greg Stone/Ron Olson 213- 687- 3702 Bill Allinder/Jeff Nelson 816- 421- 2708 Steve Krigbaum 917- 663- 5593 Tom Stoever 303- 832- 0428 Judy Bernstein- Gaeta 202- 942- 5999 Dal Burton 404- 581- 8330 Andy McGaan 312- 861- 2200 James Wilson 336- 335- 7707 Eric Sarner/ Doug Flemming/ Peter Mckenna 212- 735- 2000 Thomas McKim 336- 741- 0671 D. Scott Wise 212- 450- 4800",0.5451327433628319,0.8542713567839196,0.5247524752475248,0.2663316582914573,0.35333333333333333,0.2145748987854251,825,1130,101,199,Missing text,Missing text | Numeric errors | Table-related errors,ok,
87086073,C:\Users\Yug\Documents\Internship\pdf-extraction-benchmark\datasets\FUNSD\images\87086073.png,C:\Users\Yug\Documents\Internship\pdf-extraction-benchmark\datasets\FUNSD\annotations\87086073.json,"DECISION TREE ESTIMATION OF TOXIC RISK P<"". D. Egle and R. F. Dufresne [“ August 14, 1990 Vanitrope crag XS ‘CH3CH,O Shs OH sree TORENT CAS TSS TOT EOE HER mr Bis same ‘This ethoxy substituted aromatic falls into class III. Tp: Regearch Chemist R. F. Dufre: Research Chemist £4098028 PRO RT ME","DATE STRUCTURE COMMENTS J. D. Engle R. F. Dufresne Vanitrope III B134 87086073 DECISION TREE ESTIMATION OF TOXIC RISK J. D. Ergle and R. F. Dufresne August 14, 1990 COMPOUND NAME CH3CH2O OH ESTIMATED TOXICITY CLASS LORILLARO COMPOUND CODE NUMBER This ethoxy substitued aromatic falls into class III. Research Chemist Research Chemist LORILLARD RESEARCH CENTER FORM",0.5357142857142857,0.75,0.5094339622641509,0.48214285714285715,0.4954128440366973,0.32926829268292684,293,364,53,56,Missing text,Missing text | Numeric errors,ok,
87093315_87093318,C:\Users\Yug\Documents\Internship\pdf-extraction-benchmark\datasets\FUNSD\images\87093315_87093318.png,C:\Users\Yug\Documents\Internship\pdf-extraction-benchmark\datasets\FUNSD\annotations\87093315_87093318.json,"Date: 3/14/90 20-B-1 - Semple No. 1194-90 ‘Type of Cigarette 100m Filter Batch Size 47.5 Ibs. Original Request Made By J.H. Bell on 2/15/90 Purpose of Sample Cigarette Modification B-451 Sample Specifications Written By C.W. Lassiter BLED cass RECASING FINAL FLAVOR MENTHOL Betached Tone ‘Etached None None Cigarettes Filters Yoker KB Section A Section B Tength 99.0 om 2m .~ im Filter Length 27m Kind 3.3/35,000 Circumference 24.8 mm OG tt. Weight 78.0g/100 Rod Length 108 mm Paper 81-01-07 Pressure Drop 400 mm ‘Tip. Paper i 24.45 mm 75.3q/100 ‘Tip. Paper Por. 78 Kent Glue Poller 84-52-28 Air Dilution 56 Wrapping = Labels White Lassiter/Douglas Closures Blue MEG. ‘Tear Tape White James cartons White Markings ‘Semple No. on Janes each Carton irerents Laboratory Analysis: porary tray ¥ainstream Analysis Other ial Requirements STEEGOLE TESCO,","Date: on BLEND CASTING RECASING MENIHOL Filters Cigarettes Maker Length Circumference Weight Paper Kind Circumference Weight Plast. 3/14/90 Attached None Attached None None mm 430 G White Blue White White James James MFG. Wrapping Responsibility Closures Labels Cartons Markings Shipping Requirements Laboratory Analysis: 87093315 90- B- 1 1194- 90 100 mm Filter 47.5 lbs. Original Request Made By J. H. Bell 2/15/90 Purpose of Sample Cigarette Modification B- 451 Sample Specifications Written By C. W. Lassiter FINAL FLAVOR MK 8 99.0 mm 27 mm 24.8 mm 78.0 g / 100 81- 01- 07 25- 04- 07 67 mm White Sample No. Type of Cigarette Batch Size Filter Length Tip. Paper Tip. Paper Por. Glue Roller Air Dilution 13.0 % Section A Section B 27 mm 3.3/ 35,000 OG Lt. 108 mm 400 mm 24.45 mm 75.3 30g / 100 7 % Kent 84- 52- 28 655 Rod Length Pressure Drop Plug Wrap Plug Wrap Por. Comb. Wrap Comb. Wrap Por. Tobacco Blend Filter Production Making & Packing Sample Requistion (Form 02: 20: 06) Lassiter/ Douglas Tear Tape Sample No. on each Carton Laboratory Other 1 Tray Mainstream Smoke Analysis Special Requirements Director, Product Development",0.6919014084507042,0.8556701030927835,0.6240601503759399,0.42783505154639173,0.5076452599388379,0.3401639344262295,847,1136,133,194,Missing text,Missing text | Numeric errors | Table-related errors,ok,
87125460,C:\Users\Yug\Documents\Internship\pdf-extraction-benchmark\datasets\FUNSD\images\87125460.png,C:\Users\Yug\Documents\Internship\pdf-extraction-benchmark\datasets\FUNSD\annotations\87125460.json,"= PINAL REPORT AMENDMENT ' 88 2 + gay STUDY NAME_tnduction of Hepatic Enzymes in Rats (5202) STUDY NOMBER_1-7016.401 INITIATION DATEQctober 27, 1986 DATE OF FINAL REPORT february 26, 1987 PART OF FINAL REPORT TO BE AMENDED (EXACT LOCATION) Page 14 and Table 4 REASON FOR THE AMENDMENT request from sponsor AMENDMENT (Attach additional sheets as necessary) see attached APPROVALS ter DAT Wy), O9bS2TLS osu a QUALITY ASSURANCE DATE","87125460 APPROVALS DATE DATE STUDY DIRECTOR FINAL REPORT AMENDMENT STUDY NAME Induction of Hepatic Enzymes in rats (B202) STUDY NUMBER I- 7016. 401 INITIATION DATE October 27, 1986 DATE OF FINAL REPORT February 26, 1987 PART OF FINAL REPORT TO BE AMENDED (EXACT LOCATION) Page 14 and Table 4 REASON FOR THE AMENDMENT Request from sponsor AMENDMENT (Attach additional sheets as necessary) see attached 8/ 7/ 87 08/ 14/ 87 QUALITY ASSURANCE",0.2328767123287671,0.4027777777777778,0.7101449275362319,0.6805555555555556,0.6950354609929078,0.532608695652174,429,438,69,72,Numeric errors,Numeric errors,ok,
87137840,C:\Users\Yug\Documents\Internship\pdf-extraction-benchmark\datasets\FUNSD\images\87137840.png,C:\Users\Yug\Documents\Internship\pdf-extraction-benchmark\datasets\FUNSD\annotations\87137840.json,"TEST ARTICLE. RECEIPT TA #3___7072810 Lori llare SPONSOR'S NAME: ‘TEST ARTICLE TDENTIFICATTON: _ 8220 2 SEES (CONDETEN OF Sane! ax) HON zap tor-4:, SHIPPED VIA:__Direct: Sxveess Clear brown liquid PHYSICAL DESCRIPTION: NO. OF CONTAINERS: __ one (OSS WEIGHT: lot rovaced NED -WEIGHD (4 provided) : 100 $ EXPIRATION DATE: _ot_“rovided SPECIAL: HANDLING REQUIREMEMS:_- Store refrigerated in dark: 93/01/90",DATE: DATES: BROKEN LEAKED GOOD T07281A Lorillard 012590 One B220 87137840 TEST ARTICLE RECEIPT TA #: SPONSOR'S NAME: TEST ARTICLE IDENTIFICATION: LOT #: CONDITION OF SHIPMENT: SHIPPED VIA Direct Exress Clear brown liquid PHYSICAL DESCRIPTION: NO. OF CONTAINERS: GROSS WEIGHT Not provided NET WEIGHT (if provided): 100 g Not provided EXPIRATION DATE: SPECIAL HANDLING REQUIREMENTS: Store refrigerated in dark. RECEIVED BY: 03 /01 /90 STUDY DIRECTOR /DEPARTMENT Ray David SIGATURE OF DEPARTMENT CONSIGNEE: 03 /02 /90,0.541747572815534,0.8157894736842105,0.39655172413793105,0.3026315789473684,0.3432835820895523,0.2072072072072072,402,515,58,76,Missing text,Missing text | Numeric errors | Table-related errors,ok,
87147607,C:\Users\Yug\Documents\Internship\pdf-extraction-benchmark\datasets\FUNSD\images\87147607.png,C:\Users\Yug\Documents\Internship\pdf-extraction-benchmark\datasets\FUNSD\annotations\87147607.json,"OD purcuasina PURCHASE REQUISITION erte-79 11s Ci starionany PLEASE INCLUDE ONLY ONE TYPE OF MATERIAL ON THIS REQUIITION April 19, 198¢ | | voor TOR PORCRASTHG BEPARTTENT OFT ORT ORDER RS. Piedmont Research Laboratory 2748 Patterson Ave., Greensboro, 4c TUT ‘Prev. oF Recommended Supplier i TERMS, F089. N/A via N/A Sar N ag RTE WARES Toriiierd Researen center Ne As thaggard [As required 420 English St., Greensboro, NC 27405 ‘Quanity ‘CODE OESCRIPTION UNIT PRICE This is you} auth zation to prepare cigarette smoke conflensate according tq the protocol ""Standard Operating Procedure fbr the Preparation lof Smoke Condensate for Mouse Skin Bioassay,""| for the prepared acdording to a time schedule provided by Lorillafa. the fixed price |for condensate collection will be at a rate of $1,750/10,040 cigarettes smoked. Piedmont will pay the cbst of consumable qupplies. This work is to be conducted in accbrdance [Tien ee ocdnios 6, iste funn ageeoone vetanenPladaat seach Laboratorieq and Lorillard. All work is to be coordinate! with our i Neil Thaggard (919) 373-6628. | Cc woe | WP Mraxersgpre","VENDOR TERMS CODE DESCRIPTION QUANTITY DEPARTMENT USE ONLY NC DATE Prev. UNIT PRICE 4111 8700 87147607 FOR PURCHASING ☐ PURCHASING ☐ STATIONARY PURCHASE REQUISITION PLEASE INCLUDE ONLY ONE TYPE OF MATERIAL ON THIS REQUISITION P. O. 1534 LT-1979 April 19, 1988 Piedmont Research Laboratory 2748 Patterson Ave., Greensboro, ORDER NO or Recommended Supplier Lorillard Research Center N. A. Thaggard As required DATE WANTED SHIP TO (DEPT BRANCH) 27407 NET 15 F. O. B. N/A VIA N/A 420 English St., Greensboro, NC 27405 This is your authorization to prepare cigarette smoke condensate according to the protocol ""Standard Operating Procedure før the Preparation of Smoke Condensate for Mouse Skin Bioassay,"" for the period April 1, 1988 through December 31, 1988. Condensate will be prepared acording to a time schedule provided by Lorillard. The fixed price for condensate collection will be at a rate of $1, 750/10, 000 cigarettes smoked. Piedmont will pay the cost of consumable supplies. This work is to be conducted in accordance with the December 10, 1984 formal agreement between Piedmont Reseach Laboratories and Lorillard. All work is to be coordinated with our Mr. Neil Thaggard (919) 373-6628 FOLLOW UP DATE BUDGET NO. REQUISITION NO. ISSUED BY APPROVED BY DEPT. NO. ACCT. NO.",0.43359375,0.6274509803921569,0.5804597701149425,0.4950980392156863,0.5343915343915344,0.36462093862815886,1097,1280,174,204,Missing text,Missing text | Numeric errors | Table-related errors,ok,
87332450,C:\Users\Yug\Documents\Internship\pdf-extraction-benchmark\datasets\FUNSD\images\87332450.png,C:\Users\Yug\Documents\Internship\pdf-extraction-benchmark\datasets\FUNSD\annotations\87332450.json,"47"" TCRC REGISTRATION FORM —_—_—_— Name: Tile Piet Midate Tas Institution: Address: ‘Sweet 7.0. Bax en Sate IP Code Connery Telephone: PAX Name of guest: Continent! Breifas on Tuesicy _Brealfast on Wednexdey Fall Foliage Tour on Tuesday = catanan Vilage Tour on Wednesday Advance Registration Fee: (prior to September 1) $135.00 Late Registration Fee: (after September 1) $150.00 Bxtra banquet tickets @ $40.00 Ground Transportation (round trip) $30.00 TOTAL Please complete this portion if you need transportation from and to the Knoxville Airport. No, ta Pary:. DATE TIME CARRIER FLIGHT # Arrival Departures Send this registration form, along with payment to the address noted below. Enclose a check (or international money order payable in U.S. funds to the University of Tennessee - 47th TCRC. ‘Mail 10: Dr. Phil P. Hunter U. T. Tobacco Experiment Station Telephone: (615) 638-6532 Route 5 Box 113 FAX: (615) 638-6458 Greeneville, TN 3743 OSP2EELS","Name: First Title Middle Last Institution: Street City State ZIP Code Country Telephone: TOTAL DATE TIME Arrival: Departure: CARRIER 87332450 Telephone: FAX: Address: 47th TCRC REGISTRATION FORM Please type or print FAX #: P.O. Box# Name of guest: Continental Breakfast on Tuesday Fall Foliage Tour on Tuesday Breakfast on Wednesday Craftsman Village Tour Wednesday Advance Registration Fee: (prior to September 1) after September Late Registration Fee $135 00 $150 00 $ 30. 00 Ground Transportation (round trip) Extra banquet tickets tickets $40. 00 Please complete this portion if you need transportation from and to the Knoxville Airport. No. in Party: FLIGHT # Send this registration form, along with payment to the address noted below. Enclose a check or international money order payable in U. S. funds to the University of Tennessee - 47th TCRC Mail to: Dr. Phil P. Hunter U. T. Tobacco Experiment Station Route 5 Box 113 Greeneville, TN 37743 (615) ) 638- 5532 (615) ) 638- 6458",0.4614604462474645,0.56875,0.6912751677852349,0.64375,0.6666666666666667,0.5,951,986,149,160,Numeric errors,Numeric errors,ok,
87428306,C:\Users\Yug\Documents\Internship\pdf-extraction-benchmark\datasets\FUNSD\images\87428306.png,C:\Users\Yug\Documents\Internship\pdf-extraction-benchmark\datasets\FUNSD\annotations\87428306.json,"COMPOUND PHYSICAL PARAMETERS crystalline solid at room temperature which melts at >56°C. ‘The pl of a 508 concentration of A221 in water was theoretically calculated to be 7.26 at 22°C from a 0.5% solution in 79.5% aqueous dioxane according to the extrapolation procedures of Dr. P. D. Schickedantz, Losillard Accession Number 1662. Referencetfi5~i0-1. Not Determined. A221 is soluble in EtOH at 0.2 g/ml, with stirring, at room temperature. Reference BC30-88. ‘h221 forms a solution in corn oil at 0.5 g/0.5 mb, with stirring ‘at room temperature. Reference BC30-88. A221 forms a solution in corn oil at 0.5 9/0.5 mb, with stirring at room temperature. Reference BC30-88. A221 is insoluble for this procedure. Reference BC30-88. Refrigerate in an amber glass bottle at no more than 8°C. Jae arr Quosnme 2 onan S0E8ZELE C2) Cypuae A= 13 TH evemten 2% 1990","pH SOLUBILITY ORAL A221 SIGNATURE CENTER RESEARCH LORILLARD 87428306 DATE COMPOUND PHYSICAL PARAMETERS LRC FILE NUMBER LOT NUMBER PHYSICAL STATE A crystalline solid at room temperature which melts at > 56 C. The pH of a 50 % concentration of A221 in water was theoretically calculated to be 7.26 at 22 C from a 0.5 % solution in 79.5 % aqueous dioxane according to the extrapolation procedures of Dr. P. D. Schickedantz, Lozillard Accession Number 1662. Referenced 45- 10- 1. SPECIFIC GRAVITY Not Determined. MUTAGENICITY SOLVENTS A221 is soluble EtOH at 0.2 g/ ml, with stirring, at room temperature. Reference BC30- 88. A221 forms a solution in corn oil at 0.5 g/ 0.5 mL, with stirring at room temperature. Reference BC30- 8888. A221 forms a solution in corn oil at 0.5 g/ 0.5 mL, with stirring at room temperature. Reference BC30- 88. ACUTE CARDIOVASCULAR A221 is insoluble for this procedure. Reference BC30- 38 STORAGE RECOMMENDATIONS Refrigerate in an amber glass bottle at no more than 8 C. COMPOUND SENSITIVE TO ☐ AIR ☐ HEAT ☐ MOISTURE ☐ OTHER SAFETY COMMENTS (SUGGESTED HANDLING PROCEDURE: A - 13 FORM",0.3,0.45454545454545453,0.7482014388489209,0.5561497326203209,0.6380368098159509,0.46846846846846846,855,1110,139,187,Missing text,Missing text | Numeric errors | Table-related errors,ok,
87528321,C:\Users\Yug\Documents\Internship\pdf-extraction-benchmark\datasets\FUNSD\images\87528321.png,C:\Users\Yug\Documents\Internship\pdf-extraction-benchmark\datasets\FUNSD\annotations\87528321.json,"RORT REQUEST FOR CHANGE F-21001 7/88 RFC 880029 ORIGINATOR Names Dan Straka [Date Prepared Page Date 28-17-88. 1_of_1_|__8-17-08 | Position felephone No- Received By D. Marsh 5398. Departwent Wane and Location change Order Number 611-13_3rd_Floor. LELCOS?. [Srand/Neweably/Material Affected @ Hat and S1it Glass Mat. ype of chance __ aadttion ___ Design __. Spee change __ Emergency Deletion = compativity = cost Reduction = urgent change — manufacturabinity X_ other TX Routine Description of Problea ‘The current specifications for glass mat and slit gli and complete with the following changes: mat can be made more accurate Glass Mats Delete C-glass from item description. Change glass softening point to 756 +/- 10 degrt Change rolls per pallet to 2 from 1. Delete C-glass from item description. ‘Change bobbins per stack to 47 from 45. Add outside diameter specs of 30.0, 26.0 - 31.0 inches. Proposed solution ‘Change the current MSS specifications as outlined above. e S 2 Signature Title Date Accepted for Investigation Final Disposition __ Approved Rejected Action Taken or Reason for Rejection Padouer Agee TANCE FF) Re anny Pre H (Proposed Effective Date: Asse","RJRT Position Change of Type Addition Deletion Change Mat Affected Glass Brand/ Assembly/ Material Slit and Mat Glass Design Compatibity Manufacturability Other Emergency Urgent Routine Page Date Change Order Number 8410059 8-17-88 5398 880029 RFC X X X 51484 3791 Date DATE HOLDER SPEC Title Signature Approved Rejected COMMITTEE REVIEW PRODUCT COMMITTEE ACCEPTANCE PRODUCT 8-17-88 KA 9/8/88 REQUEST FOR CHANGE F- 1001 7/ 88 ORIGINATOR Name: Dan Straka Date Prepared 1 of 1 B-17-88 D. Marsh Received By Telephone No Department Name and Location 611- 13 3rd Floor Description of Problem Spec Change Cost Reduction The current specifications for glass mat and slit glass mat can be made more accurate and complete with the following changes: Glass Mat: slit Glass Mat: Delete C- glass from Iten description. Change glass softening point to 756 + / - 10 degrees from 750. Change rolls per pallet to 2 from 1. Delete C- glass from item description Change bobbins per stack to 47 from 45. Add outside diameter specs of 30.0, 26.0 - 31.0 inches. Proposed Solution Change the current MSS specifications as outlined above. Accepted for Investigation Final Disposition Action Taken or Reason for Rejection Proposed Effective Date habanisy Dhes",0.5392712550607287,0.7171717171717171,0.6195652173913043,0.5757575757575758,0.5968586387434555,0.4253731343283582,1171,1235,184,198,Numeric errors,Numeric errors | Table-related errors,ok,
87528380,C:\Users\Yug\Documents\Internship\pdf-extraction-benchmark\datasets\FUNSD\images\87528380.png,C:\Users\Yug\Documents\Internship\pdf-extraction-benchmark\datasets\FUNSD\annotations\87528380.json,"10675 STOUT INDUSTRIES, Inc. 6425 W. FLORISSANT AVE, ST. LOUIS, MO: 63136 « (14) 385-2280 PROPOSAL to Lorillard Corporation ror Metal ""Pack"" Plaque ovess666 Fifth Avenue onre__ October 16, 1987 ciny New York stave __New York 10103 Attn: Mr. Robert Kennedy It 4 ovr pleasure ta propose the following: ITEM:__Harley Davidson Metal Plaque SIZE. 17% x 235"" MATERIAL: STEEL (Cj ALUMINUM (34 OTHER (_]_________ GAUGE O25"" COLORS:.Transparent gold, opaque black, white and orange BASE COLOR__Aluminum SINGLE FACE fk. DOUBLE FACE HOLES: YES ft NOC] NUMBER OF_4 CORNERS: ROUND (} SQUARE &] ANGLE) CUT TO SHAPE EDGES: HEMMED (] CURLED ([]__ EMBOSSED [% _ BEADED BORDER () STAMP FRAME Gé RIGHT ANGLE BEND [) BACK FRAME [""] PACKING: PER CARTON _10__ PER CRATE. PER BUNDLE OTHER:_Price is based on reproduction of customer supplied ""Pack"" box. Tooling: Form die, brass emboss die to achieve detail on eagle. QUANTITIES: 500 Plaques One time tooling @ $3,015.00 PRICE: $9.38 each Steel tips $1,045.00 ob) BILLING: GJeiue as manuracture. CJent as sHie For. C]6.mos. []12 mos. WAREHOUSING: fé]sHiP immeoiaTetY. [J Mos. wise. ([]12 Mos. WHSE. y - ee RSL Sromccarmettst mnatvmene 07526000 TEAMS — NET 1 OmYS sTour A service charge of 1% per month will be applied to all unpaid balances over 30 days. . <s","10675 PROPOSAL FOR DATE TO ADDRESS CITY STATE Attn: ITEM: MATERIAL: ALUMINUM SIZE: GAUGE COLORS: HOLES: YES EMBOSSED SQUARE CORNERS: EDGES: PACKING: OTHER: ☑ Aluminum ☑ 4 ☑ ☑ ☑ Tooling: QUANTITIES: PRICE: BILLING: WAREHOUSING: ☑ ☑ 87528380 CONDITIONS: 4050 TOTAL 8650 S ☑ 10 STOUT INDUSTRIES, INC. 6425 W. FLORISSANT AVE. ST. LOUIS MO 63136 . (314) 385- 2280 Lorillard Corporation 666 Fifth Avenue New York New York 10103 Metal ""Pack"" Plaque October 16, 1987 Mr. A. D. Steinberg YOUR REPRESENTATIVE It is our pleasure to propose the following: Mr. Robert Kennedy Harley Davidson Metal Plaque 171/4 x 231/2 "" .025"" STEEL ☐ OTHER ☐ Transparent gold, opaque black, white and orange BASE COLOR SINGLE FACE DOUBLE FACE ☐ NO ☐ NUMBER OF ROUND ☐ ANGLE ☐ CUT TO SHAPE ☐ HEMMED ☐ STAMP FRAME BEADED BORDER ☐ BACK FRAME ☐ RIGHT ANGLE BEND ☐ CURLED ☐ PER CARTON PER CRATE PER BUNDLE Price is based on reproduction of customer supplied ""Pack"" box. Form die, brass emboss die to achieve detail on eagle. 500 Plaques $ 9.18 each One time tooling Steel tips @ $ 3,015.00 $ 1,045.00 BILL AS MANUFACTURE ☐ BILL AS SHIP FOR. ☐ 6 MOS. ☐ 12 MOS SHIP IMMEDIATELY ☐ 6 MOS. WHSE. ☐ 12 MOS. WHSE PER SHIPMENT DROP SHIPPING: TERMS - NET 10 DAYS A service charge of 11/2 per month will be applied to all unpaid balances over 30 days. STOUT INDUSTRIES INC, A 15 service charge will be added to reight costs for all prepaid shipments involving 5 or more pieces. PRICES QUOTED HEREIN ARE BASED ON CURRENT COSTS AND ARE FOR IMMEDIATE ACCEPTANCE *These prices will be updated periodically from date of order, to reflect changes in material and labor costs. Prices and terms quoted herein are not subject to verbal changes unless confirmed in writing by the home office of this company in S. T. LOUIS M. O. All contracts for delivers are contingent upon fires, strikes or other causes beyond our control. Purchaser agrees to accept overun or underrun to the extent of 10% of the quantity ordered. Any taxes or governmental changes which the seller may be required to pay or collect upon the production sale storage, or delivery under any existing or future law shall be for the account of the buyer who shall promptly pay the amount hereof to the seller upon F. O. B. S. T. LOUIS MISSOURI Shipments via truck shipped freight collect.",0.7427205562798783,0.8345498783454988,0.6367924528301887,0.3284671532846715,0.4333868378812199,0.2766393442622951,1286,2301,212,411,Missing text,Missing text | Numeric errors,ok,
87594142_87594144,C:\Users\Yug\Documents\Internship\pdf-extraction-benchmark\datasets\FUNSD\images\87594142_87594144.png,C:\Users\Yug\Documents\Internship\pdf-extraction-benchmark\datasets\FUNSD\annotations\87594142_87594144.json,"CENTER FoR INDOOR AIR RESEARCH 1099 WaTeRsoN Roa Surre 280 LivtuicuM, Mb, 21090 APPLICATION FOR ($10) 688-3777 Fax 410) 684.3729 RESEARCH CONTRACT |. PRINCIPAL INVESTIGATOR. Nawe, 17, TELEPHONE # AND MAILING ADDRESS (Steven R. Kleeberger, Ph.D. (» Associate Professor (¢) (410) _955-3515/955-0299 Nave Tre ""TELEPHONE #7 FAX . (o) Environmental Health Sciences q)_Johns Hopkins University, School of Hyg. & Pub. Hith. Deparrext InsiiuTiON (815 North Wolfe Street, Baltimore, Maryland (o) 21205 } ‘Maiuine ADDRESS Searezr 2PROKECTTIMLE Mechanisms of Chronic Ozone Exposure: Role of Inflammation 3. KEY WORDS. PLease PuoviDe THREE (3) KEY WORDS WHICH WIKRE USED AS REFERENCE HEADINGS Ozone, Inflammation, Mast Cell 4. INSTITUTION. NAME AND ADDRESS OF INSTITUTION RESPONSIBLE AND ACCOUNTARLE FOR DISROSTION OF FUNDS AWARDED ON THE BASIS (OF Tis APPLICATION (Johns Hopkins University 615 North Wolfe Street Issmunow ‘STREET ADDRESS ( Baltimore (Maryland 21205 Sr SrareZir S:LOCATION. List LOCATION WHERE RESEARCH WIL BE CONDUCTED IF OTHER THAN NSTTUTION IDENTIFIED I #4 ABOVE ” Co) INCLUSIVE DATES ano TOTAL COSTS oF Ts srecinc PROJECT RELATED TO EAC 12 MONTH PERIOD IF MORE THAN ONE YEAR IS [REQUIRED TO COMPLETE PROJECT. SUMMARIZE FROM BUDGET PAGE, ITM 12()- IT MUST BE UNDERSTOOD THAT AWARDS FOR 2ND AND 38D PERIODS ARE DEPENDENT ON CENTER APPROVAL OF CONTINUATION APPLICATION Inctusive Date Tora Cost i ‘ruy 12/31/94 ¢_210,910 O1/01/95 yyy 12/31/95 5 212, 481 01/01/96 ryqy 12/31/96 5 _220, 416 5.0F MOIVDUAL AUTHORED TO SN FOR Te NsTTUMION ODMTIMED oe tas READ AND FUND ACEEPTALE THe CENTERS b (4) 1st 12 mown penton —OL/01/9. (8) 280 12 Most rentoo ie REQUIRED (©) 3R0 12 Mont Peni t REQUIRED 7. INSTITUTIONAL OFFICER. NamE, TLE AXD: 1% #4 ABOVE. IT 1S UNDERSTOOD THAT THE OFFICER, Noqwaste OF Reseaten CONTACTS AD i (Alan M. Goldberg, Ph.Ds n/tbr Research Nag S| (©) €410)_ 955-9253 o Razriove 2S —_ - PRELIMINARY STUDIES"" (A) FEASIBILITY OF PROPOSED RESEARCH (6) Quauinicxtions oF nvesTioATOR 9. EXPERIMENTAL PLAN. ( Disicx (8) Metions (©) ANALYSIS OF DATA, (©) Ietexraramon oF resus (6) ToRETABLE FoR TE INVESTIGATION () Lirexarume crrep. 10, AVAILABLE FACILITIES AND RESOURCES, 11, OTHER SUPPORT * Aran AS MUCH MATERIAL AS REQUIRED. TYPE, SINGLE SPACE, USE 8-1/2” x 11” WHITE PAPER AND LABEL EACK SHEET WITH NAME OF THE ‘PRINCIPAL INVESTIGATOR IN THE UPPER RICE HAND CORNER AND PAGE NUMBER AT THE BOTTOM. CONSECUTIVELY MUMBER EACH. ADDENDUM ‘BEGINNING WITH PAGE 5. Do NOT INSERT PAGES BETWEEN PAGES I AND 6,€.6, 24,28, 34, ET. INCLUDE NINE COPIES AND AN ORGINAL SENDING PHOTOGRAPIS, INCLUDE 2 ORIGINAL SETS. NOTE: EACH OF THE NINE COPIES MUST RE PLACED INA BINDER PER MAWLING INSTRUCTIONS. 2bTP6SLS","ADDRESS Baltimore (A) (B) 21205 THRU THRU $ $ $ THRU 01/01/94 01/01/95 01/01/96 12/31/94 12/31/95 12/31/96 5/26/93 87594142 APPLICATION FOR RESEARCH CONTRACT CENTER FOR INDOOR AIR RESEARCH 1099 WINTERSON ROAD SUITE 280 LINTHICUM, MD. 21090 (410) 684-3777 FAX (410) 684-3729 1. PRINCIPAL INVESTIGATOR NAME, TITLE, TELEPHONE # AND MAILING ADDRESS. Steven R. Kleeberger, Ph. D. Associate Professor (410) 955-3515/955-0299 Johns Hopkins University, School of Hyg. & Pub. Hlth. Environmental Health Sciences 615 North Wolfe Street, Baltimore, Maryland 2. PROJECT TITLE Mechanisms of Chronic Ozone Exposure: Role of Inflammation 3. KEY WORDS PLEASE PROVIDE THREE (3) KEY WORDS WHICH WILL BE USED AS REFERENCE HEADINGS Ozone, Inflammation, Mast Cell 4. INSTITUTION NAME AND ADDRESS OF INSTITUTION RESPONSIBLE AND ACCOUNTABLE FOR OF AWARDED ON THE OF DISPOSITION FUNDS BASIS THIS APPLICATION. Johns Hopkins University 615 North Wolfe Street Maryland 21205 5. LOCATION LIST LOCATION WHERE RESEARCH WILL BE CONDUCTED IF OTHER THAN INSTITUTION IDENTIFIED IN #4 ABOVE. 6. INCLUSIVE DATES AND TOTAL COSTS OF THIS SPECIFIC PROJECT RELATED TO EACH 12 MONTH PERIOD IF MORE THAN ONE YEAR IS REQUIRED TO COMPLETE PROJECT. SUMMARIZE FROM BUDGET PAGE ITEM 12(s). IT MUST BE UNDERSTOOD THAT AWARDS FOR 2ND AND 3RD PERIODS ARE DEPENDENT ON CENTER APPROVAL OF CONTINUATION APPLICATION. (A) 1ST 12 MONTH PERIOD (B) 2ND 12 MONTH PERIOD IF REQUIRED (C) 3RD 12 MONTH PERIOD IF REQUIRED INCLUSIVE DATE 210, 910 212, 481 220, 416 TOTAL COST 7. INSTITUTIONAL OFFICER. NAME, TITLE AND TELEPHONE NUMBER OF INDIVIDUAL AUTHORIZED TO SIGN FOR THE INSTITUTION IDENTIFIED IN #4 ABOVE. IT IS UNDERSTOOD THAT THE OFFICER, IN APPLYING FOR A CONTACT. HAS READ AND FOUND ACCEPTABLE THE CENTER'S MANAGEMENT OF RESEARCH CONTRACTS AND CONTRACT ADMINISTRATION POLICY. Alan M. Goldberg, Ph. D. Assoc. Dean for Research (410) 955-9253 (A) NAME (C) TELEPHONE (D) SIGNATURE OF (B) TITLE (E) DATE (C) City (D) STATE/ZIP (a) STREET (A) INSTITUTION (F) MAILING (D) DEPARTMENT (A) NAME (a) TITLE (E) INSTITUTION (c) TELEPHONE (G) STATE/ZIP 8. PRELIMINARY STUDIES* QUALIFICATIONS OF INVESTIGATOR 9. EXPERIMENTAL PLAN* (A) METHODS DATA INTERPRETATION RESULTS INVESTIGATION LITERATURE CITED 10. AVAILABLE FACILITIES AND RESOURCES 11. OTHER SUPPORT * APPEND AS MUCH MATERIAL AS REQUIRED TYPE, SINGLE SPACE USE 8-1/2 x 11"" WHITE PAPER AND LABEL EACH SHEET WITH NAME THE PRINCIPAL NVESTIGATOR IN THE UPPER RIGHT HAND CORNER AND PAGE NUMBER AT THE BOTTOM. CONSECUTIVELY NUMBER EACH ADDENDUM BEGINNING WITH PAGES 5. DO NOT INSERT PACES BETWEEN PAGES 1 AND 6 E.G. 2A 2B 3A ETC. INCLUDE NINE COPIES AND AN ORIGINAL If SENDING PHOTOGRAPHS, INCLUDE 2 ORIGINAL SETS. NOTE: EACH OF THE NINE COPIES MUST BE PLACED IN BINDER PER MAILING INSTRUCTIONS.",0.4442446043165468,0.6384439359267735,0.5581395348837209,0.5491990846681922,0.5536332179930795,0.3827751196172249,2703,2780,430,437,Missing text,Missing text | Numeric errors | Table-related errors,ok,
89856243,C:\Users\Yug\Documents\Internship\pdf-extraction-benchmark\datasets\FUNSD\images\89856243.png,C:\Users\Yug\Documents\Internship\pdf-extraction-benchmark\datasets\FUNSD\annotations\89856243.json,"Inte _Qetober 17, 1979 MARKETING RESEARCH IROIHOT ALPHOWAL a (To be filled out by Marketing | vurely Departmen} PROTECT PRODUCT Triumph TITLE __Trdumph Disaster Check Study: * __5546/1979 Research Design (N, Celis, Blegibility, Desirn, Key Danner Freaks, Methodolay, © Ties) Contact respondents from Buffalo and Kansas City who had previously participated im a steak knife offer. This will consist of one cell of approximately 175 respondents who are Triumph most often smokers/triers. This study is-intended to provide us with any negatives associated with Triumph. Banner points will include Triumph most often smokers (we anticipate approximately 25 most often people), switchers avay from Triumph (N approximately 45). It should be noted that an action standard of at least 50% be obtained in acting upon any product negatives associated with these groups-—see Tesearch limitations below for additional action standard. (See attached meno) Rey Criteria For Analysis = Triumph switchers asked why no longer snoking Triumph ~ Present smokers of Triumph asked reasons for switching to Triumph 4 ~ Mentions. of ""harshness"" aa Research Limitations Due to sample size and experience we feel 25 respondents will presently be Triumph smokers. An action standard of 75% should be utilized for judgments on product negatives only among this group. If 75% of Triumph smokers mention “harshne 50-75% of Triumph smokers mentién ""harshnes: ook at other areas). we could consider it a problem. If we could consider it a possible problem jon. ""harahness!! wecould consider it not_a_problen. Cost. Estimate $2,250. nesearch Firm __ghe Date Group. nc. + = 10% Contingency yes.) nO] Final Report Ine. yes 2] no qi Tye Hence = Prepared by: scott 2. Benson JB ""engin tnt 08 Approved by: Hooper Beis 4 # Russe 1 opine 2 wke from start of fld. Final 4 wks from atert of £1d. Group Product Manager’ 89856243","file PRODUCT Date Triumph yes yes no no Approved by: Incidence - 4 1 Topline Final 89856243 Marketing Research Director October 17, 1979 MARKETING RESEARCH RPROJECT APPROVAL (To be filled out by Marketing Research Department) PROJECT TITLE Triumph Disaster Check Study 5546/ 1979 Research Design (N, Cells, Elegibility, Design, Key Danner Breaks, Methodololy, Cities) Contact respondents from Buffalo and Kansas City who had previously participated in a steak knife offer This will consist of one cell of approximately 175 respondents who are Triumph most often smokers /triers This study is intended to provide us with any negatives associated with Triumph Banner points will include Triumph most often smokers (we anticipate approximately 25 most of ten people Switchers away from Triumph (N approximately 45). It should be noted that an action standard of at least 50% be obtained in acting upon any product negatives associated with these groups see research limitations below for additional action standard. (See attached memo Key Criteria for Analysis -Triumph switchers asked why no longer smoking Triumph -Present smokers of Triumph asked reasons for switching to Triumph -Mentions of ""harshness"" Research Limitations Due to sample size and experience we feel 25 respondents will presently be Triumph smokers. An action standard of 75% should be utilized for judgments on product negatives only among this group If 75% of Triumph smokers mention harshness we could consider it a 50- 75% problem If of Triumph smokers mention ""harshness"" we could it a look consider possible problem at other areas). If below 50% of Triumph smokers mention ""harshness"" we could consider it at a problem Research Firm Lenght Int # Open # Reports The Data Group. Inc 10 minutes 2 wks from start of fid. 4 wks from start of fld Group Product Manager Product Manager Prepared by: Cost Estimate + - 10% Contingency Final Report Inc. Scott R. Benson $ 2.250",0.28696548171045855,0.5016077170418006,0.7308970099667774,0.707395498392283,0.7189542483660132,0.5612244897959183,1887,1941,301,311,Character substitutions,Character substitutions | Table-related errors,ok,
91814768_91814769,C:\Users\Yug\Documents\Internship\pdf-extraction-benchmark\datasets\FUNSD\images\91814768_91814769.png,C:\Users\Yug\Documents\Internship\pdf-extraction-benchmark\datasets\FUNSD\annotations\91814768_91814769.json,"""CORRECTED FORM"" The Commonwealth of Massachusetts OFFICE OF CAMPAIGN AND POLITICAL FINANCE _| REPORT OF CORPORATE TREASURER ES Form CPF 22 GRR — rormerty CPF 10) File with: Director, ia fi (CHECK ONE) Office of Campaign & Political Finance 1 60th Day Prior to Election One Ashburton Place, Boston, MA 02108 1 Sts Day of the Monch {FF Please Print or Type, except Signatures. 2a Deyo he Mond 1, Name of Treasurer: Alfred Peterson; Assistant Treasure:: Peter J. Mergullo Lorillard Tobacco Compan’ 2, Name of Corporation One Park Avenue New York, NY 10016-5895 | 1 relating to Tobacco Excise Tax Increase 4. Question No. —. (Describe question briefly) 3. Address of Corporation November 3, 1992:¢_ Massachusetts ballot. (Election Date) (Name of City/Town or State)* + Note: If this expenditure is made to influence a local ballot question, a copy of this form should be filed with the city or town clerk or election commission. submitted to the voters on October 16, 19 92 and Ending November 5, 1922. {GF Fittin Dates: Reporting Period Beginning the amount or value of every gift, payment, expenditure or contribution or ther with the date, purpose, and full name and address of the person to whom he requirements of Mass. General Laws, Chapter $5, Section 22, as amended. I certify that this report is a true statement of promise to give, pay, expend or contribute, tog it was made. I make this report in accordance with Stapsdyunder the penalties of perjury. Boe Co March 30, 1993 Freasorer Sifnatare~ Date Assistant Treasurer EXPENDITURES OR DISBURSEMENTS Date To Whom Paid T | Amount Pald__|_ (alphabeta! isting Mandaton) Address Purpose | or Value™* ro/2e/o2 | cosatee vata Pos Bou 5979, soston, wh ons | nax°8R8ace | 2p, [ua.00 | | [| | Lo | LT 1 ‘Total Expenditures or Disbursements on This Report |_*S: 85.00 308, 789.00 eviously Repored re of Disbursements P + Inckind contributions should be included here Total Expendi ‘Aniach additional page (REPORTING REDVIBEMENTS CONTINIED ON REVERSE SIDF) 2b aT 6","November 3, 1992 Massachusetts ballot *Note: 19 92 Address Date Purpose 91814768 ☑ Final ""CORRECTED FORM"" The Commonwealth of Massachusetts OFFICE OF CAMPAIGN AND POLITICAL FINANCE Office Use Only Form CPF 22 (formerly CPF 10) REPORT OF CORPORATE TREASURER File with: Director, Office of Campaign & Political Finance One Ashburton Place, Boston, MA 02108 ☐ 60th Day Prior to Election ☐ 5th Day of the Month ☐ 20th Day of the Month (CHECK ONE) Please Print or Type, except Signatures. 1. Name of Treasurer 2. Name of Corporation 3. Address of Corporation M. Alfred Peterson; Assistant Treasurer Peter J. Marzullo Lorillard Tobacco Company One Park Avenue New York. NY 10016 -5895 4. Question No. 1 relating to Tobacco Excise Tax Increase (Describe question briefly) submitted to the voters on (Election Date) on the (Name of City/ Town of State)* If this expenditure is made to influence a local ballot question, a copy of this form should be filed with the city or town clerk or election commission. Fil in Dates: Reporting Period Beginning October 16, and Ending November 5. 1992 contribution I certify that this report is a true statement of the amount of value of gift, payment, expenditure or or whom promise to give, pay,, expend or contribute, together with the date, purpose, and full name and address of the person to Mass. Laws, Section, as amended. It was made. I make this General report in accordance with the requirements of Chapter, Signed under the penalties of perjury. Preasurer Senato March 30, 1993 Assistant Treasurer Date Paid To Whom Paid (Alphabetical Listing Mandatory) EXPENDITURES OR DISBURSEMENTS Amount or Value** 10/ 26/ 92 10/ 30/ 92 Committee Against Unfair Taxes Committee Against Unfair Taxes P. O. B03 5979 Boston, MA 0212 P. O. Box 5979. Boston, MA 02114 Oppose Tax Increase Oppose Tax increas 28, 482. 00 19, 503 00 **In- kind contributions should be included here. Attach additional pages if necessary. REPORTING REQUIREMENTS CONTINUED ON REVERSE SIDE Total Expenditures or Disbursements on This Report Total Expenditures for Disbursements Previously Reported Total Expenditures or Disbursements to Date 48, 585 00 508. 789 00 556 874. 00",0.5682758620689655,0.7191011235955056,0.6904761904761905,0.651685393258427,0.6705202312138728,0.5043478260869565,2011,2175,336,356,Numeric errors,Numeric errors | Layout issues | Table-related errors,ok,
92380595,C:\Users\Yug\Documents\Internship\pdf-extraction-benchmark\datasets\FUNSD\images\92380595.png,C:\Users\Yug\Documents\Internship\pdf-extraction-benchmark\datasets\FUNSD\annotations\92380595.json,"Executive Offices 1.GULF+WESTE PLAZA + NEWYORK, NEWYORK = 23-7773 aia ooo PRENTICE HALL CORPORATE SERVICES aun? ______ RECEIVED yx asesa u TO: LORILLARD, INC. ~ = ‘ONE PARK AVENUE 18TH FL pe 14 89 NEW YORK, N.Y. 10016 ATIN: MR. ARTHUR STEVENS, ESQ.A. J. STEVENS MOTOR CARRIER a ‘STATUTORY x (Represented Company) via eneoe te song domme ee as registered’ agent for the above-captioned corporation on_12=13-89 _ via: ate tee ead Note ot ateeys Un X_ Other: __ CITATION AND FIRST ORIGINAL PETITION =_202-0--—0— ——————————— TITLE OF ACTION: __isepsreR_cmecc__—_________) ‘Case No, 475,592 vs. R. J. REYNOLDS TOBACCO COMPANY, ET AL COURT OR JURISDICTION __345th Judicial District Court Travis County, Tx 's from date of service RETURN DATE __Monday_next 20 days f te of servi Tel Call Placed Direct___ Collect __ Spoke to COMMENTS: ‘Agent called New York Office __ Te ee COCCTCOCS™COC™“‘=#!SNNC“C#WS ATTORNEYS FOR CLAIMANT Mary oon Te Agetia, Te. 7870T = pikage78=4873, — PAPERS TRANSMITTED TO CLIENT Other : FORM PREPARED BY _PAT WICGINS. PLEASE ACKNOWLEDGE RECEIPT OF THIS NOTICE AND THE ENCLOSURES BY SIGNING AND RE ‘DUPLICATE COPY, A BUSINESS REPLY ENVELOPE IS ENCLOSED FOR YOUR CONVENIENC! Sesogezs","RECEIVED DATE: TO: ATTN: RE: x 033052 via: x Summons Complaint Other: X Garnishment Subpoena vs. RETURN DATE Collect ) ) ) ) 475,592 COMMENTS: Phone Other X 92380595 Signed: ORIGINAL Executive Offices 1 GULF+ WESTE PLAZA . NEW YORK, NEW YORK 23- 7773 (212) 373- 7500 PRENTICE HALL CORPORATE SERVICES United States Corporation Company The Prentice- Hall Corporation System, Inc. TX 3951 U 12- 13- 89 LORILLARD, INC. ONE PARK AVENUE 18TH FL NEW YORK, N. Y. 10016 DEC 14 89 MR. ARTHUR STEVENS, ESQ A. J. STEVENS MOTOR CARRIER OR STATUTORY Account # LORILLARD, INC. (Represented Company) NOTICE OF SERVICE OF PROCESS We enclose the following documents which were served upon: UNITED STATES CORPORATION COMPANY IN TEXAS as registered agent for the above- captioned corporation on 12- 13- 89 Personal Service Mail: Regular or Certified Certified # Duplicate copies of the Notice and Acknowledgement enclosed A self- addressed stamped envelope enclosed Notice of Attorney's Lien Notice of Mechanic's Lien Notice of Default Jucgment CITATION AND FIRST ORIGINAL PETITION TITLE OF ACTION: WEBSTER CRECC R. J. REYNOLDS TOBACCO COMPANY, ET AL Case No. COURT OR JURISDICTION 345th Judicial District Court Travis County. Tx Monday next 20 days from date of service Agent called New York Office Tel Call Placed Direct Spoke to ATTORNEYS FOR CLAIMANT Mary Ellen Felps 1000 West Ave. Austin, Tx. 78701 512/478- 4873 PAPERS TRANSMITTED TO CLIENT Fed X Reg Mail FORM PREPARED BY PAT HIGGINS Date Received: 12/ 14/ 89 DUPLICATE COPY A BUSINESS REPLY ENVELOPE IS ENCLOSED FOR YOUR CONVENIENCE PLEASE ACKNOWLEDGE RECEIPT OF THIS NOTICE AND THE ENCLOSURES BY SIGNING AND RETURNING THE",0.6411800120409392,0.8222222222222222,0.6,0.4222222222222222,0.49565217391304345,0.32947976878612717,1199,1661,190,270,Missing text,Missing text | Numeric errors | Table-related errors,ok,
93106788,C:\Users\Yug\Documents\Internship\pdf-extraction-benchmark\datasets\FUNSD\images\93106788.png,C:\Users\Yug\Documents\Internship\pdf-extraction-benchmark\datasets\FUNSD\annotations\93106788.json,"LORILLARD MEDIA SERVICES ONE PARK AVENUE, NEW YORK, NY 10016-5896 MAGAZINE INSERTION ORDER To: Essence DATE: _MARCH 17, 1995 1500 BROADWAY NEW YORK, Ny 10098 ADVERTISER: _LORILLARD, [ATIN: JOYCE WINSTON PRODUCT: _ NEW! “THis ADVERTISEMENT COMPLIES WITH THE FTC RECUIREMENT FOR A WARNING STATEMENT AND ""TAR"" AND NICOTINE LINE. WHICH MUST APPEARIN ALL CIGARETTE ADVERTISING, CHECK MATERIAL YOU RECEIVE AGAINST THE PROOF TO BE SURE TIS ‘CORRECT. YNDER NO CIRCUMSTANCES ARE TO YOU BLN SUBSTITUTE MATEBIALS ALTER OR OMIT ANY COPY WITHOUT PRIOR, ‘AEPROVAL FROM LOBI\LARD MEDIA SERVICES, AD ‘CAPTION: _sPAce: are: Neress3-7 FOUNTAIN COUPLE Psce sone 1995 Po #7218 \F UNABLE TO INSERT ON THE DATE ORDERED, KINDLY NOTIFY US AT ONCE AND WAIT FOR NEW INSERTION DATE. NO CREDIT (CAN BE ALLOWED SHOULD THIS ADVERTISEMENT APPEAR INCORRECTLY OR ON A OATE OTHER THAN THAT AUTHORIZED. POSTION URGENTLY REQUESTED: FAR FORWARD, OPPOSITE FULL EDITORIAL Ne coupon ad on basking page. ~ Maina atleast dx page seperaion fem oomoetve ads. = No adhorivadverising mater anshatea to cigareiaa within 6 pagos of our ad GOFY INSTRUCTIONS: aura 'S COLOR PROOF ATTACHED, FILM FROM COLLIER WITH *D* WARNING IMPORTANT INSTRUCTIONS: — ‘SPACE BILLING INSTRUCTIONS: ‘A. Check mail carfly against proat “This epaon ie being ordered by tomaka sue tooroaponde in every respect LORILLARD MEDIA SERVICES B. Pleas inspect epro str immeciatay. “Thy should produce good pining resus ict alinvsces and ful checking coe ‘ideo us promptly at sastactoy {ragional and natonl econ. © Poor pining wil not be pas fr yomao Meni seavices (ORE PARK AVENUE D. Adee ue at once Hinstuctons ar net 7TH FLOOR ‘lee NEW YORK NEW YORK 10016-5856 TIN! Steve WOLLOY Under ne croumstanoes are yout space ‘ut cur acvorssoment wiheut specie Inetuctons tem us, 88290186","TO: ATTN: DATE: ADVERTISER: PRODUCT: LORILLARD NEWPORT AD#: CAPTION: SPACE: DATE: P5CE PO #77219 ATTN: 93106788 Cigarette LORILLARD MEDIA SERVICES ONE PARK AVENUE, NEW YORK, NY 10016- 5896 MAGAZINE INSERTION ORDER ESSENCE 1500 BROADWAY NEW YORK, NY 10036 JOYCE WINSTON MARCH 17, 1995 THIS ADVERTISEMENT COMPLIES WITH THE FTC REQUIREMENT FOR A WARNING STATEMENT AND TAR AND NICOTINE LINE WHICH MUST APPEAR IN ALL CIGARETTE ADVERTISING CHECK MATERIAL YOU RECEIVE AGAINST THE PROOF TO BE SURE IT IS CORRECT, UNDER NO CIRCUMSTANCES ARE TO YOU RUN SUBSTITUTE MATERIALS, ALTERIOR OR OMIT ANY COPY WITHOUT PRIOR APPROVAL FROM LORILLARD MEDIA SERVICES. NPT- 533- 7 FOUNTAIN COUPLE JUNE 1995 IF UNABLE TO INSERT ON THE DATE ORDERED KINDLY NOTIFY US AT ONCE AND WAIT FOR NEW INSERTION DATE. NO CREDIT CAN BE ALLOWED SHOULD THIS ADVERTISEMENT APPEAR INCORRECTLY OR ON A DATE OTHER THAN THAT AUTHORIZED. POSITION URGENTLY REQUESTED: FAR FORWARD, OPPOSITE FULL EDITORIAL - No coupon ad on backing page. - Maintain at least six page separation from bompetitive ads. - No aditional/ advertising matter to cigarette within 6 pages of our ad. COPY INSTRUCTIONS: 5 COLOR PROOF ATTACHED, FILM FROM COLLIER WITH ""D"" WARNING SURGEON GENERALS WARNING Smoke contains carbon Monoxide IMPORTANT INSTRUCTIONS: A. Check material carefully against proof to make sure it corresponds in every respect B. Please inspect repro material immediately. They should produce good printing results. Advise us promptly if Hor satisfactory C. Poor printing will not be paid for. D. Advise us at once if instructions are not clear. E. Under no circumstances are you to space out our advertisement without specific instructions from us. SPACE BILLING INSTRUCTIONS: The space is being brdered by: LOAILLARD MEDIA SERVICES Direct all invoices and full checking copies of all regional and national additions to: LORILLARD MEDIA SERVICES ONE PARK AVENUE 17TH FLOOR NEW YORK NEW YORK 10016- 5896 STEVE MOLLOY",0.44642857142857145,0.639871382636656,0.5763888888888888,0.5337620578778135,0.5542570951585976,0.3833718244803695,1800,1960,288,311,Missing text,Missing text | Numeric errors | Table-related errors,ok,
