document_id,image_path,annotation_path,prediction_text,ground_truth_text,cer,wer,token_precision,token_recall,token_f1,token_overlap_accuracy,prediction_char_count,ground_truth_char_count,prediction_word_count,ground_truth_word_count,primary_failure_mode,failure_patterns,status,error
82092117,C:\Users\Yug\Documents\Internship\pdf-extraction-benchmark\datasets\FUNSD\images\82092117.png,C:\Users\Yug\Documents\Internship\pdf-extraction-benchmark\datasets\FUNSD\annotations\82092117.json,"ATT.GEN.ADMIN.0FFICE FaX:614-466-5087 Dec 109817:46 P.01 8 0 6 N b 7 Attorney General Betty D.Montgomery CONFIDENTIALFACSIMILE TRANSMISSIONCOVERSHEET FAX NO.(614) 466-5087 TO:George Baroody FAXNUMBER:(336)335-7392 PHONENUMBER:(336)335-7363 DATE: 12/10/98 NUMBEROFPAGESINCLUDINGCOVERSHEET: 3 SENDER/PHONENUMBER: JuneFlynnforEricBrown/(614)466-8980 SPECLALINSTRUCTIONS: IFYOUDONOTRECEIVEANYOFTHEPAGESPROPERLY PLEASE CONTACTSENDER AS SOONASPOSSIBLE NOTE: THISMESSAGE ISINTENDED ONLYFORTHEUSE OF THE NDIVIDUALORENTITYTO reader of this message is not the intended recipieint or the employee or agent responsible for delivering the mcssage to the intended reciplent, you are hereby uotified that any dissemination, disaribution, received this comumunication in error,please notify us immediately by telephone und_reuuthe original message to us at the address below via the U.S. Postal Service.Thank you for your cooperation. 7.*. State OfficeTower/ S0 East Braad Street/Columbus, Ohio 43215-3428 www.ag.state.oh.us An Equal Opportunity Employer printe en ReeyoladFeper","TO: DATE: 3 Fax: NOTE: 82092117 614 -466 -5087 Dec 10 '98 17 :46 P. 01 ATT. GEN. ADMIN. OFFICE Attorney General Betty D. Montgomery CONFIDENTIAL FACSIMILE TRANSMISSION COVER SHEET (614) 466- 5087 FAX NO. George Baroody (336) 335- 7392 FAX NUMBER: PHONE NUMBER: (336) 335- 7363 NUMBER OF PAGES INCLUDING COVER SHEET: June Flynn for Eric Brown/ (614) 466- 8980 SENDER /PHONE NUMBER: SPECIAL INSTRUCTIONS: IF YOU DO NOT RECEIVE ANY OF THE PAGES PROPERLY, PLEASE CONTACT SENDER AS SOON AS POSSIBLE THIS MESSAGE IS INTENDED ONLY FOR THE USE OF THE INDIVIDUAL OR ENTITY TO WHOM IT IS ADDRESSED AND MAY CONTAIN INFORMATION THAT IS PRIVILEGED. CONFIDENTIAL, AND EXEMPT FROM DISCLOSURE UNDER APPLICABLE LAW. If the reader of this message is not the intended recipient of the employee or agent responsible for delivering the message to the intended recipient, you are hereby notified that any dissemination, distribution, copying, or conveying of this communication in any manner is strictly prohibited. If you have received this comunication in error, please notify us immediately by telephone and return the original message to us at the address below via the U. S. Postal Service. Thank you for your cooperation. State Office Tower / 30 East Broad Street/ Columbus, Ohio 43215 -3428 www ag state oh us An Equal Opportunity Employer Primed an 12 /10 /98",0.36059479553903345,0.7174887892376681,0.5798319327731093,0.3094170403587444,0.40350877192982454,0.25274725274725274,1062,1345,119,223,Missing text,Missing text | Numeric errors | Table-related errors,ok,
82200067_0069,C:\Users\Yug\Documents\Internship\pdf-extraction-benchmark\datasets\FUNSD\images\82200067_0069.png,C:\Users\Yug\Documents\Internship\pdf-extraction-benchmark\datasets\FUNSD\annotations\82200067_0069.json,09/17/97 10:55 LORILLARD PTLD 001 5038411898 :01 K. A. Sparrow FROM: T.D. Blachly MAY 12 AUG4 JUN23 SEP 15 X SUBJECT: OLD GOLDMENTHOLLIGHTS&ULTRALIGHTS_1OO'S-PROGRESSREPORT REGION: (ONLY IF PARTIAL REGION CONTINUE WITH DIVISION(S} SCOPE) DVISION: DIVISION: Partland REPS: 6 DIVISloN:Seattle South REPS:7 INOISIAIO Boise REPS:2.5 DIVISlON:Seatlle North REPS:4 DIVISION: Eugene REPS:5 DIVISlON:Helena REPS: DIRECTACCOUNTSANDCHAINSHEADQUARTEREDWITHINTHEREGION (15+STORES)STOCKING NO OLD GOLDMENTHOLLIGHTS ORULTRALGHTS 1OO'S R-1:OGMUg-15.xp Page1 of 3 Pages 8 9 7,TO: FROM: x SUBJECT: DIVISION: DIVISION: DIVISION: DIVISION: REGION: DIVISION: DIVISION: DIVISION: 225 27 15 31 18 19 20 82200067 09/ 17/ 97 10: 55 603 841 1898 LORILLARD PTLD ☑ 001 K. A. Sparrow T. D. Blachly OLD GOLD MENTHOL LIGHTS & ULTRA LIGHTS 100'S PROGRESS REPORT AUG 4 SEP 15 MAY 12 JUN 23 (ONLY IF PARTIAL REGION CONTINUE WITH DIVISION (S) SCOPE) Portland # REPS: 6 Boise # REPS: 2. 5 Eugene # REPS: 5 Seattle South # REPS: 7 Seattle North # REPS: 4 Helena # REPS: 4 DIRECT ACCOUNTS AND CHAINS HEADQUARTERED WITHIN THE REGION (15 + STORES) STOCKING NO OLD GOLD MENTHOL LIGHTS OR ULTRA LIGHTS 100'S NAME OF ACCOUNT VOLUME NO. OF STORES NAME OF ACCOUNT VOLUME NO. OF STORES Texaco Seattle Texaco Portland Maid -O Clover Dari Mart Zip Trip Maverick Astro Gas 105 / 5 61 / 3 20 / 2 125 / 5 106 / 4 77 / 1 600 / 7 Page 1 of 3 Pages,0.6491017964071857,0.8802395209580839,0.5606060606060606,0.2215568862275449,0.31759656652360513,0.18877551020408162,559,835,66,167,Missing text,Missing text | Numeric errors | Table-related errors,ok,
82250337_0338,C:\Users\Yug\Documents\Internship\pdf-extraction-benchmark\datasets\FUNSD\images\82250337_0338.png,C:\Users\Yug\Documents\Internship\pdf-extraction-benchmark\datasets\FUNSD\annotations\82250337_0338.json,"8 7 0 3 3 L COMPETITIVEPRODUCTINTRODUCTION PROGRESSREPORT TO: Sam Zolot MANUFACTURER: B&W FROM: D.J. Landro BRAND: Kool Waterfall DATE: 2-Dec-97 TYPE OFPACKINGS: AllPackings REPORTINGPERIODS: Oct. Nov.X Dec. Jan. TESTMARKETGEOGRAPHY: Divisions 621 and 627 wiscorIir PRICEPOINT:FULL$ PV$ (lndicate Distributor's Cost Per Carton) SALESFORCEINVOLVEMENT: They have crew-worked distribution, and it is reported that they may crew-work it again.Sales force has been busy promoting old style packs to clean up inventory.All POS is being converted to “B Kool. DISTRIBUTORS-ACCEPTANCE/INTROTERMS/INTRODEALS/INVOLVEMENT: All accounts have the new packaging. It was not a problem obtaining new distribution. All accounts appear tohave 100%distribution of new packings. CHAINS-ACCEPTANCE/MERCHANDISING: This has not been a problem. New packaging is just following up on the old ""packaging"". INDEPENDENTS-ACCEPTANCE/MERCHANDISING: Very wellreceived. The old packs are being consolidated and promoted in select retail locations at 40g off/S4.00 off cartons. ADVERTISING-EFFECTIVENESSOFP.O.S.: The theme“B"" Kool has replaced all previous POS. They have effectively replaced all old POS. New door signage,hour signs, poster mats, and clocks have the new design.“B Kool also appears on billboards in Illinois. PAGE 1 OF 2","TO: FROM: DATE: MANUFACTURER: BRAND: Oct. Dec. Jan. Nov. X B&W 82250337 COMPETITIVE PRODUCT INTRODUCTION PROGRESS REPORT Sam Zolot Kool Waterfall All Packings TYPE OF PACKINGS: D. J. Landro 2- Dec- 97 REPORTING PERIODS: TEST MARKET GEOGRAPHY: Divisions 621 and 627 wisconsin PRICE POINT: FULLS $ P/ V $ (Indicate Distributor's Cost Per Carton) SALES FORCE INVOLVEMENT: They have crew- worked distribution, and it is reported that they may crew- work it again Sales force has been busy promoting old style backs to clean up inventory. All POS is being converted to ""B"" Kool. DISTRIBUTORS ACCEPTANCE INTRO TERMS INTRO DEALS INVOLVEMENT: All accounts have the new packaging. It was not a problem obtaining new distribution. All accounts appear to have 100% distribution of new packings. CHAINS ACCEPTANCE/ MERCHANDISING: This has not been a problem. New packaging is just following on the old ""packaging"". INDEPENDENTS ACCEPTANCE/ MERCHANDISING: Very well received. The packs are peing consolidated and promoted in select retail locations at 40 off $4 00 off cartons. ADVERTISING EFFECTIVENESS OF P. O. S.: The theme ""B"" Kool has replaced all previous POS. They have effectively replaced all old POS. New door signage, hour signs, poster mats, and clocks have the new design. ""B"" Kool also appears on billboards in llinois. PAGE 1 OF 2",0.17342342342342343,0.4439252336448598,0.76,0.6214953271028038,0.6838046272493574,0.51953125,1304,1332,175,214,Numeric errors,Numeric errors | Table-related errors,ok,
82251504,C:\Users\Yug\Documents\Internship\pdf-extraction-benchmark\datasets\FUNSD\images\82251504.png,C:\Users\Yug\Documents\Internship\pdf-extraction-benchmark\datasets\FUNSD\annotations\82251504.json,"11/05/97 11:03 813 884 0663 LORILLARDTAXPA++→GREENSBOR Retail Excel Progress Report 002/003 Submission for: Distribution by/to: July 31 () DM to RSM 1st of Month August 29 () To: R. W. Caldarella RSM to R.W.C.10th September 30（) CC: D.O.S. October31 (X) KentB. Mills Ncvember28 （） December30（） Area:5 Region:17 Acceptance/Response:What is theretailersresponse toLorillard'sExcel Merchandising plan? Chains:This program has been successfulto date with chains where our ""Flex Paymentwas notin_place.The_chains where wewereusing theFlexPayment"" systemwe have not heenas successful_TheP.O.S.requirementsof theP-1Plan with Qil Companiesis difficult to_obtain. Independents: Additional P.V.merchandisingisbeing.securedquickly. AdditionalmonieshaveassistedReqion_17infightingPMExclusivesandPM/RJR co-existence situations. Hardware Evaluation/Effectlveness:Commenton theassemblyofdisplaysand application of shields: The displays are easily assembled and durable.Some questions have been raised concemingtheinabilitytobefushwiththecounterand/or_upagainsttheregister As.wellastheabilityto.place thisontheBackBarifthesettlement goesthrough. PermanentAdvertisingEvaluation/Effectiveness/Acceptance:(P-1/P-5&C-5 Plans Only: Notavailable atthistime 8 7 5 C","17 cc: : From: Area: Region: 5 X Chains: Independents: 82251504 11/05/97 11: 03 813 384 0683 LORILLARD TAMPA GREENSBOR 0002/ 003 Retail Excel Progress Report Submission for: Distribution by/ to: DM to RSM 1st of Month RSM to R W. C. 10th D. O. S. R. W. Caldarella Kent B. Mills July 31 August 29 September 30 October 31 November 28 December 30 Acceptance/ Response: What is the retailers response to Lorillard's Excel Merchandising plan? This program has been successful to date with chains where our ""Flex Payment"". was not place. The chains where were using the ""Flex Payment"" system we have not been las successful. The P. O. S. requirements of the P- 1 Plan with Oil Companies is difficult to obtain. Additional P. V. merchandising is being secured quickly, Additional monies have assisted Region 17 in fighting PM Exclusives and PM/ RJR co-existence situations. Hardware Evaluation/ Effectiveness: Comment on the assembly of displays and application of shields: The displays are easily assembled and durable. Some questions have been raised conceming the inability to be flush with the counter and/ or against the register. As well as the ability to place this or the Back Bar if the settlement goes through Pemanent Advertising Evaluation/ Effectiveness/ Acceptance: (P- 1/ P- 5 & C 5 Plans Only: Not available at this time",0.2656132430398796,0.7702702702702703,0.5603448275862069,0.2927927927927928,0.38461538461538464,0.23809523809523808,1242,1329,116,222,Missing text,Missing text | Numeric errors | Table-related errors,ok,
82252956_2958,C:\Users\Yug\Documents\Internship\pdf-extraction-benchmark\datasets\FUNSD\images\82252956_2958.png,C:\Users\Yug\Documents\Internship\pdf-extraction-benchmark\datasets\FUNSD\annotations\82252956_2958.json,TO: FROM: SUBJECT: REGION: (ONLYIFPARTIALREGIONCONTINUEWITHDIVISION(S)SCOPE) DIVISION: DIVISION NAME: DIVISION NAME: DIVISION NAME: K. A. Sparrow D. J. Landro Milw.South_DIVISIONNAME: Milw.North_DIVISIONNAME: DIVISION NAME: DISTRIBUTION DIRECTACCOUNTSAND CHAINSHEADQUARTEREDWITHINTHEREGION (15+STORES)STOCKINGNO OLDGOLDMENTHOLLIGHTSORULTRALIGHTS 100'S 8 2 5) 6 5 MAY 12 JUN 23X SUBMISSION DATE AUG4 SEP15 OLDGOLDMENTHOLLIGHTS&ULTRALIGHTS100'S-PROGRESSREPORT GEOGRAPHY #REP #REP #REPS 7 7 OLOGOLD.XLS Page1 of 3 Pages,AUG 4 SEP 15 JUN 23 MAY 12 REGION: DIVISION: 7 7 TO: FROM: SUBJECT: OLOGOLD.XLS 82252956 GEOGRAPHY DISTRIBUTION 144/14 93 K. A. Sparrow SUBMISSION DATE D. J. Landro OLD GOLD MENTHOL LIGHTS & ULTRA LIGHTS 100'S PROGRESS REPORT (ONLY IF PARTIAL REGION CONTINUE WITH DIVISION (S) SCOPE) DIVISION NAME: DIVISION NAME: DIVISION NAME: Milw. South Milw. North DIVISION NAME: DIVISION NAME: DIVISION NAME: # REP # REP # REPS DIRECT ACCOUNTS AND CHAINS HEADQUARTERED WITHIN THE REGION (15 + STORES) STOCKING NO OLD GOLD MENTHOL LIGHTS OR ULTRA LIGHTS 100'S NAME OF ACCOUNT IND/LOR VOLUME NO. OF STORES NAME OF ACCOUNT IND/LOR VOLUME NO. OF TORES Page1 of 3 Pages Walgreen Drug,0.6341829085457271,0.8672566371681416,0.6415094339622641,0.3008849557522124,0.4096385542168675,0.25757575757575757,516,667,53,113,Missing text,Missing text | Numeric errors,ok,
82253058_3059,C:\Users\Yug\Documents\Internship\pdf-extraction-benchmark\datasets\FUNSD\images\82253058_3059.png,C:\Users\Yug\Documents\Internship\pdf-extraction-benchmark\datasets\FUNSD\annotations\82253058_3059.json,"12/10/36 09:51 317 8450971 LORILLARD COMPETITIVEPRODUCTINTRODUCTION PROGRESSREPORT TO: MRS.K.A.SPARROW MANUFACTURER:R.J.Reynolds FROM:R.G.Ryan BRAND:Camel Menthol DATE: 12/10/96 TYPEOFPACKINGS:FullFlavorBoxand LightBox REPORTINGPERIODS: AUG SEPT OCT NOV X (Forward by the 10th of the following month.) TESTMARKETGEOGRAPHY: All of Region 7. PRICE POINT: FULL $11.89 PN$ {Indicate Distributor's CostPer Carton) SALESFORCEINVOLVEMENT:Merchandisingthe toptray ofpermanentcounterdisplays andlabeling cartonfixturesin the Camel section.Alsoplacing metal signs and temporary counter displays. DISTRIBUTORS-ACCEPTANCE/INTROTERMS/INTRODEALS: Product is being introduced to all Direct Accounts in the Region.Acceptance is spotty at this time. DISTRIBUTORINVOLVEMENT: Assembly of promotional products and shipment to retail.Indianapolis Direct Accounts are reported to be receiving B1G1Fproduct. CHAINS-ACCEPTANCE/MERCHANDISINGALLOWANCE Chain acceptance has been very good. INDEPENDENTS-ACCEPTANCE/MERCHANDISINGALLOWANCE Acceptanceisbetter at highvolume locations than at lower volumeretailcalls. "" CAMEL.WK1/FMT PAGE 1 OF 2 82253058",82253058 LORILLARD TO: FROM: DATE: AUG SEPT OCT NOV MANUFACTURER BRAND: X 12/ 10/ 36 09: 51 317 8450977 001/ 002 COMPETITIVE PRODUCT INTRODUCTION PROGRESS REPORT MRS. K. A. SPARROW R. J. Reynolds Camel Menthol Full Flavor Box and Light Box TYPE OF PACKINGS: R. G. Ryan 12/ 10/ 96 REPORTING PERIODS: (Forward by the 10th of the following month.) TEST MARKET GEOGRAPHY All of Region 7. PRICE POINT: FULL $ 11.89 P/ V $ (Indicate Distributor's Cost Per Carton) Merchandising the top tray of permanent counter displays and labeling carton fixtures in the Camel section. Also placing metal signs and temporary counter displays. SALES FORCE INVOLVEMENT: DISTRIBUTORS - ACCEPTANCE/ INTRO TERMS/ INTRO DEALS: Product is being introduced to all Direct: Accounts in the Region. Acceptance is spotty at this time. DISTRIBUTOR INVOLVEMENT: Assembly of promotional products and shipment to retail Indianapolis Direct Accounts are reported to be receiving B1G1F product. CHAINS - ACCEPTANCE/ MERCHANDISING ALLOWANCE Chain acceptance has been very good. INDEPENDENTS - ACCEPTANCE/ MERCHANDISING ALLOWANCE Acceptance is better at high volume locations than at lower volume retail calls. CAMEL WK1/ FMT PAGE 1 OF 2,0.2548036758563074,0.6310160427807486,0.6810344827586207,0.42245989304812837,0.5214521452145214,0.35267857142857145,1122,1197,116,187,Missing text,Missing text | Numeric errors | Table-related errors,ok,
82253245_3247,C:\Users\Yug\Documents\Internship\pdf-extraction-benchmark\datasets\FUNSD\images\82253245_3247.png,C:\Users\Yug\Documents\Internship\pdf-extraction-benchmark\datasets\FUNSD\annotations\82253245_3247.json,8 2 5 3 2 4 5 TO: K. A. Sparrow SUBMISSIONDATE FROM: R. E.Lane JUNE 30 X SEP 22 口 AUG 11 口 NOV 10 口 SUBJECT: STYLELOWPRICE-PROGRESS REPORT EFEECTIVENESSOF:TransItion Plan (Report on June 30 only) PRE-SELL. Style Full Prlce accepted the introduction of the low price. BIGIF/2 FOR 1: Proved to be an excellent tool for pulling the balance of Style Full Price packs through the system. This aided the field greatly during the transition. $7.00 CARTON COUPON/BUYDOWN: Effective in those retail calls that we could not exchange product out of. Those situations were limited. DISTRIBUTION. DIRECTACCOUNTSAND CHAINSHEADQUARTEREDWITHINTHEREGION {15+STORES)STOCKINGNOLOWPRICESTYLE DIRECTACCOUNTSAND CHAINSHEADQUARTERED OUTSIDE THE REGION (15+STORES)STOCKINGNOLOWPRICESTYLE STYLE.XLS Page1of 3Pages,TO: FROM: SUBJECT: X PRE- SELL DISTRIBUTION Sheetz 18 150 183 21 82 106 87 5 23 35 43 Kroger cvs 82253245 K. A. Sparrow R. E. Lane SUBMISSION DATE JUNE 30 AUG 11 SEP 22 NOV 10 STYLE LOW PRICE PROGRESS REPORT EFFECTIVENESS OF: Transition Plan (Report on June 30 only) Overall pre- sell efforts were successful Retail accounts that previously stocked Style Full Price accepted the introduction of the low price BIGIF 2 FOR 1: Proved to be an excellent tool for pulling the balance of Style Full Price packs through the system. This aided the field greatly during the transition $ 7.00 CARTON COUPON/ BUYDOWN: Effective in those retail calls that we could not exchange product out of. Those situations were limited. DIRECT ACCOUNTS AND CHAINS HEADQUARTERED WITHIN THE REGION (15+ STORES) STOCKING NO LOW PRICE STYLE NAME OF ACCOUNT IND/ LOR VOLUME NO. OF STORES NAME OF ACCOUNT IND/ LOR VOLUME NO. OF STORES M. Maskos & Sons Pollock Candy and Cigar McKeesport Candy Co. Sicc Serva Thrift/ Eckerd 104/ 22 521/ 42 137/ 20 DIRECT ACCOUNTS AND CHAINS HEADQUARTERED OUTSIDE THE REGION (15+ STORES) STOCKING NO LOW PRICE STYLE NAME OF ACCOUNT IND/ LOR VOLUME NO OF STORES NAME OF ACCOUNT IND/ LOR VOLUME NO OF STORES Rich Oil Super America W H Smith 7- 11 318 Zon Dairy Marts Widman Drugs STYLE XLS Page 1 of 3 Pages,0.4881407804131599,0.7051282051282052,0.7454545454545455,0.3504273504273504,0.47674418604651164,0.31297709923664124,788,1307,110,234,Missing text,Missing text | Numeric errors | Table-related errors,ok,
82253362_3364,C:\Users\Yug\Documents\Internship\pdf-extraction-benchmark\datasets\FUNSD\images\82253362_3364.png,C:\Users\Yug\Documents\Internship\pdf-extraction-benchmark\datasets\FUNSD\annotations\82253362_3364.json,2 2 5 3 3 9 7 TO: K. A. Sparrow SUBMISSIONDATE FROM: J. L. McGinnis MAY 19 AUG 11 JUN 30 ] SEP 22 SUBJECT: MAVERICK SPECIALS MENTHOL-PROGRESSREPORT GEOGRAPHY REGION: FULLX PARTIAL (ONLY IF PARTIAL REGION CONTINUE WITH DIVISION(S) SCOPE) :NOISIAIO FULL PARTIAL DIVISION NAME: DIVISION NAME: REPS DIVISION NAME: DIVISION NAME: #REPS DIVISION NAME: DIVISION NAME: #REPS DISTRIBUTION DIRECTACCOUNTS AND CHAINS HEADOUARTERED WITHIN THE REGION (15+STORES) STOCKING NO MAVERICK SPECIALS MENTHOL DIRECTACCOUNTSAND CHAINSHEADQUARTERED OUTSIDETHE_REGION (15+STORES)STOCKINGNOMAVERICKSPECIALSMENTHOL MAVPROG9.XLS Page1 of 3Pages,TO: FROM: SUBJECT: ☑ GEOGRAPHY REGION: FULL X DIVISION: FULL PARTIAL PARTIAL DISTRIBUTION 20 15 29 44 17 34 15 20 22 27 15 37 Chevron Exxon Walgreen's ? ? ? ? ? ? ? 115 38 217 38 27 70 177 82253362 MAVPROGO K. A. Sparrow SUBMISSION DATE MAY 19 ☐ JUN 30 ☐ AUG 11 ☐ SEP 22 J. L. McGinnis MAVERICK SPECIALS MENTHOL - PROGRESS REPORT (ONLY IF PARTIAL REGION CONTINUE WITH DIVISION (S) SCOPE) DIVISION NAME: DIVISION NAME: DIVISION NAME: DIVISION NAME: DIVISION NAME: DIVISION NAME: # REPS # REPS # REPS DIRECT ACCOUNTS AND CHAINS HEADQUARTERED WITHIN THE REGION (15+ STORES) STOCKING NO MAVERICK SPECIALS MENTHOL NAME OF ACCOUNT IND/ LOR VOLUME NO. OF STORES NAME OF ACCOUNT IND/ LOR VOLUME NO. OF STORES Sac N Pac ACO Texaco Lone Star 75/ 2 95/ 3 76/ 3 26/ 2 42/ 2 106 /4 62/ 2 78/ 4 319/ 16 65/ 3 69/ 3 80/ 4 Shopper Mart Neal One Stop Mini Mart Albertson's -Houston Valley Shamrock Get Go Speedy Stop Western Beverage Don & Bens DIRECT ACCOUNTS AND CHAINS HEADQUARTERED OUTSIDE THE REGION (15+ STORES) STOCKING NO MAVERICK SPECIALS MENTHOL NAME OF ACCOUNT IND/ LOR VOLUME NO. OF STORES NAME OF ACCOUNTS IND/ LOR VOLUME NO. OF STORES Brookshire Bro's Eckerd Drugs S. Texas Philip's 66 Star Enterprise Page 1 of 3 Pages,0.6587171052631579,0.8640350877192983,0.7407407407407407,0.2631578947368421,0.3883495145631068,0.24096385542168675,617,1216,81,228,Missing text,Missing text | Numeric errors | Table-related errors,ok,
82254765,C:\Users\Yug\Documents\Internship\pdf-extraction-benchmark\datasets\FUNSD\images\82254765.png,C:\Users\Yug\Documents\Internship\pdf-extraction-benchmark\datasets\FUNSD\annotations\82254765.json,TO: K A. SPARROW DATE TO NYO: 1/24/97 FROM: S.Reindel DIV.NAME/NO: Nassau/107 1997SPECIALEVENTREQUESTFORM NAMEOFEVENT: H. Levinson Tradeshow *DATE OFEVENT: 3/18/97 SAMPLES/ITEMSREQUIRED: SAMPLE 10'S (400 PACKS PER CASE) #CASES NEWPORTK.S. 2 KENT III K.S. KENT GLLTSK.S. NEWPORT 100'S KENT III 100 KENT GL100 NEWPORTLTS.K.S. TRUEKS. NEWPORTLTS.100 KENTK.S. KENT 100 ITEMS QUANTTTYREOUIRED BASEBALL CAP 1500 WATERBOTTLES 500 SHIP TO: CUSTOMERSHIPPING NUMBER 198-1160006 NYO ONLY: DATEFORWARDEDTOPROMOTIONSERVICES: *PLEASEALLOW6WEEKSFORPROCESSINGOFYOURREQUEST. REQFORM 2 9 5 01/17/97,"TO: FROM: 1/24/97 2 1 1 1 ITEMS zbulan 82254765 01/17/97 REQFORM 1500 500 K. A. SPARROW DATE TO NYO: S. Reindel Nassau/ 107 DIV. NAME/ NO: 1997 SPECIAL EVENT REQUEST FORM NAME OF EVENT: ""DATE OF EVENT: 3/18/97 H. Levinson Tradeshow SAMPLE 10'S (400 PACKS PER CASE) SAMPLES/ ITEMS REQUIRED: NEWPORT K. S. NEWPORT 100's NEWPORT LTS K. S. NEWPORT LTS. 100 KENT III K. S. # CASES KENT GL LTS K. S. GL 100 KENT III 100 TRUE K. S. KENT K. S. KENT 100 QUANTITY REQUIRED BASEBALL CAP WATER BOTTLES SHIP TO: CUSTOMER SHIPPING NUMBER 198- 1160006 NYO ONLY: DATE FORWARDED TO PROMOTION SERVICES: PLEASE ALLOW 6 WEEKS FOR PROCESSING OF YOUR REQUEST",0.4889937106918239,0.7672413793103449,0.5942028985507246,0.35344827586206895,0.44324324324324327,0.2847222222222222,580,636,69,116,Missing text,Missing text | Numeric errors | Table-related errors,ok,
82491256,C:\Users\Yug\Documents\Internship\pdf-extraction-benchmark\datasets\FUNSD\images\82491256.png,C:\Users\Yug\Documents\Internship\pdf-extraction-benchmark\datasets\FUNSD\annotations\82491256.json,"CASE FORM CASE NAME: Wanda G. Robinson and Carroll Robinson v. Raybestos-Manhattan, et al. COURT: San Francisco Superior Court-No.996378 LORILLARD ENTITIES: Lorillard Tobacco Company DATEFILED: July 23,1998 DATE SERVED: August 3, 1998 CASE TYPE: Asbestos PLAINTIFF'S COUNSEL: Wartnick, Chaber,Harowitz,Smith& Tigerman Madelyn J. Chaber 101 California Street, Suite 2200 San Francisco,California 94111 415/986-5566 LORILLARD COUNSEL: JUDGE: TRIAL DATE: 8 2 6 5 6 94624999","COURT: JUDGE: Asbestos CASE FORM CASE NAME: LORILLARD ENTITIES: DATE FILED: DATE SERVED: CASE TYPE: PLAINTIFF COUNSEL: LORILLARD COUNSEL: TRIAL DATE: Wartnick, Chaber, Harowitz, Smith & Tigerman Madelyn J. Chaber 101 California Street, Suite 2200 San Francisco, California 94111 415 986- 5566 August 3, 1998 July 23, 1998 Lorillard Tobacco Company San Francisco Superior Court - No. 996378 Wanda G. Robinson and Carroll Robinson v Raybestos- Manhattan, et al. 82491256 94624999",0.7840670859538784,0.9154929577464789,0.7777777777777778,0.6901408450704225,0.7313432835820896,0.5764705882352941,470,477,63,71,Numeric errors,Numeric errors | Layout issues,ok,
82504862,C:\Users\Yug\Documents\Internship\pdf-extraction-benchmark\datasets\FUNSD\images\82504862.png,C:\Users\Yug\Documents\Internship\pdf-extraction-benchmark\datasets\FUNSD\annotations\82504862.json,"CASE FORM CASE NAME: Donald D. Sellers and Robin J . Sellers v.Raybestos-Manhaftan, et al. COURT: SanFranciscoSuperior Court-No.996382 LORILLARD ENTTTTES: Lorillard Tobacco Company DATE FILED: DATESERVED: August 3, 1998 CASE TYPE: Asbestos PLAINTIFF'S COUNSEL: Wartnick,Chaber,Harowitz,Smith&:Tigerman StephenM.Tigerman 101 California Street,Suite 2200 San Francisco, California 94111 415/986-5566 LORILLARD COUNSEL: JUDGE: TRIALDATE: 0 4 8 9 2 94625115","COURT: Asbestos JUDGE: CASE FORM CASE NAME: LORILLARD ENTITIES DATE FILED DATE SERVED CASE TYPE: PLAINTIEE'S COUNSEL: LORILLARD COUNSEL: TRIAL DATE: 82504862 946225115 Wartnick Chaber, Harowitz, Smith& Tigerman StephenM. Tigerman 101 California Street Suite 2200 San Francisco California 94111 August 3, 1998 Lorillard Tobacco Company San Francisco Superior Court- No. 996382 Donald D. Sellers and Robin J. Sellers v. Raybestos Manhattan et al.",0.795045045045045,0.9206349206349206,0.6181818181818182,0.5396825396825397,0.576271186440678,0.40476190476190477,453,444,55,63,Missing text,Missing text | Numeric errors,ok,
82562350,C:\Users\Yug\Documents\Internship\pdf-extraction-benchmark\datasets\FUNSD\images\82562350.png,C:\Users\Yug\Documents\Internship\pdf-extraction-benchmark\datasets\FUNSD\annotations\82562350.json,"05/01/00 10:21 612 8949890 LORILLARD RGN#II 001/004 P Fax 101 Mr.Randy Spell From:RickRedfield Fax: Date: May 1,2000 CC: Mr.Fred Paternostro Fax: 952 894-9690 Re: Legal-lowa Pages: 4 urgent For Review Please Commont Please Reply Please Recycle Comments: AttachedsthelowaDepartmentofRevenueandFinanceMinimumLegalPrices on Cigarettes asofApril3,2000.1am attempting toobtaina copy of the actual FairTradeLawandwill forwardassoonasobtained. Rick CONFIDENTIALITY NOTE Thio facslmdle may contain privleged and confidential iafonnation intended only for the use of fthe individual or enlity named abova. Ifthe reader of th facsinll is not the intendedrecplent or empioyee orgentresponsible for defivering it io the intendied recipiert, you ore hereby noEfied that any dissemlnation or copying of this facsimile is slzictly prohiblted. if you have raceived this facsimale in emror, please notily us imnedlately by bolephone (number indicabed below) and refurn Ihe original facsimlle to us at the address below via the U. S, Postel Service. 20S Rivee Ridge Clrcle P.0.Bax1589 Bumsville, MN 55337 TOBACCOCOMPANY Telephone: (952) 894-2238 8 2 5 6 0","Fax LORILLARD TOBACCO COMPANY 001/004 To: Fax: CC: Re: From: Date: Fax: Pages: Urgent 4 Comments: CONFIDENTIALITY NOTE Telephone: 82562350 05/01/00 10:21 612 894 9690 LORILLARD RGNY 11 Mr. Randy Spell Rick Redfield May 1, 2000 952 894- 9690 Mr. Fred Paternostro Legal- lowa For Review Please Comment Please Reply please Recycle Attached is the Iowa Department of Revenue and Finance Minimum Legal Prices on Cigarettes as of April 3, 2000. I am attempting to obtain a copy of the actual Fair Trade Law and will forward as soon as obtained. Rick This facsimile may contain privileged and confidential information intended only for the use of the individual entity named above. If the mader of the facsimile is not the intended recipient or employee or delivering. It to the intended recipient you are hereby notified that any dissemination for copying of this facsimile is strictly prohibited. If you have received his facsimile in error, please notify us immediately by telephone (number indicated below) and return the original facsimile to us at the address below via the U.S Postal Service. 205 River Ridge Circle P. O. Box 7589 Bumsville, MN 5337 (952) 694-2238",0.3479381443298969,0.71875,0.554140127388535,0.453125,0.4985673352435529,0.3320610687022901,1137,1164,157,192,Missing text,Missing text | Numeric errors | Table-related errors,ok,
82573104,C:\Users\Yug\Documents\Internship\pdf-extraction-benchmark\datasets\FUNSD\images\82573104.png,C:\Users\Yug\Documents\Internship\pdf-extraction-benchmark\datasets\FUNSD\annotations\82573104.json,"COVINGTON&BURLING XC:RBS 12-9-99 FROMRAEVED DEC-91999 1201PennsyivaniaAvenue,N.W. P.O.Box7566 Washington,D.C.20044-7566 (202) 662-6000 Fax Numbers(202)662-6291or(202) 737-0528 R. B. SPELL Fax Operaitor: (202) 662-6280 THIS FACSIMILE TRANSMISSION IS INTENOED ONLY FOR THE ADDRESSEE SHOWN BELOW.IT MAY CONTAIN INFORMATION THATIS PRIVILEGED,CONFIDENTIALOR OTHERWISE PROTECTEDFROMDISCLOSURE.ANYREVIEW,DISSEMINATION ORUSE OF THIS TRANSMISSION ORITS CONTENTS BY PERSONS OTHER THAN THEADDRESSEE IS STRICTLY PROHIBITED.IF YOU HAVE RECEIVED THIS TRANSMISSION IN ERROR,PLEASE NOTIFY US IMMEDIATELY AND MAILTHEORIGINALTOUSATTHEABOVEADDRESS. Date: December 9,1999 To: Haney H. Bell, Esq. From: DavidH.Remes (202) 778-5212-directfax Room: 803E Pages(including cover) MESSAGE: 5 7 001 COVINGTON&BURLING 12/09/99 11:09FAI","82573104 Date: To: From: Room: MESSAGE: COVINGTON & BURLING xc: RB5 12- 9- 99 RECEIVED DEC -9 1999 R B. SPELL 1201 Pennsylvania Avenue, N W. P. O. Box 7566 Washington D. C. 20044- 7566 (202) 662- 6000 Fax Numbers (202) 662 6291 or (202) 737 0528 Fax Operator (202) 662- 6280 THIS FACSIMILE TRANSMISSION INTENDED ONLY FOR THE ADDRESSEE SHOWN BELOW LIT MAY CONTAIN INFORMATION THAT IS PRIVILEGED CONFIDENTIAL OR OTHERWISE PROTECTED FROM DISCLOSURE ANY REVIEW DISSEMINATION OR USE OF THIS TRANSMISSION OR ITS CONTENTS BY PERSONS OTHER THAN THE ADDRESSEE IS STRICTLY PROHIBITED YOU HAVE RECEIVED THIS TRANSMISSION ERROR PLEASE NOTIFY US IMMEDIATELY AND MAIL THE ORIGINALI TO AT THE ABOVE ADDRESS December 9, 1999 Haney H. Bell, Esq. David H. Remes (202) 778 5212 - direct fax 803E // Pages (including cover)",0.2752179327521793,0.7185185185185186,0.5862068965517241,0.37777777777777777,0.45945945945945943,0.2982456140350877,806,803,87,135,Missing text,Missing text | Numeric errors | Table-related errors,ok,
82837252,C:\Users\Yug\Documents\Internship\pdf-extraction-benchmark\datasets\FUNSD\images\82837252.png,C:\Users\Yug\Documents\Internship\pdf-extraction-benchmark\datasets\FUNSD\annotations\82837252.json,"13 mKA NEW COMPETITIVEPRODUCTS mKA BOBBY MILLS,REGIONAL SALES MGR.,INDIANAPOLIS,IN REPORTED BY: DATE:8/10/90 TIME: SOURCEOF NFORMATION: HALL RODECAP,NOBLESVILLE,IN MSE MANUFACTURER: BRAND NAME: VICEROY KING BOX AND VICEROY LIGHTS KING BOX TYPEOF PRODUCT: SIZEORSIZES: LIST PRICE: EXTENTOF DISTRIBUTION: OTHER INFORMATION: SEE ATTACHED INFORMATION SHEET cc: A.H.Tisch G.Telford J.J.Tatulli R.H.Orcutt F.J.Schultz L. H. Kersh M.A.Peterson A.W.Spears J.R.Slater 2837252 2 .H.Mau N.P.Ruffalo L.Gordon T.L.Achey S.T.Jones U.P.Mastandrea P.J.McCann R.S.Goldbrenner A.J.Giacolo E.R.Harrow","DATE: TIME: MRA MANUFACTURER: cc: 82837252 NEW COMPETITIVE PRODUCTS REPORTED BY: BOBBY MILLS, REGIONAL SALES MGR., INDIANAPOLIS, IN 8/ 10/ 90 SOURCE OF INFORMATION: HALL RODECAP, NOBLESVILLE, IN B & W VICEROY KING BOX AND VICEROY LIGHTS KING BOX BRAND NAME: TYPE OF PRODUCT: SIZE OR SIZES: LIST PRICE: EXTENT OF DISTRIBUTION: SEE ATTACHED INFORMATION SHEET OTHER INFORMATION: G. Telford F. J. Schultz A. W. Spears N. P. Ruffalo T. Achey P. J. McCann A. J. Giacolo J. J. Tatulli L. H. Kersh J. R. Slater S. T. Jones R S. Goldbrenner E. R. Harrow A. H. Tisch R. H. Orcutt M. A. Peterson T. H. Mau L. Gordon J. P. Mastandrea",0.5362318840579711,0.8125,0.48484848484848486,0.2857142857142857,0.3595505617977528,0.2191780821917808,581,621,66,112,Missing text,Missing text | Numeric errors,ok,
83443897,C:\Users\Yug\Documents\Internship\pdf-extraction-benchmark\datasets\FUNSD\images\83443897.png,C:\Users\Yug\Documents\Internship\pdf-extraction-benchmark\datasets\FUNSD\annotations\83443897.json,"JAN 11*9916:29 FR 8220 T03212#128557#C02#P.01 FAXTRANSMISSION DATE: January11,1999 CLIENT NO. L8557.002 MESSAGE TO:Dewey Tedder COMPANY: Lorillard Tobacco Company FAXNUMBER: ：336/373-6917 PHONE: 336/373-6750 FROM: Andy Zausner and RobMangas PHONE: 202/828-2259and202/828-2241 PAGES(Including Cover Sheet):.2HARD COPYTOFOLLOW:-YES X_NO DICKSTEIN SHAPIRO MORINe OSHINSKY LLP MESSAGE:Thefollowingis foryour review. JAN12 1999 If your receipt of this transmission is in error, please notify this firm immediarely by collect call to our Facsimile Dcpartment at 202-861-9106, and send thc original transmission to us by return mail at the addrcss below. This transmission is intcnded for the sole use of the individual and entity to whom it is addressed, and may contain information zhat is privileged, confdential and ecxcmpt from disclosure undcr applicablc law. You are hcreby notified that any disscmination, distribution or duplication of this transmission by sonacone other than the intended acldresscc or its designatcd agent is strictly prohibited. 8 3 4 4 3 8 6 Z","DATE: COMPANY: PHONE: FROM: PHONE: MESSAGE: YES NO 2 X 83443897 JAN 11 '99 16: 29 FR 8220 TO 3212128557HC02N P. 01 DICKSTEIN SHAPIRO MORING OSHINSKY FAX TRANSMISSION January 11, 1999 L8557 002 Dewey Tedder Lorillard Tobacco Company 336/ 373- 6917 336/ 373- 6750 Andy Zausner and Rob Mangas 202/ 828- 2259 and 202/ 828 2241 CLIENT NO.: MESSAGE TO: FAX NUMBER: PAGES (including Cover Sheet): HARD COPY TO FOLLOW JAN 1 2 1999 The following is for your review If your receipt of this transmission is in error, please notify this firm immediately by collect call to our Facsimile Department at 202- 861- 9106, and send the original transmission to us by return mail at the address below. This transmission is intended for the sole use of the individual and entity to whom it is addressed, and may contain information that is privileged, confidential and exempt from disclosure under applicable law. You are hereby notified that any dissemination, distribution or duplication of this transmission by someone other than the intended addressee or its designated agent is strictly prohibited. 2101 L Street NW Washington, DC 20037- 1526 Tel 202- 785 9700 Fax 202- 887 0689",0.3379191745485813,0.5333333333333333,0.6912751677852349,0.5282051282051282,0.5988372093023255,0.42738589211618255,1066,1163,149,195,Missing text,Missing text | Numeric errors | Table-related errors,ok,
83553333_3334,C:\Users\Yug\Documents\Internship\pdf-extraction-benchmark\datasets\FUNSD\images\83553333_3334.png,C:\Users\Yug\Documents\Internship\pdf-extraction-benchmark\datasets\FUNSD\annotations\83553333_3334.json,"11/12/8 nCZTZYVAZ:RT 45UU 9PAT MAT 0U2/ 00 f DAVISPOLK&WARDWELL Sender Fax Transmittal 450LexingtonAvenue New York,NY 10017 212-450-4000 CharlesDuggan Date NurnberofPages(thispage included) November12,1999 6 SenderVoice Number If problems receiving this fax, call 212-450-4785 212-450-4785 Sender Fax Number Reference 212-450-3785 17555-002 To Fax Number Company Recipient Phonc Number Thomas M.Sobol 617-439-3278 BrownRudnickFreed617-330-9000 &Gesmer Joseph F.Rice 843-720-9290 Ness, Motley, 843-720-9000 Loadholt, Richardson & Poole RobertV.Costello 617-722-0286 Schneider, Reilly, Zabin &Costello 617-227-7500 Jeffrey D.Woolf Richard M.Heimann 415-956-1008 Lieff,Cabraser& Heimann 415-956-1000 Michael P.Thornton 617-720-2445 Thomton,Early& Naumes 617-720-1333 Message: 8 3 5 5 3 3 3 3 Cohdetlality Note Thisfaceinuixs tended oolyforteperon cr entiylo wiuiis ddredapd msy coatain infartionthstie pervileged, ondential othewi tetdfodiuDissetn, ditbfin rooping fthftiil thfomtihecin y aythththe ined rouipiul, u su caployee or agnt aponsible fer dlivaring he mssage tnfh inmded meciplent, is prohibited, If you haveecived thifasmile in crt, please motify us immediately by telephome aad return the feesismile by mail.","Sender Date To Reference November 12, 1999 6 Message: 8355333 11/ 12/ 99 19: 32 FAA 212 450 4800 DPW 1048 UUZ/ DUS DAVIS POLK & WARDWELL Fax Transmittal 450 Lexington Avenue New York, NY 10017 212- 450- 4000 Charles Duggan Number of Pages (this page included) Sender Voice Number If problems receiving this fax, call 212- 450- 4785 212- 450- 4785 Sender Fax Number 212- 450- 3785 17555 002 Fax Number Company Recipient Phone Number Thomas M. Sobol 617- 439- 3278 Brown Rudnick Freed & Gesmer 617- 330- 9000 843- 720 9000 Ness, Motley, Loadholt, Richardson & Poole 843- 720- 9290 Joseph F. Rice Robert V. Costello Jeffrey D. Woolf 617- 722- 0286 415- 956- 1008 Richard M. Heimann Michael P. Thornton 617- 720- 2445 Thomton, Early & Naumes 617- 720- 1333 415- 956- 1000 617- 227- 7500 Schneider, Reilly, Zabin & Costello Lieff, Cabraser & Heimann Confidentiality Note This only for the person or entity may besi pavilegedal of otherwis protected from disclosos. Disscnlation, distribution popying of the facile the information herein by anyone other than the poupil, waployee responsible for delivering the message the prohibited. You thisfacsimile in error please notify as immediately by telephone and return the facsimile by mail.",0.48984565393988627,0.8235294117647058,0.35135135135135137,0.2549019607843137,0.29545454545454547,0.17333333333333334,1218,1231,148,204,Missing text,Missing text | Numeric errors | Table-related errors,ok,
83573282,C:\Users\Yug\Documents\Internship\pdf-extraction-benchmark\datasets\FUNSD\images\83573282.png,C:\Users\Yug\Documents\Internship\pdf-extraction-benchmark\datasets\FUNSD\annotations\83573282.json,"HAGENS BERMAN 01/14/9918:36FAK2066230594 HAGENSBERMAN llrorneya nr Low 1301 FIrTH AvENVE, SUITE agoo · SEATrLE, WA g8101 FACSIMILE COVERSHEET Date: January 14,1999 No.ofPages37 (inciuding this page) From: Steve W.Berman File No.: 1129.01 Re: Tobacco-FeePaymentAgreement and Release COMMENTS: Urgent!Deliver Immediately. Please call the Support Center at (206) 268-9312 or at ext. ifyou do not receive all of these pages or if there is a problem. The Infornarion contained in this fsesimite is confidentinl and may also be attorney-privileged. The infoemation is intended only for thc wse of tho individusl or entity to whan it is adressed. If you arc not the Iniended recipient, or thc emplayee or agcnt responsible for dclivering it to tho Inended recipient you sre heeby notified thu any use, disseminatio, distributin cr copying of this commuicalion is strietly prohibited. pu e ot ed fo q sp d o am s p essage ta us al (he adress sbove via the US Postal Scrrice. Thank you. wAFeePag 001/057 AFROFESStONAL, SERVICE CCRUPORLATION 8 3 5 3 8 2","Date: From: Re: COMMENTS: Recipient(s): Company: 83573282 Urgent! Deliver Immediately 04/ 14/ 99 18: 36 FAX 206 623 0594 HAGENS BERMAN HAGENS BERMAN Attorney Law WA Fee Pay Agree XC: JAW 1301 FIFTH AVENUE, SUITE 2900 SEATTLE, WA 98101 TELEPHONE (206) 623 7293 FACSIMILE (206) 623- 0594 FACSIMILE COVER SHEET January 14, 1999 No. of Pages 37 (including this page) 1129. 01 File No.: Tobacco - Fee Payment Agreement and Release Steve W. Berman Phone No.: Fax No.: (212) 403- 2000 (212) 450- 4800 (917) 663- 5399 (502) 568- 7297 (336) 335- 7707 (336) 741- 2998 (312) 861- 2200 (312) 861- 2000 (212) 450- 4000 (212) 403- 1000 Wachtell, Lipton, Rosen & Katz Davis, Polk & Wardwell Philip Morris Inc. Brown & Williamson Tobacco Corp. Lorillard Tobacco Co. R. J. Reynolds Tobacco Co Kirkland & Ellis Mr. Stephen R. Patton Mr. Charles A. Blixt Mr. Ronald Milstein Mr. F. Anthony Burke Mr. Martin Barrington Mr. Arthur F. Golden Mr. Meyer G. Koplow Please call the Support Center at (206) 268- 9312 or at ext if you do not receive all of these pages or if there is a problem. The information contained in this facsimile is confidential and may also be attorney privileged. The information is intended only for the use of the individual or entity to whom it is addressed. If you are not the intended recipient, or the employee or agent responsible for delivering it to the intented recipient, you are hereby notified any use, dissemination, distribution or copying of this communication is strictly prohibited. If you have received this facsimile in error, please immcdiately notify us by a collect call to (206) 623- 7292, and return the original message to us at the address above via the US Postal Service. Thank you. A PROFESSIONAL SERVICE CORPORATION",0.5226361031518625,0.7558528428093646,0.5238095238095238,0.29431438127090304,0.37687366167023556,0.23218997361477572,1043,1745,168,299,Missing text,Missing text | Numeric errors | Table-related errors,ok,
83594639,C:\Users\Yug\Documents\Internship\pdf-extraction-benchmark\datasets\FUNSD\images\83594639.png,C:\Users\Yug\Documents\Internship\pdf-extraction-benchmark\datasets\FUNSD\annotations\83594639.json,"D9/22/97M0N 15:35 FAX 12124554900 001 8 3 L5 6 9 3 6 ROPER STARCH WORLDWIDE TUENING PATA INTO INTELLIGENCE WOILEWIDE Fax Fax Fax Fax Fax Fax Fax Fax Fax Date: September 22,1997 To: Ron Milstein From: “J""Klern Company: Lorillard Fax Number: (910) 335-7707 Pages (Including cover page): 3 Roper Starch Worldwide Inc. 205 East 42nc Stoel New York NY 10017 212 559 0700 Tel 212.887 7008 Fex Roper Marketing and Public Opinion Reseanch Starch Advertising and Medla Ressarch Friedman Marketing Senvices INRA Wond Hesdquarters","Date: To: Company: From: 3 Lorillard 83594639 ☑001 89/ 22/ 97 MON 15: 35 FAX 12124554900 ROPER STARCH WORLDWIDE ROPER STARCH TURNING DATA INTO INTELLIGENCE WORLDWIDE Fax Fax Fax Fax Fax Fax Fax Fax Fax Ron Milstein (910) 335 7707 Pages (Including cover page): ""JJ"" Klein Fax Number: Roper Starch Worldwide nc 205 East 42nd Street New York NY 0017 212 599 0700 212 887 7008 Fax Roper Marketing and Public Option Research Search Advertising and Media Research Frederen Marketing Services INRA World Headquarters September 22, 1997",0.4356060606060606,0.6551724137931034,0.6071428571428571,0.5862068965517241,0.5964912280701754,0.425,519,528,84,87,Numeric errors,Numeric errors | Table-related errors,ok,
83624198,C:\Users\Yug\Documents\Internship\pdf-extraction-benchmark\datasets\FUNSD\images\83624198.png,C:\Users\Yug\Documents\Internship\pdf-extraction-benchmark\datasets\FUNSD\annotations\83624198.json,"FEB25'9818:23FR FAXTRANSMISSION TO #128557*082#P.01 DICKSTEIN SHAPIRO MORIN OSHINSKY LEP DATE: February25,1998 CLIENT NO.: L8557.002 MESSAGETO:Ronald S.Milstcin COMPANY: LorillardTobacco Company FAXNUMBER: ：910/335-7707 PHONE: 910/335-7718 FROM: Andy Zausner PHONE: 202/828-2259 PAGES(lncluding Cover Sheet):12_HARD COPYTO FOLLOW: YES NO MEsSAGE:Sec attached faxfrom the Commitee on Commerce just received in my officc.Call me to discuss. collect call to our Facsimile Department at 202-861-9106, and send the original transmission to us by rctum mail at thc address below. This Eransmission is intcndcd for the sole usc of the individual and cntity to whom it is adidressed, and. may contain information that is privileged, confidential and exempt from disclosure under applicable Iaw. You are hcrcby notificd that any disscmination, distribution or duplication of this transmission lby someone other than the intended addressee or its designated agent is strictly prohibited. 8 N 4 6 8","TO DATE: COMPANY: PHONE: FROM: PHONE: MESSAGE: YES NO 12 83624198 Tel Fax FEB 25 '98 18: 23 FR #1 28557 002# P. 2101 FAX TRANSMISSION February 25, 1998 L8557 002 Ronald S. Milstein Lorillard Tobacco Company 910/ 335- 7707 910 /335 -7718 Andy Zausner 202 /828 -2259 FAX NUMBER: MESSAGE TO: CLIENT NO.: PAGES (including Cover Sheet): HARD COPY TO FOLLOW: See attached fax from the Committee on Commerce just received in my office. Call me discuss. If your receipt of this transmission is in error, please notify this firm immediately by collect call to our Facsimile Department at 202- 861 -9106 and send the original transmission to us by return mail at the address below. This transmission is intended for the sole use of the individual and entity to whom it is addressed, and may contain information that is privileged, confidential and exempt from disclosure under applicable law. You are hereby notified that any dissemination, distribution duplication of this transmission by somcong other than the intended addressee or its designated agent is strictly prohibited. 2101 L. Street NW Washington DC 20037 1528 202 785 9700 202 -887 -0589",0.37456140350877193,0.5894736842105263,0.6642335766423357,0.4789473684210526,0.5565749235474006,0.3855932203389831,987,1140,137,190,Missing text,Missing text | Numeric errors | Table-related errors,ok,
83635935,C:\Users\Yug\Documents\Internship\pdf-extraction-benchmark\datasets\FUNSD\images\83635935.png,C:\Users\Yug\Documents\Internship\pdf-extraction-benchmark\datasets\FUNSD\annotations\83635935.json,"P.1/6 JUN2S'97B2:OOPMLOEWSCORPLEGAL LOEWS CORPORATION 887 Madison Avenue, New York, N.Y. 10021-8087 (212) 545-2920 Fax (212) 935-6801 BARRY HIRSCH Senior Vice President Sacretary & Gonaral Counsel EAX CONFIDENTLAL DATE: June 4, 1997 TO: Dr. Spears/A.J. Stevens/R. Milstein FROM: Barry Hirsch TOTALNUMBEROFPAGESINCLUDINGTHISCOVERSHEET-6 IFYOUDONOTRECEIVEALLTHEPAGES,PLEASECALL CAROLDOKTORSKIAT(212)545-2934. OURFAX NUMBERIS(212) 935-6801. CONAEN INPOROTION THAT I6PRIVTADED,CONPIDNRTIALAED ISMP PROM DISCLOSCRE UDER APPLICASLE LAH.IP YOO ARZ NOT ZHS INTRNDRD RZCIPIENT,YOG ARE HARABY ROTIFID THAT ANY DIESDHDOATION,DISTRIBOPION OR COPYTNG POSTAL SRRVICE.TONK YOC. 8 3 6 3 5 6 3 5","DATE: TO: FROM: 83635935 JUN 05 97 02:00 PM LOEWS CORP P. 1/ 6 LOEWS CORPORATION 667 Madison Avenue, New York, N. / 10021 8087 (212) 545 2920 Fax (212) 935 6801 BARRY HIRSCH Senior Vice President Secretary & General Counsel FAX CONFIDENTIAL June 4, 1997 Dr. Spears/ A. J. Stevens/ R. Milstein Barry Hirsch TOTAL NUMBER OF PAGES INCLUDING THIS COVER SHEET- 6 IF YOU DO NOT RECEIVE ALL THE PAGES, PLEASE CALL CAROL DOKTORSKI AT (212) 545- 2934. OUR FAX NUMBER (212) 935 6801 THIS TRANSMISSION IS INTENDED ONLY FOR THE USE OF THIS INDIVIDUAL OR ENTITY TO FROM IT IS ADDRESSED. AND MAY CONTAIN INFORMATION THAT IS PRIVILEGED CONFIDENTIAL AND You YOU ARE THAT MY DIRAYDOTIG DISAISONICAR OF THIS COMKONICATION TA ATRICTLY PROHIBITED HAVE RECEIVED TINCOFMONTTIOS PYTHOND ROU ORIGDOL YILSON ATITE ABOVE ADDR359 VIA POSTAL SERVICE THANK YOU.",0.4411057692307692,0.851063829787234,0.425,0.24113475177304963,0.3076923076923077,0.18181818181818182,678,832,80,141,Missing text,Missing text | Numeric errors | Table-related errors,ok,
83641919_1921,C:\Users\Yug\Documents\Internship\pdf-extraction-benchmark\datasets\FUNSD\images\83641919_1921.png,C:\Users\Yug\Documents\Internship\pdf-extraction-benchmark\datasets\FUNSD\annotations\83641919_1921.json,"TO: S.P.ZOLOT SUBMISSIONDATE FROM: R.W.RICHARDSON DEC21 X NOV16 SUBJECT:OLD GOLD-LIGHT BOX 100'S PROGRESS REPORT GEOGRAPHY REGION: FULL PARTIAL X (ONLY IF PARTIAL REGION, CONTINUE WITH DIVISION(S) SCOPE) DIVISION: FULL X PARTIAL DIVISION NAME: Detroit North DIVISION NAME: Detroit South #REPS: 13 DIVISION NAME: Detroit East DIVISION NAME: Detroit West #REPS: 12 DIVISION NAME: Grand Rapids DIVISION NAME: Flint #REPS: 13 DISTRIBUTION Direct Accounts and Chains Headquartered within the Region. (15+Stores)Stocking No Old Gold Light Box 100's Direct Aecounts and Chains Headquartered Outside the Region. (15+Stores)Stocking No Old Gold Light Box100's TEG3ESS RPT OLD-GOID LT BGX EOOXCL5 8 3 6 4 6 6 Page l ef3","31 1818 22 15 24 19 15 209 32 151/15 81/9 138/9 140/13 117/9 118/8 166/15 115/13 163/11 DISTRIBUTION DIVISION: REGION: FULL Flint X FULL PARTIAL PARTIAL 13 12 13 X 196/13 16 TO: FROM: SUBJECT: GEOGRAPHY X 142 237 102 39 184 32 40 31 Emra Walmart 83641919 S. P. ZOLOT R. W. RICHARDSON OCT 05 SUBMISSION DATE DEC 21 NOV 16 OLD GOLD- LIGHT BOX 100'S PROGRESS REPORT (ONLY IF PARTIAL REGION, CONTINUE WITH DIVISION(S) SCOPE) DIVISION NAME: DIVISION NAME: DIVISION NAME: Detroit North Detroit East Grand Rapids DIVISION NAME: DIVISION NAME: DIVISION NAME: Detroit South Detroit West # REPS: # REPS: # REPS: Direct Accounts and Chains Headquartered within the Region (15+ Stores) Stocking No Old Gold Light Box 100's Name of Account Ind/Lor Volume Number of Stores Name of Account Ind/Lor Volume Number of Stores Quality Dairy Bay Stations Schmuckal Dil Wilson Oil Quik Stop Forwards Phil Flint Arbor Rx Imperial Oil Speedy Q Direct Accounts and Chains Headquartered Outside the Region. (15+ Stores) Stocking No Old Gold Light Box 100's Name of Account Ind/Lor Volume Number of Stores Name of Account Ind/Lor Volume Number of Stores Clark Gas 7- Eleven Southland Ultra Diamond Dairy Mart Mobil Oil ACA Amoco GOD Page 1 of 3",0.6614626129827444,0.8038277511961722,0.7333333333333333,0.3684210526315789,0.4904458598726114,0.32489451476793246,709,1217,105,209,Missing text,Missing text | Numeric errors | Table-related errors,ok,
83772145,C:\Users\Yug\Documents\Internship\pdf-extraction-benchmark\datasets\FUNSD\images\83772145.png,C:\Users\Yug\Documents\Internship\pdf-extraction-benchmark\datasets\FUNSD\annotations\83772145.json,"JAN.31.1997 11:48AM NO. 1796 P.1/3 FAX COVER' FAX COVER LAWOFFICES SHOOK,HARDY&BACONL.L.P. One Kansas CltyPlace 1200 Main Street Kansas City, Missouri 64105-2118 Telephone(816)474-6550·Facsimile(816)421-5547 TO: JACKREILLY TELECOPY NO: 212/545-3297 FROM: :JIMDALEY 书： 392 DATE: JANUARY31,1997 TIME: SHB Client Matter No.: LORI.45048 Pages transmitted including cover sheet: 3 .ORIGINALDOCUMENTWILLFOLLOWVIAFEDERALEXPRESS. Special Instructions: 1 If you oxperience any problems, please callextension/ OPERATOR: COMMENTS/MESSAGE: Jack: ·i Per your request, aftached is a nemo regarding the proccss of labeling reviewed diskettes for the purpose oflater identification.Please call meif you have any questious. IregretI cannotjoinyou and the electronic document collectionteamfor lunch today. Ihope yoiu agree they have done an outstanding job!Ilook forward to secing you onFebruary 5 for the Legal Edge presentation, Best Regards, Jim Daley. CONiENfIALITY NOTICL; The dxumonts rropaayin Ibis lecopy tranmision conon confidcntial infennation belenging to ho sender Heh s legally rivilged,Te infolon is ntended nly fr theue he individul() r entiyfies) aed abve.Ifyou re o he inepded ceiplen, you e hereby notifiod tht aly disclosure, copyfng, distrburon or tha taking of ony slon in relfance n he cenests of ts elecopiedinformation is sofey prohibliel. 1fyou havo recwived lis telecopy in eror please mmediaiely netiiy us by ciophone to arrnge forreturn f the originnl douments 1o . -* 8 3 7 4 5","NO. 1796 P. #: TIME: TO: FROM: DATE: 392 OPERATOR: Jack CONFIDENTIALITY NOTICE 83772145 JAN 31. 1997 11: 48 AM FAX COVER LAW OFFICES SHOOK HARDY & BACON L. L. P. 1/ 3 FAX COVER One Kansas City Place 1200 Main Street Kansas City Missouri 64105- 2118 Telephone (816) 474 6550 Facsimile (816) 421- 5547 JACK REILLY TELECOPY NO: 212/ 545- 3297 LORI 45048 ORIGINAL DOCUMENT WILL FOLLOW VIA FEDERAL EXPRESS Pages transmitted including cover sheet: SHB Client Matter No: JANUARY 31, 1997 JIM DALEY If you experience any problems, please call extension 21000 Per your request, attached is a memo regarding the process of labeling reviewed diskettes for the purpose of later identification Please call me if you have any questions regret I cannot join you and the electronic document collection team for lunch today. I hope you agree they have done an outstanding job! I look forward to seeing you on February 5 for the Legal Edge presentation. Best Regards, Jim Daley The documents accompanying this transmission contain confidential information belonging to the sender Legally privileged The information is intented only for the Individual or entity named above pol pre intended recipen you heret notified that copying distribuar dhe crion Islance content or lecoled normation och If you have received this telecopy in error, please immediately notify us by telephone to arrange for return of the origin documents to us. COMMENTS/ MESSAGE: Special Instructions:",0.40646492434663,0.7796610169491526,0.4423076923076923,0.3898305084745763,0.4144144144144144,0.26136363636363635,1490,1454,208,236,Missing text,Missing text | Numeric errors | Table-related errors,ok,
83823750,C:\Users\Yug\Documents\Internship\pdf-extraction-benchmark\datasets\FUNSD\images\83823750.png,C:\Users\Yug\Documents\Internship\pdf-extraction-benchmark\datasets\FUNSD\annotations\83823750.json,"DPW 30-59 001 /97TUE18:39FAI212 5578 DAVISPOLK&WARDWELL Message: od rthewie tetedfrodislDisemitindistrtn orcopyngfthis fciilrtheiftnherelnbyayonhethanthndd recipient, or uncmployoe ot egent responsible fer delivering the mesage to the intnded necipient, ls prohibited. f you hve teceivod thia fesimile n error, qaug uar pue odgq mAgou 8 3","001 Date To 2 Company Sender Reference Message: 83823750 Confidentiality Note: /97 TUE 18: 39 FAX 212 5578 DPW 30 -59 DAVIS POLK & WARDWELL Fax Transmittal 450 Lexington Avenue New York NY 10017 212- 450 4000 Robert H. Shaw, Esq. November 11, 1997 Lorillard Tobacco Company Fax Number Voice Number 910 -335- 7077 910 -335- 7720 Number of Pages (this page included) Charles Duggan Sender Voice Number Main Fax Operator Voice Number 212 -450- 4785 Sender Fax Number 212 -450 -5578 17560 -188 This facsimile intended only the person or entity to which it is addressed and may contain information that is privileged, confidential or otherwise protected from disclosure distribution or copying of this facsimile or the information herein by anyone other than the intended recipient, or an employee or agent responsible for delivering the message to the intended recipient is prohibited. If you love received the facsimile in error, please notify us immediately by telephone and return the facsimile by mail.",0.7135728542914171,0.9325153374233128,0.32558139534883723,0.08588957055214724,0.1359223300970874,0.07291666666666667,338,1002,43,163,Missing text,Missing text | Numeric errors | Table-related errors,ok,
83996357,C:\Users\Yug\Documents\Internship\pdf-extraction-benchmark\datasets\FUNSD\images\83996357.png,C:\Users\Yug\Documents\Internship\pdf-extraction-benchmark\datasets\FUNSD\annotations\83996357.json,"COUPONCODEREGISTRATIONFORM TO: KELLI SCRUGGS FROM: CC: LEONARD JONES V.LOSITO G.BAROODY B.VON DER LIPPE D.hisling BRAND(S) APPLICABLE OLDGOLD MEDIA TYPE DIRECT MAIL MEDIA NAME ISSUEFREQUENCYYEAR SPACE/COLOR COUPONISSUE DATE 10/4/99 COUPONEXPIRATIONDATE 3/31/00 CIRCULATION(#) 201,500 CIRCULATION DATES OCTOBER1999 GEOGRAPHICALAREA(S) DISCOUNTSMOKERS-OGGROUPSIANDII COUPONVALUE $1.00OFF PACK PACK/CARTON PACK ADVERTISING CREATIVE TITLE D SIGNATUREOFINITIATOR DATEINITIATED 4/14/99 REQUIREMENTS REDEMPTIONRESULTS CODEASSIGNED JOB# EST.REDEMPTION 07809 14 3011o5 M. TAHMASEB L.STEVENS 524 D 8 6 6 6 3 5","TO: FROM: CC: PACK/CARTON REQUIREMENTS PACK JOB# 07809 594 14% 30165 83996357 COUPON CODE REGISTRATION FORM KELLI SCRUGGS LEONARD JONES V. LOSITO M. TAHMASEB G. BAROODY L. STEVENS B. VON DER LIPPE D. Risling BRAND(S) APPLICABLE OLD GOLD DIRECT MAIL MEDIA TYPE MEDIA NAME ISSUE FREQUENCY YEAR SPACE/ COLOR 10/ 4/ 99 3/ 31/ 00 COUPON VALUE GEOGRAPHICAL AREA(S) CIRCULATION DATES CIRCULATION(#) COUPON EXPIRATION DATE COUPON ISSUE DATE 201, 500 OCTOBER 1999 DISCOUNT SMOKERS OG GROUPS IANDII $1 00 OFF PACK 4/ 14/ 99 ADVERTISING CREATIVE TITLE SIGNATURE OF INITIATOR DATE INITIATED REDEMPTION RESULTS CODE ASSIGNED EST. REDEMPTION",0.5933014354066986,0.8877551020408163,0.47058823529411764,0.32653061224489793,0.38554216867469876,0.23880597014925373,599,627,68,98,Missing text,Missing text | Numeric errors | Table-related errors,ok,
85201976,C:\Users\Yug\Documents\Internship\pdf-extraction-benchmark\datasets\FUNSD\images\85201976.png,C:\Users\Yug\Documents\Internship\pdf-extraction-benchmark\datasets\FUNSD\annotations\85201976.json,"Marden-Kane,Inc. TRUE ""YOU FOUND IT""SWEEPSTAKES SECOND PRIZE WINNER TRAVEL INFORMATION SHEET THE DESTINATION IN THE CONTINENTAL UNITED STATES I WISH TO.TRAVEL TO IS: ADDRESS STATE ZIP HOME PHONE BUSINESS PHONE NAME OF GUEST AGE RELATIONSHIP TO WINNER PLEASE LIST THREE ALTERNATIVE DATES YOU WOULD LIKE TO TRAVEL 1. 2. 3. MAJOR AIRPORT NEAREST YOUR HOME AIRLINE: (CHECK ONE) SMOKING NON-SMOKING SPECIAL DIETARY REOUIREIENTS ANY ADDITIONAL INFORMATION YOU WOULD LIKE TOPROVIDE 85201976","NAME ADDRESS CITY STATE ZIP AGE 1. 2. 3. SMOKING 85201976 Marden - Kane, Inc. TRUE ""YOU FOUND IT"" SWEEPSTAKES SECOND PRIZE WINNER TRAVEL INFORMATION SHEET THE DESTINATION IN THE CONTINENTAL UNITED STATES I WISH TO TRAVEL TO IS: HOME PHONE BUSINESS PHONE NAME OF GUEST RELATIONSHIP TO WINNER PLEASE LIST THREE ALTERNATIVE DATES YOU WOULD LIKE TO TRAVEL MAJOR AIRPORT NEAREST YOUR HOME AIRLINE: (CHECK ONE) NON- SMOKING SPECIAL DIETARY REQUIREMENTS ANY ADDITIONAL INFORMATION YOU WOULD LIKE TO PROVIDE",0.23046092184368738,0.3875,0.9154929577464789,0.8125,0.8609271523178808,0.7558139534883721,483,499,71,80,Character substitutions,Character substitutions,ok,
85240939,C:\Users\Yug\Documents\Internship\pdf-extraction-benchmark\datasets\FUNSD\images\85240939.png,C:\Users\Yug\Documents\Internship\pdf-extraction-benchmark\datasets\FUNSD\annotations\85240939.json,"SHERATON-CARLTON HOTEL WASHINGTON,D:C THE'TOBACCO INSTITUTE FIFTH ANNUAL COLLEOE OF TOBACCO KNOWLEDGE REGISTRATION FORM NAME: GEORGB R:TELFORD TITLE: Brand Manager COMPANY:Lorillard ADDRESS:666 EifthAvenue.NewYork.NY 10019 PHONE: (212)841-8787 CHECK'ONE: Please reserve a room for me at the Sheraton-Carlton Iwill,make myown housing arrangements. X ARRIVAL DATE AND TIME:_2/18/80 7:00P.M. DEPARTURE DATE AND TIME:_2/21/80 4:00P.M. Please attach abrier（50words or so）autobiographical sketch. Note your first,name or nickname,your current professional responsibilities,.employment background and whatever personal.information you feol wouid behelprul in giving your fellow students an ideaof youractivities and interests. Thoaketches willbe assembled and provided at the opening class session. Any questions? Call Connie Drath or Caro1 Musgrave at 800/424-9876 #*PLEASE RETURN IN SELF-ADDRESSED ENVELOPE BY PRIDAY,JANUARY 18,1980 FEBRUARY 19-21. 1980","NAME: TITLE: COMPANY: ADDRESS: PHONE: Lorillard SHERATON- CARLTON HOTEL WASHINGTON, D. C. THE TOBACCO INSTITUTE FIFTH ANNUAL COLLEGE TOBACCO KNOWLEDGE REGISTRATION FORM FEBRUARY 19-21 1980 GEORGE R. TELFORD Brand Manager 666 Fifth Avenue, New York, NY 10019 (212) 841- 8787 CHECK ONE: Please reserve a room for me at the Sheraton- Carlton X I will my own housing arrangements. ARRIVAL DATE AND TIME: 2/18/80 7:00 P. M. DEPARTURE DATE AND TIME: 2/21/80 4:00 P. M. Please attach a brief (50 words or so) autobiographical sketch. Note your first name or nickname, your current professional re- sponsibilities, employment background and whatever personal in- formation you feel would be helpful in giving your fellow students an idea of your activities and interests. The sketches will be assembled and provided at the opening class session. Any questions? Call Connie Drath or Carol Musgrave at 800/424- 9876. **PLEASE RETURN IN SELF- ADDRESSED ENVELOPE BY FRIDAY, JANUARY 18, 1980**",0.20510204081632652,0.577922077922078,0.6548672566371682,0.4805194805194805,0.5543071161048689,0.38341968911917096,948,980,113,154,Missing text,Missing text | Numeric errors | Table-related errors,ok,
85540866,C:\Users\Yug\Documents\Internship\pdf-extraction-benchmark\datasets\FUNSD\images\85540866.png,C:\Users\Yug\Documents\Internship\pdf-extraction-benchmark\datasets\FUNSD\annotations\85540866.json,85540866 MEDIACONTACTSHEET (Publlcation or statlon) (Location/address) (Name) (lo)) (aea) (Phone number) Reasonfor Contact Questions/Responses AdditionalComments Inquiry handled by: (Name),(Name) (Date) (Position) (Name) 85540866 MEDIA CONTACT SHEET (Publication or station) Reason for Contact Questions/ Responses Additional Comments Inquiry handled by: (Location address) (Phone number),0.592964824120603,0.84,0.5263157894736842,0.4,0.45454545454545453,0.29411764705882354,188,199,19,25,Missing text,Missing text,ok,
85629964,C:\Users\Yug\Documents\Internship\pdf-extraction-benchmark\datasets\FUNSD\images\85629964.png,C:\Users\Yug\Documents\Internship\pdf-extraction-benchmark\datasets\FUNSD\annotations\85629964.json,YEAR: CIGARETTE REPORT FORM NO.PER PACK: BRAND NAME: VAR. DESC: (SEE EXPLANATION) VARIETY UNIT SALES: VARIETY DOLLAR SALES: CIG.LENGTH: FILTER LENGTH: FILTER TYPE: FLAVORING: OVERWRAP: PACK TYPE: 1ST MANUFACT.DATE: 1ST SALES DATE: LAST SOLD DATE: YEARLY SUMMARY: TAR: NICOTINE: CARBON MONO: ADVERTISING EXPENDITURES (SEE EXPLANATION) CAT-A-EXPENSES: CAT-B-EXPENSES: CAT-C-EXPENSES: CAT-D-EXPENSES: CAT-E-EXPENSES: CAT-F-EXPENSES: CAT-G-EXPENSES: CAT-H-EXPENSES: CAT-I-EXPENSES: CAT-J-EXPENSES: CAT-K-EXPENSES: CAT-L-EXPENSES: CAT-M-EXPENSES: CAT-N-EXPENSES: TOTAL ADVERTISING EXPENDITURES: CC 364,YEAR: OVERWRAP: NICOTINE: TAR: 85629964 CIGARETTE REPORT FORM BRAND NAME: NO. PER PACK VAR. DESC: (SEE EXPLANATION) VARIETY UNIT SALES: VARIETY DOLLAR SALES: CIG. LENGTH: FILTER LENGTH: FILTER TYPE: FLAVORING: PACK TYPE: LAST SOLD DATE: IST MANUFACT. DATE: YEARLY SUMMARY: IST SALES DATE: CARBON MONO: ADVERTISING EXPENDITURES (SEE EXPLANATION) CAT- A- EXPENSES: CAT- D- EXPENSES: CAT- G- EXPENSES: CAT- J- EXPENSES: CAT- M- EXPENSES: TOTAL ADVERTISING EXPENDITURES: CAT- B- EXPENSES: CAT- E- EXPENSES: CAT- H- EXPENSES: CAT- K- EXPENSES: CAT- N- EXPENSES: CAT- C- EXPENSES: CAT- F- EXPENSES: CAT- I- EXPENSES: CAT- L- EXPENSES:,0.3089171974522293,0.6702127659574468,0.65625,0.44680851063829785,0.5316455696202532,0.3620689655172414,596,628,64,94,Missing text,Missing text | Table-related errors,ok,
86075409_5410,C:\Users\Yug\Documents\Internship\pdf-extraction-benchmark\datasets\FUNSD\images\86075409_5410.png,C:\Users\Yug\Documents\Internship\pdf-extraction-benchmark\datasets\FUNSD\annotations\86075409_5410.json,"From: Lynnette Stevens To: Kelli Scruggs CC: Vincent Losito George Baroody Don Kisling S.Tesh C.Ni1 Brand(s) Applicable Newport ParentLights.&I20's Media Type Direct Mail Media Name Competitive 21-34years Issue Frequency/Year *Spac/Color Coupon Issue Date 4/14/00 Coupon Expiration Date 9/30/00 Circulation (#) APPROX.600.000 AR.AZ.AK.CA.CO,FLID.IA.CT.ME.MASS.MN.MT,NE. Geographical Area(s) Tiers II & IV NV.NM.NY.ND.OK.OR.RI.SD.UT.WA.D.C.WY Coupon Value $1.50 OFF Pack and / or Carton? PACK *Advertising Creative Title. Signature of Initiator tent Date Initiated 21-Jan-00 Analyticai Requirements: Where Applicable tent 21-Jan-00 FOR CONTROL USE ONLY Code Assigned 05787 Job Number Est. Redemption 1310 8 6 0 7 5 4 0 6","From: To: CC: Circulation(#) 86075409 Tiers II, & IV Lynnette Stevens Kelli Scruggs Vincent Losito George Baroody S. Tesh C. Hill Don Kisling Brand(s) Applicable Media Type Media Name Issue Frequency/ Year *Space/ Color Coupon Issue Date Coupon Expiration Date Geographical Area(s) Coupon Value Pack and/ or Carton? Advertising Creative Title. Signature of Initiator Date Initiated Analytical Requirements Newport Parent, Lights. & 120's Direct Mail Competitive 21- 34 years 4/ 14/ 00 9 /30 00 APPROX 600. 000 AR. AZ.A K CA CO FL ID IA. CT, ME, MASS, MN, MT, NE, NV, NM, NY ND, DK, OR, RL, SD, WA, DC, WY $1. 50 OFF PACK 21- Jan 00 FOR CONTROL USE ONLY Code Assigned Job Number Est. Redemption 05787 13% * Where Applicable",0.6952908587257618,0.84,0.6526315789473685,0.496,0.5636363636363637,0.3924050632911392,719,722,95,125,Missing text,Missing text | Numeric errors | Table-related errors,ok,
86079776_9777,C:\Users\Yug\Documents\Internship\pdf-extraction-benchmark\datasets\FUNSD\images\86079776_9777.png,C:\Users\Yug\Documents\Internship\pdf-extraction-benchmark\datasets\FUNSD\annotations\86079776_9777.json,"CREATIVEINPUTDOCUMENT SPECIFICS Date/Time: 10/30/981:46PM ClientName: PreparedBy: MatterNumber: MilestonePresentationDate: ProjectTitle: EstimatedCreativeBudget: Est.ProductionBudget: Concept: Execution: Media: OBIECTIVE Whyareweadvertising? What do we plan to achieve? Relationship-Building Retention Acquisition Loyaity Competitive Blocking Cross-Sell Up-Sell Lead Generation New Product/Package lntro. Direct Sale Awareness Triall Change Image Perception Other TARGET Towhomarewetalking? Who is the pnimary target? Is there a secondary farget? What is their relationship to the brano, and whet do they currentiy think about t? COMMUNICATIONPLATFORM Whatisthesinglemostimportantmessage/ideawearetryingtocommunicate? Whatisthekeybenefittothetarget? What's in it for the reader? Isthereanoffer/call toaction? Whst are we offering the target to persuade him/her lo act now7 (A premium, sweepstakes, limited-time offer, free Information, or something else?) whatwouldwelikeourtargettothink? c:my documents\wp'sample cid.doc 1 of 2 10/30/98 01:46 PM 8 6 7 6 7 6","SPECIFICS Execution: Media: OBJECTIVE TARGET COMMUNICATION PLATFORM 86079776 CREATIVE INPUT DOCUMENT Date/ Time: Prepared By: 10/30/98 1:46 PM Milestone Presentation Date: Estimated Creative Budget: Concept: Client Name: Matter Number: Project Title: Est. Production Budget: Why are we advertising? What do we plan to achieve? To whom are we talking? Who is the primary target? Is there a secondary target? What is their relationship to the brand what do they currently think about it? What is the single most important message/idea we are trying to communicate? What is the unique selling position that will help us achieve our advertising goal? Are there any secondary messages? What is the key benefit to the target? What's in it for the reader? Is there an offer/call to action? What are we offering the target to persuade him/her to act now? (A premium, sweepstakes, limited-time offer, free information, or something else? What would we like our target to think? What would our target say after being exposed to our program? c:\my documents\wp\sample cid. doc 1 of 2 10/30/98 01:46 PM ☐ Loyalty ☐ Lead Generation ☐ Trial ☐ Acquisition ☐ Up-Sell ☐ Awareness ☐ Retention ☐ Cross-Sell ☐ Direct Sale ☐ Other ☐ Change Image Perception ☐ New Product/Package Intro. ☐ Competitive Blocking ☐ Relationship-Building",0.6338672768878718,0.780952380952381,0.6386554621848739,0.3619047619047619,0.4620060790273556,0.30039525691699603,1058,1311,119,210,Missing text,Missing text | Numeric errors | Table-related errors,ok,
86220490,C:\Users\Yug\Documents\Internship\pdf-extraction-benchmark\datasets\FUNSD\images\86220490.png,C:\Users\Yug\Documents\Internship\pdf-extraction-benchmark\datasets\FUNSD\annotations\86220490.json,"8 6 乙 4 C 0 LORILLARDTOBACCOCOMPANY MarketPlanningandInformationDepartment To: Mike Mozina Firm: MSA FAX#: Autodial From: SusanSmith FAX#: 335-7733 Phone #： 335-7150 Date: 8/31/98 #Pages: 3(including thiscoverpage) Mike, As promised,here are: -- Approval forAWS QuarterlyStore Count Database tobegin3rd Quarter1998 -Table showing significant jump in Convenience Store market importance in2ndQuarter1998 Talk to you soon!","To: Firm: FAX #: From: Date: MSA Autodial Mike, 8622042 LORILLARD TOBACCO COMPANY Market Planning and Information Department Mike Mozina Susan Smith 335- 7733 335- 7150 FAX #: Phone #: 8/ 31/ 98 3 (including this cover page) # Pages: - Approval for AWS Quarterly Store Count Database to begin 3rd Quarter 1998 - Table showing significant jump in Convenience Store market importance in 2nd Quarter 1998 Talk to you soon! As promised, here are:",0.4276018099547511,0.76,0.5094339622641509,0.36,0.421875,0.26732673267326734,420,442,53,75,Missing text,Missing text | Numeric errors | Table-related errors,ok,
86230203_0206,C:\Users\Yug\Documents\Internship\pdf-extraction-benchmark\datasets\FUNSD\images\86230203_0206.png,C:\Users\Yug\Documents\Internship\pdf-extraction-benchmark\datasets\FUNSD\annotations\86230203_0206.json,12/12/96 08:33 504 7348616 LORILLARD TOB +→→ NYO 1 001/004 8 a 1 M TO: FROM: K.A.Sperrow F. Strickland SUBJECT: MAVERICKSPECIALS-PROGRESSREPORT GEOGRAPHY REGION: FULL X PARTIAL (ONLY IF PARTIAL REGION CONTINUE WITH DIVISION(S) SCOPE) DIVISION: FULL DIVISION NAME: WAN NOISIAO DIVISION NAME: DISTRIBUTION DIRECTACCOUNTS AND CHAINS HEADQUARTEREDWITHIN THE REGION (1S+STORES)STOCKINGNOMAVEAICKSPECIALS PARTIAL DIVISION NAME: DIVISION NAME: DIVISION NAME: -SUBMISSION'DATE. DEC 13 X FE8 24 JAN 25 APR 4 #REPS #REPS #REPS 11-Dee-96 MAVPROG Pago 1 of 4,TO: FROM: SUBJECT: X GEOGRAPHY REGION: DIVISION: FULL PARTIAL x FULL PARTIAL DISTRIBUTION Seyle Dantzlen Econ 180 130 20 19 18 18 17 16 K&B Delchamps Litco 85 39 36 36 23 23 22 86230203 Page 1 of 4 MAVPROG 11-Dec-96 12/12/96 08:33 204 7348616 LORILLARD TOB NYO 1 0001/ 004 K. A. Sparrow F. Strickland MAVERICK SPECIALS- PROGRESS REPORT SUBMISSION DATE DEC 13 JAN 25 FEB 24 APR 4 (ONLY IF PARTIAL REGION CONTINUE WITH DIVISION(S) SCOPE) DIVISION NAME: DIVISION NAME: DIVISION NAME: # REPS # REPS # REPS DIVISION: DIVISION NAME: DIVISION NAME: DIRECT ACCOUNTS AND CHAINS HEADQUARTERED WITHIN THE REGION (15+ STORES) STOCKING NO MAVERICK SPECIALS NAME OF ACCOUNT NO. OF STORES NAME OF ACCOUNT NO OF STORES Winn Dixie Schwegmann Aurry Greer Double Huber Oil Morris Corp Bayou Foods Compac Foods Southeast Foods,0.6029776674937966,0.8394160583941606,0.7105263157894737,0.39416058394160586,0.5070422535211269,0.33962264150943394,546,806,76,137,Missing text,Missing text | Numeric errors | Table-related errors,ok,
86236474_6476,C:\Users\Yug\Documents\Internship\pdf-extraction-benchmark\datasets\FUNSD\images\86236474_6476.png,C:\Users\Yug\Documents\Internship\pdf-extraction-benchmark\datasets\FUNSD\annotations\86236474_6476.json,"TO: Mrs.K.A.Sparrow SUBMISSIONDATE: FROM: R.G.Ryan JUNE 7 X AUG.2 OCT.7 NEWPORTLIGHTSHEAVYUPPROGRESSREPORT EFFECTIVENESSOFDISTRIBUTIONALLOWANCE: DIRECTACCOUNT/WHOLESALERS: Distribution allowancewasveryeffectiveinaccomplishing ourobjectives.Allaccounts havepurchased introductory products. DIRECTACCOUNTCHAINS: EagleFoods is the onlyVoid. NON-DIRECTACCOUNTCHAINS: Receptionfromtheseaccountsismostpositivewithasolidincentitive topurchase. EFFECTIVENESSOFTHE RETAIL(1.00 OFF CARTON) DISTRIBUTIONALLOWANCE: Hasbeenmosthelpfulin acquiring desireabledistribution whenneededbySalesReps. PROMOTIONALACTIVITY 8 6 2 3 9 4 L 4 40c OFF PACK- GENERALMARKET: The4Ocoffpromotionscontinue tobewellreceivedattheretail stores and by consumers,aswell.","TO: FROM: 8623474 ☑ Mrs. K. A. Sparrow R. G. Ryan JUNE7 AUG.2 OCT.7 SUBMISSION DATE: NEWPORT LIGHTS HEAVY UP PROGRESS REPORT EFFECTIVENESS OF DISTRIBUTION ALLOWANCE: DIRECT ACCOUNT/ WHOLESALERS: Distribution allowance was very effective in accomplishing our objectives. All accounts have purchased introductory products. DIRECT ACCOUNT CHAINS: Eagle Foods is the only Void. NON- DIRECT ACCOUNT CHAINS: Reception from these accounts is most positive with a solid incentitive to purchase. EFFECTIVENESS OF THE RETAIL (1 00 OFF CARTON) DISTRIBUTION ALLOWANCE: Has been most helpful in acquiring desireable distribution when needed by Sales Reps. PROMOTIONAL ACTIVITY 40c OFF PACK- GENERAL MARKET: The 40c off promotions continue to be well received at the retail stores and by consumers, as well.",0.17402269861286254,0.864406779661017,0.32727272727272727,0.15254237288135594,0.20809248554913293,0.11612903225806452,732,793,55,118,Missing text,Missing text | Numeric errors,ok,
86244113,C:\Users\Yug\Documents\Internship\pdf-extraction-benchmark\datasets\FUNSD\images\86244113.png,C:\Users\Yug\Documents\Internship\pdf-extraction-benchmark\datasets\FUNSD\annotations\86244113.json,"CO 2 4 3 DIVISION: ACCOUNT: INVENTORYFOR: {STATE} DIRECTACCOUNTSTATUSREPORT NOTE:REPORTSTYLEINVENTORYONLY. SUBMITREPORTONLYIFSTYLEISSTILLONHANDINTHISACCOUNT. CC:REGIONALSALESMANAGER,ALLDIVISIONSSERVICEDBYTHISACCOUNT. ACTION PLAN: DATES: STYLEREP","DIVISION: ACCOUNT: (STATE) DATES: BRAND NOTE: ACTION PLAN: CC: 8624113 STYLEREP INVENTORY FOR: DIRECT ACCOUNT STATUS REPORT # OF CARTONS ON HAND AVERAGE WEEKLY MOVEMENT # OF WEEKS ON HAND STYLE LIGHT 100'S STYLE LIGHT MENTHOL 100'S STYLE LIGHT BOX 100'S STYLE MEN. LIGHT BOX 100'S STYLE SLIM LIGHT 100's STYLE SLIM MEN. LT. 100's REPORT STYLE INVENTORY ONLY. SUBMIT REPORT ONLY IF STYLE IS STILL ON HAND IN THIS ACCOUNT. REGIONAL SALES MANAGER, ALL DIVISIONS SERVICED BY THIS ACCOUNT.",0.6818181818181818,1.0,0.375,0.075,0.12499999999999999,0.06666666666666667,245,484,16,80,Missing text,Missing text | Numeric errors,ok,
86263525,C:\Users\Yug\Documents\Internship\pdf-extraction-benchmark\datasets\FUNSD\images\86263525.png,C:\Users\Yug\Documents\Internship\pdf-extraction-benchmark\datasets\FUNSD\annotations\86263525.json,0 T 6 0 0 8 RECORDSRETENTIONSCHEDULERECONCILIATION RECORDSMANAGEMENTDEPARTMENT-M/C DEPARTMENT NAME SCIENCE&TECHNOLOGY COST CENTER NUMBER 141 INDEX BINDERS CONSOLIDATED BY: N/A DATE INDEX BINDER RE-LABELED BY: miomal0c DATE 2/15/90 RETENTION & RECOMMENDATION FILE REORGANIZED AND RE-LABELED BY: N/A DATE DATE 4/18/90 N/A DATE DATE 7/25/90,DATE DATE DATE DATE DATE DATE 141 N /A N /A 2051119008 RECORDS RETENTION SCHEDULE RECONCILIATION RECORDS MANAGEMENT DEPARTMENT - M /C DEPARTMENT NAME SCIENCE & TECHNOLOGY COST CENTER NUMBER INDEX BINDERS CONSOLIDATED BY: N /A INDEX BINDER RE- LABELED BY: Mallery 2 /15 /90 RETENTION & RECOMMENDATION FILE REORGANIZED AND RE- LABELED BY: RECORDS RETENTION SCHEDULE PLACED IN INDEX BINDER AND IN FILE BY: Wayne Boughan 4 /18 /90 BOXES CREATED FOR HARD COPY PERMANENT RETENTION RECORDS BY: RECORDS TRANSFER INVENTORY FORMS UPDATED BY: Wayne Baughan 7 /25 /90,0.4720720720720721,0.8,0.5909090909090909,0.28888888888888886,0.38805970149253727,0.24074074074074073,337,555,44,90,Missing text,Missing text | Numeric errors | Table-related errors,ok,
86328049_8050,C:\Users\Yug\Documents\Internship\pdf-extraction-benchmark\datasets\FUNSD\images\86328049_8050.png,C:\Users\Yug\Documents\Internship\pdf-extraction-benchmark\datasets\FUNSD\annotations\86328049_8050.json,"Feb-24-99 10:53 Fron-HUNTON WILL 1426 T-122P.01/04F-066 :01 TELECOPYINFORMATION HUNTON&WILLIAMS Riveriront Plaza 951EastByrd Street Richmond,Virginia 23219-4074 (804)788-8200 2nd Floor Telecopier Name: Ken Forrest FAXNO.: 212-403-2211 Name: Tom Frederick FAX NO.: 312-558-5700 Name: Tom Griffin FAX NO.: 617-523-1231 Name: Even Hurwiz FAX NO.: 202-942-5999 Name: Barry Levin/Curt Caton FAX NO. 415-772-6268 Name: Barbara Robbins FAX NO.: 212-403-2033 Name: Greg Stone/Ron Olson EAXNO.: 213-687-3702 Name: Bill Allinder/JeffNelson FAX NO.: 816-421-2708 Name: Steve Krigbaum FAX NO.: 917-663-5593 Name: Tom Stoever FAX NO.: 303-832-0428 Name: Judy Bernstein-Gaeta FAXNO. 202-942-5999 Name: Dal Burton FAX NO.: 404-581-8330 Name: Andy McGaan ONX 312-861-2200 Name: James Wilson FAX NO. 336-335-7707 Name: EricSarner/DougFlemming/ Peter McKenna FAX NO.: 212-735-2000 Name: Thomas McKim FAX NO.: 336-741-0671 Name: D.ScottWise FAX NO.: 212-450-4800 ._ Pages (lncluding Cover) Original to follow in mail Yes No Telecopier Nos. (804)788-8218 (804)788-8219 (804)788-8669 6 7 8 0 4 6","TO: Name: Name: Name: Name: Name: Name: Name: Name: Name: Name: Name: Name: Name: 4 Yes No ☑ Name: Name: Name: Name: 1426 86328049 Feb-24-99 10:53 From- UNTON WILL T-122 P.01/04 F-066 TELECOPY INFORMATION HUNTON & WILLIAMS Riverfront Plaza 951 East Byrd Street Richmond, Virginia 23219 -4074 (804)788-8200 2nd Floor Telecopier Telecopier Nos. (804) 788- 8218 (804) 788- 8219 (804) 788- 8669 FAX NO: FAX NO: FAX NO.: FAX NO.: FAX NOc.: FAX NOv FAX NOv FAX NOv FAX NOv FAX NOv FAX NOv FAX NOv FAX NOv FAX NOv FAX NOv FAX NOv FAX NO.: Pages (Including Cover) Original to follow in mail: Ken Forrest 212- 403- 2211 Tom Frederick 312- 558- 5700 Tom Griffin 617- 523- 1231 Ever Hurwitz 202- 342- 5999 Barry Levin/ Curl Caton 415- 772- 6268 Barbara Robbins 212- 403- 2033 Greg Stone/Ron Olson 213- 687- 3702 Bill Allinder/Jeff Nelson 816- 421- 2708 Steve Krigbaum 917- 663- 5593 Tom Stoever 303- 832- 0428 Judy Bernstein- Gaeta 202- 942- 5999 Dal Burton 404- 581- 8330 Andy McGaan 312- 861- 2200 James Wilson 336- 335- 7707 Eric Sarner/ Doug Flemming/ Peter Mckenna 212- 735- 2000 Thomas McKim 336- 741- 0671 D. Scott Wise 212- 450- 4800",0.7079646017699115,0.9195979899497487,0.5815602836879432,0.4120603015075377,0.4823529411764706,0.3178294573643411,1074,1130,141,199,Missing text,Missing text | Numeric errors | Table-related errors,ok,
87086073,C:\Users\Yug\Documents\Internship\pdf-extraction-benchmark\datasets\FUNSD\images\87086073.png,C:\Users\Yug\Documents\Internship\pdf-extraction-benchmark\datasets\FUNSD\annotations\87086073.json,"DECISION TREEESTIMATION OFTOXIC RISK NAME J.D.Ergle and R.F.Dufresne OATE August 14, 1990 COMPOUND NAME Vanitrope STRUCTURE CHCHO HO ESTIMATEOTOXICITYCUASS LORILLARD COMPOUND CODE NUMBER III B134 COMNMENTS This ethoxy substituted aromatic falls into class III. J.o:Ergle Research Chemist R.F. Dufresne Research Chemist 87086073 DECISION TREEESTIMATION OFTOXIC RISK NAME J.D.Ergle and R.F.Dufresne OATE August 14, 1990 COMPOUND NAME Vanitrope STRUCTURE CHCHO HO ESTIMATEOTOXICITYCUASS LORILLARD COMPOUND CODE NUMBER III B134 COMNMENTS This ethoxy substituted aromatic falls into class III. J.o:Ergle Research Chemist R.F. Dufresne Research Chemist 87086073 LORILLARDRESEARCHCENTER FORM 1 (5 b0}","DATE STRUCTURE COMMENTS J. D. Engle R. F. Dufresne Vanitrope III B134 87086073 DECISION TREE ESTIMATION OF TOXIC RISK J. D. Ergle and R. F. Dufresne August 14, 1990 COMPOUND NAME CH3CH2O OH ESTIMATED TOXICITY CLASS LORILLARO COMPOUND CODE NUMBER This ethoxy substitued aromatic falls into class III. Research Chemist Research Chemist LORILLARD RESEARCH CENTER FORM",1.043956043956044,1.1785714285714286,0.34831460674157305,0.5535714285714286,0.4275862068965518,0.2719298245614035,693,364,89,56,Numeric errors,Numeric errors,ok,
87093315_87093318,C:\Users\Yug\Documents\Internship\pdf-extraction-benchmark\datasets\FUNSD\images\87093315_87093318.png,C:\Users\Yug\Documents\Internship\pdf-extraction-benchmark\datasets\FUNSD\annotations\87093315_87093318.json,"Date:3/14/90 90-B-1 Sample No.1194-90 Type of Cigarette100mmFilter Batch Size 47.5 lbs. Original Request Made By J.H.Bel1 on 2/15/90 Purpose of Sample Cigarette Modification B-451 Sample Specifications Written By C.W.Lassiter SpecialRequirements other 87093315 Director,Product Development","Date: on BLEND CASTING RECASING MENIHOL Filters Cigarettes Maker Length Circumference Weight Paper Kind Circumference Weight Plast. 3/14/90 Attached None Attached None None mm 430 G White Blue White White James James MFG. Wrapping Responsibility Closures Labels Cartons Markings Shipping Requirements Laboratory Analysis: 87093315 90- B- 1 1194- 90 100 mm Filter 47.5 lbs. Original Request Made By J. H. Bell 2/15/90 Purpose of Sample Cigarette Modification B- 451 Sample Specifications Written By C. W. Lassiter FINAL FLAVOR MK 8 99.0 mm 27 mm 24.8 mm 78.0 g / 100 81- 01- 07 25- 04- 07 67 mm White Sample No. Type of Cigarette Batch Size Filter Length Tip. Paper Tip. Paper Por. Glue Roller Air Dilution 13.0 % Section A Section B 27 mm 3.3/ 35,000 OG Lt. 108 mm 400 mm 24.45 mm 75.3 30g / 100 7 % Kent 84- 52- 28 655 Rod Length Pressure Drop Plug Wrap Plug Wrap Por. Comb. Wrap Comb. Wrap Por. Tobacco Blend Filter Production Making & Packing Sample Requistion (Form 02: 20: 06) Lassiter/ Douglas Tear Tape Sample No. on each Carton Laboratory Other 1 Tray Mainstream Smoke Analysis Special Requirements Director, Product Development",0.7913732394366197,0.9123711340206185,0.7058823529411765,0.12371134020618557,0.2105263157894737,0.11764705882352941,289,1136,34,194,Missing text,Missing text | Numeric errors | Table-related errors,ok,
87125460,C:\Users\Yug\Documents\Internship\pdf-extraction-benchmark\datasets\FUNSD\images\87125460.png,C:\Users\Yug\Documents\Internship\pdf-extraction-benchmark\datasets\FUNSD\annotations\87125460.json,"DATE PINALREPORTAMENDMENT ECEIVE 部2：1987 87125460 STUPYDIRECTOR QUALITY ASSURANCE STUDY NAME Induction of llepatic Lnzymes in Rats_(B202) STUDY NUMBER I-7016.401 INITIATION DATE0ctober 27,1986 DATE OF FINAL REPORTFebruary 26,1987 PART OF FINAL REPORT TO BE AMENDED （EXACT LOCATION) Page 14and Table4 REASONFORTHE AMENDMENT Requestfrom_sponsor AMENDMENT (Attach additional sheets as necessary) see attached 87125460 APPROVALS DATE STUPYDIRECTOR t8h 0 DATE QUALITY ASSURANCE","87125460 APPROVALS DATE DATE STUDY DIRECTOR FINAL REPORT AMENDMENT STUDY NAME Induction of Hepatic Enzymes in rats (B202) STUDY NUMBER I- 7016. 401 INITIATION DATE October 27, 1986 DATE OF FINAL REPORT February 26, 1987 PART OF FINAL REPORT TO BE AMENDED (EXACT LOCATION) Page 14 and Table 4 REASON FOR THE AMENDMENT Request from sponsor AMENDMENT (Attach additional sheets as necessary) see attached 8/ 7/ 87 08/ 14/ 87 QUALITY ASSURANCE",0.2831050228310502,0.5833333333333334,0.6101694915254238,0.5,0.5496183206106869,0.37894736842105264,472,438,59,72,Missing text,Missing text | Numeric errors,ok,
87137840,C:\Users\Yug\Documents\Internship\pdf-extraction-benchmark\datasets\FUNSD\images\87137840.png,C:\Users\Yug\Documents\Internship\pdf-extraction-benchmark\datasets\FUNSD\annotations\87137840.json,"TEST ARTICLE RECEIPT 3 O2 TA： T07281A Lorrllard SPONSOR'S'NAME: TESTARTYCIEIDENTLFICATION: B220 Lor# 012590 OONDIETIONOPSHLTMEVT:GOOD LZAFDD SHIPPED-VTA: Direct"" Ex''ress Clearbrown-liquid PHYSICALDESCRIPTION: NO.OF.CONTAINERS: 2ne GROSS WEIGHT: -Hot rovided NET WEIGHT(1fprovided):100g EXPIRATION DATE: :ot ""rovided SPECTAL HANDLING REXUIREMENIS:Store refrigeratedin dark: 03/01790 REGETVEDBY: DATE: SIUDY-DIRECIUR/DEPARIMENT:Ray-DaVid SIGNATURE-OFDEPARIMENTCONSIGNEE: DATE: 3 O2 87137840",DATE: DATES: BROKEN LEAKED GOOD T07281A Lorillard 012590 One B220 87137840 TEST ARTICLE RECEIPT TA #: SPONSOR'S NAME: TEST ARTICLE IDENTIFICATION: LOT #: CONDITION OF SHIPMENT: SHIPPED VIA Direct Exress Clear brown liquid PHYSICAL DESCRIPTION: NO. OF CONTAINERS: GROSS WEIGHT Not provided NET WEIGHT (if provided): 100 g Not provided EXPIRATION DATE: SPECIAL HANDLING REQUIREMENTS: Store refrigerated in dark. RECEIVED BY: 03 /01 /90 STUDY DIRECTOR /DEPARTMENT Ray David SIGATURE OF DEPARTMENT CONSIGNEE: 03 /02 /90,0.4349514563106796,0.9078947368421053,0.2826086956521739,0.17105263157894737,0.21311475409836064,0.11926605504587157,489,515,46,76,Missing text,Missing text | Numeric errors | Table-related errors,ok,
87147607,C:\Users\Yug\Documents\Internship\pdf-extraction-benchmark\datasets\FUNSD\images\87147607.png,C:\Users\Yug\Documents\Internship\pdf-extraction-benchmark\datasets\FUNSD\annotations\87147607.json,,"VENDOR TERMS CODE DESCRIPTION QUANTITY DEPARTMENT USE ONLY NC DATE Prev. UNIT PRICE 4111 8700 87147607 FOR PURCHASING ☐ PURCHASING ☐ STATIONARY PURCHASE REQUISITION PLEASE INCLUDE ONLY ONE TYPE OF MATERIAL ON THIS REQUISITION P. O. 1534 LT-1979 April 19, 1988 Piedmont Research Laboratory 2748 Patterson Ave., Greensboro, ORDER NO or Recommended Supplier Lorillard Research Center N. A. Thaggard As required DATE WANTED SHIP TO (DEPT BRANCH) 27407 NET 15 F. O. B. N/A VIA N/A 420 English St., Greensboro, NC 27405 This is your authorization to prepare cigarette smoke condensate according to the protocol ""Standard Operating Procedure før the Preparation of Smoke Condensate for Mouse Skin Bioassay,"" for the period April 1, 1988 through December 31, 1988. Condensate will be prepared acording to a time schedule provided by Lorillard. The fixed price for condensate collection will be at a rate of $1, 750/10, 000 cigarettes smoked. Piedmont will pay the cost of consumable supplies. This work is to be conducted in accordance with the December 10, 1984 formal agreement between Piedmont Reseach Laboratories and Lorillard. All work is to be coordinated with our Mr. Neil Thaggard (919) 373-6628 FOLLOW UP DATE BUDGET NO. REQUISITION NO. ISSUED BY APPROVED BY DEPT. NO. ACCT. NO.",1.0,1.0,0.0,0.0,0.0,0.0,0,1280,0,204,Missing text,Missing text | Numeric errors,ok,
87332450,C:\Users\Yug\Documents\Internship\pdf-extraction-benchmark\datasets\FUNSD\images\87332450.png,C:\Users\Yug\Documents\Internship\pdf-extraction-benchmark\datasets\FUNSD\annotations\87332450.json,"47TCRCREGISTRATIONFORM Please type orprint Name: Middte Last Instirution: Address: Street P.O.Box ay State ZIP Code Country Telephone: FAX#: Name ofguest: Continenrlal Breaifast on Tuesday Fall Folioge Tour on Tuesday Breakfast on Wednescday AdvanceRegistrationFee:(priortoSeptember1) LateRegistrationFee:(afterSeptember1) Extrabanquettickets @$40.00 Ground Transportation(round trip) $135.00 $150.00 $30.00 TOTAL Please complete thisportionifyouneedtransportationfrom and to theKnoxvilleAirport. No.in Party: DATE CARRIER FLIGHT# Arrival: Departure: Send this registrationform,alongwithpayment to the address noted below.Enclose a check or internarionalmoney orderpayableinU.S.fundsto theUniversiry ofTennessee-47thTCRC. Mail to:Dr.Phil P.Hunter U.T.Tobacco Experiment Station Route5Box113 Greeneville,TN 37743 Telephone:(615)638-6532 FAX:(615)638-6458 87332450","Name: First Title Middle Last Institution: Street City State ZIP Code Country Telephone: TOTAL DATE TIME Arrival: Departure: CARRIER 87332450 Telephone: FAX: Address: 47th TCRC REGISTRATION FORM Please type or print FAX #: P.O. Box# Name of guest: Continental Breakfast on Tuesday Fall Foliage Tour on Tuesday Breakfast on Wednesday Craftsman Village Tour Wednesday Advance Registration Fee: (prior to September 1) after September Late Registration Fee $135 00 $150 00 $ 30. 00 Ground Transportation (round trip) Extra banquet tickets tickets $40. 00 Please complete this portion if you need transportation from and to the Knoxville Airport. No. in Party: FLIGHT # Send this registration form, along with payment to the address noted below. Enclose a check or international money order payable in U. S. funds to the University of Tennessee - 47th TCRC Mail to: Dr. Phil P. Hunter U. T. Tobacco Experiment Station Route 5 Box 113 Greeneville, TN 37743 (615) ) 638- 5532 (615) ) 638- 6458",0.42697768762677485,0.80625,0.5542168674698795,0.2875,0.37860082304526743,0.233502538071066,862,986,83,160,Missing text,Missing text | Numeric errors,ok,
87428306,C:\Users\Yug\Documents\Internship\pdf-extraction-benchmark\datasets\FUNSD\images\87428306.png,C:\Users\Yug\Documents\Internship\pdf-extraction-benchmark\datasets\FUNSD\annotations\87428306.json,"COMPOUNDPHYSICALPARAMETERS LOT NUMBER LRC FILE NUMBEA A221 PHYSXCAL STATE A crystalline solid atroom temperaturewhichmelts at>56°C. pH: The pH ofa 50 concentration of A221 in water was theoretically calculated tobe 7.26 at 22°C from a0.5 solution in 79.5 aqueous dioxane according:to the extrapolation procedures of Dr.P.D. Schickedantz,Lorillard Accession Number 1662.Referencet45-10-1. SPECIFIC GRAVITY. Not Determined. SOLUBLITY MUTAGENICITY SOLVENTS A221 is soluble in EtoH at 0.2 g/mL,with stirring, at room temperature.Reference BC30-88. A221 forms a solution in corn oil at 0.5 g/0.5 mL, with stirring at room temperature.Reference Bc30-88. A221 forms a solution in corn oil at 0.5g/0.5.mL,with stirring at room temperature.Reference BC30-88. ACUTE CARDOVASCULAR A221 is insoluble for this procedure.Reference BC30-88. STORAGE RECOMMENDATIQNS 87428306 Refrigerate in an amber glass bottle at no more than 8°C. COMPOUND SENSITIVE TO AR HEAT MCISTURE OIHER SAFETY COMMENTS (SUGGESTED HANOLING PROCEOURE1 A-13 Mombu28.1990 DATE A-13 Mombu28.1990 DATE LORILLARORESEARCVCENTER FORM 9 (8/O)","pH SOLUBILITY ORAL A221 SIGNATURE CENTER RESEARCH LORILLARD 87428306 DATE COMPOUND PHYSICAL PARAMETERS LRC FILE NUMBER LOT NUMBER PHYSICAL STATE A crystalline solid at room temperature which melts at > 56 C. The pH of a 50 % concentration of A221 in water was theoretically calculated to be 7.26 at 22 C from a 0.5 % solution in 79.5 % aqueous dioxane according to the extrapolation procedures of Dr. P. D. Schickedantz, Lozillard Accession Number 1662. Referenced 45- 10- 1. SPECIFIC GRAVITY Not Determined. MUTAGENICITY SOLVENTS A221 is soluble EtOH at 0.2 g/ ml, with stirring, at room temperature. Reference BC30- 88. A221 forms a solution in corn oil at 0.5 g/ 0.5 mL, with stirring at room temperature. Reference BC30- 8888. A221 forms a solution in corn oil at 0.5 g/ 0.5 mL, with stirring at room temperature. Reference BC30- 88. ACUTE CARDIOVASCULAR A221 is insoluble for this procedure. Reference BC30- 38 STORAGE RECOMMENDATIONS Refrigerate in an amber glass bottle at no more than 8 C. COMPOUND SENSITIVE TO ☐ AIR ☐ HEAT ☐ MOISTURE ☐ OTHER SAFETY COMMENTS (SUGGESTED HANDLING PROCEDURE: A - 13 FORM",0.23153153153153153,0.5454545454545454,0.6827586206896552,0.5294117647058824,0.5963855421686747,0.4248927038626609,1091,1110,145,187,Missing text,Missing text | Numeric errors | Table-related errors,ok,
87528321,C:\Users\Yug\Documents\Internship\pdf-extraction-benchmark\datasets\FUNSD\images\87528321.png,C:\Users\Yug\Documents\Internship\pdf-extraction-benchmark\datasets\FUNSD\annotations\87528321.json,"89-L1-8 RJRT REQUEST FOR CRANGE F-1001 7/88 RFC 880029 ORIGINATOR Name:Dan Straka Date Prepared 8-17-88 Page Date 1_of_1_l_8-17-88 Position Telephone No. Received By D.Harsh 5398 Change Order_Number 8616059 Department Name and Location 611-13_3rd_Ploor Brand/Assembly/HaterialAffected Glass Hat and Slit Glass Hat Type of Change Addition Design Spec Change Emergency Deletion Compatibity Cost Reduction Urgent _x_ Hanufacturability _x_other _X_Routine Description of Problem The current specifications for glass mat and slit glass mat can be made more accurate and complete with the following changes: Glass Kat: Delete C-glass from item description. Change glass softening point to 756 +/- 10 degrees from 750. Change rolls per pallet to 2 from 1. Slit Glass Hat: Delete C-glass from item description. Change bobbins per Btack to 47 from 45. Add outside diameter specs of 30.0,26.0-31.0inches. Proposed Solution Change the current HsS specifications as outlined above. 5 51484 6 1 Signature Title Date Accepted for Investigation Final Disposition poaoxddy Rejected SPEC HOLBER DATE 89-L1-8 Action Taken or Reason for Rejection PROOUCTREYIEW COMMITTEE) KAW KnE Proposed Effective Date: PRODUCRAGCEPTANCE COMMITTEE Deni8YDe9/2/88 G/8/88","RJRT Position Change of Type Addition Deletion Change Mat Affected Glass Brand/ Assembly/ Material Slit and Mat Glass Design Compatibity Manufacturability Other Emergency Urgent Routine Page Date Change Order Number 8410059 8-17-88 5398 880029 RFC X X X 51484 3791 Date DATE HOLDER SPEC Title Signature Approved Rejected COMMITTEE REVIEW PRODUCT COMMITTEE ACCEPTANCE PRODUCT 8-17-88 KA 9/8/88 REQUEST FOR CHANGE F- 1001 7/ 88 ORIGINATOR Name: Dan Straka Date Prepared 1 of 1 B-17-88 D. Marsh Received By Telephone No Department Name and Location 611- 13 3rd Floor Description of Problem Spec Change Cost Reduction The current specifications for glass mat and slit glass mat can be made more accurate and complete with the following changes: Glass Mat: slit Glass Mat: Delete C- glass from Iten description. Change glass softening point to 756 + / - 10 degrees from 750. Change rolls per pallet to 2 from 1. Delete C- glass from item description Change bobbins per stack to 47 from 45. Add outside diameter specs of 30.0, 26.0 - 31.0 inches. Proposed Solution Change the current MSS specifications as outlined above. Accepted for Investigation Final Disposition Action Taken or Reason for Rejection Proposed Effective Date habanisy Dhes",0.5562753036437247,0.6717171717171717,0.7586206896551724,0.6666666666666666,0.7096774193548386,0.55,1235,1235,174,198,Numeric errors,Numeric errors | Layout issues | Table-related errors,ok,
87528380,C:\Users\Yug\Documents\Internship\pdf-extraction-benchmark\datasets\FUNSD\images\87528380.png,C:\Users\Yug\Documents\Internship\pdf-extraction-benchmark\datasets\FUNSD\annotations\87528380.json,"10675 STOUT INDUSTRIES, INC. 6425W.FLORISSANTAVE.ST.LOUIS.MO.63136·(314)385-22B0 PROPOSAL TO Lorillard Corporation FOR. DATE October 16, 1987 Metal""Pack""Plaque ADDRESS 666Fifth Avenue CIT.Y New York STIATE New York 10103 Mr.A.D.Steinberg Attn: Mr.Robert Kennedy YOUR: REPRESENTATIVE It is our pleasure topropase the following: ITEM:_Harley_DavidsonMetalPlaque SIZE: 17%x23 MATERIAL:STEEL. ALUMINUM OTHER 口 GAUGE .025# COLORS.Transparent gold,opaque black,white and orange BASE COLOR Aluminum SINGLEFACE DOUBLEFACE I HOLES:YES x NO口 NUMBEROF4 CORNERS:ROUND SQUARE区] ANGLE CUT TO SHAPE [! EDGES:HEMMED CURLED EMBOSSED BEADEDBORDER STAMPFRAME RIGHT ANGLE BEND BACKFRAME ] PACKING:PER CARTON 10 PER CRATE PER BUNDLE OTHER:Price is based onreproduction of customer supplied ""Pack""box. Tooling: Formdie,brass emboss die to achievedetailon.eagle. QUANTITIES: 500 Plaques One time tooling@$3,015.00 Steel tips $1,045.00 PRICE: $9.18 each 1060 BILLING: BILL AS MANUFACTURE. BILL AS SHIPFOR. 6MOS. 12MOS. WAREHOUSING: SHIP IMMEDIATELY. 6:MOS. WHSE. 12 MOS.WHSE. ￥ DROP SHIPPING: PERISHIPMENT. CONDITIONS PRICESQUOTED HEREIN ARE.BASED ON CURRENT COSTS AND ARE FOR:IMMEDIATE ACCEPTANCE *Thesc prices-will be updated periodically. from date of order, to reflect changes in: material and labor costs. Prices and terms quoted hcrein:are not subject: to verbal changes unless confirmed in writing by. the-homc office of this company in ST. 1.OUIS, MO: All contracts for delisery, are contingent upon fires, strikes-or other causes beyond our control. Purchaser agrces to acept ocrrun: or underrun·to·the extent of 10% of the quantity ordered. future.law shall bc.for the account of the buyer who shall promptly pay thie amount.hercof to·the seller upon demand. 87528380 F.O:B. SJ.. LOUIS. M1SSOtR1.Shipments via truck shippedi freight collect. A: 15° service charge will be addedito·frciglit costs for all prepaid shipments involving-5 or more pieces. TERMS-NET 10 DAYS: STOUT A service charge of 1%%per month will be appliedito all unpaidbalancesover30·days. INDUSTRIES,INC. STOUT INDUSTRIES,INC. Pevrokh -Reyrohtarrow 0me: te0 hEA- K2063","10675 PROPOSAL FOR DATE TO ADDRESS CITY STATE Attn: ITEM: MATERIAL: ALUMINUM SIZE: GAUGE COLORS: HOLES: YES EMBOSSED SQUARE CORNERS: EDGES: PACKING: OTHER: ☑ Aluminum ☑ 4 ☑ ☑ ☑ Tooling: QUANTITIES: PRICE: BILLING: WAREHOUSING: ☑ ☑ 87528380 CONDITIONS: 4050 TOTAL 8650 S ☑ 10 STOUT INDUSTRIES, INC. 6425 W. FLORISSANT AVE. ST. LOUIS MO 63136 . (314) 385- 2280 Lorillard Corporation 666 Fifth Avenue New York New York 10103 Metal ""Pack"" Plaque October 16, 1987 Mr. A. D. Steinberg YOUR REPRESENTATIVE It is our pleasure to propose the following: Mr. Robert Kennedy Harley Davidson Metal Plaque 171/4 x 231/2 "" .025"" STEEL ☐ OTHER ☐ Transparent gold, opaque black, white and orange BASE COLOR SINGLE FACE DOUBLE FACE ☐ NO ☐ NUMBER OF ROUND ☐ ANGLE ☐ CUT TO SHAPE ☐ HEMMED ☐ STAMP FRAME BEADED BORDER ☐ BACK FRAME ☐ RIGHT ANGLE BEND ☐ CURLED ☐ PER CARTON PER CRATE PER BUNDLE Price is based on reproduction of customer supplied ""Pack"" box. Form die, brass emboss die to achieve detail on eagle. 500 Plaques $ 9.18 each One time tooling Steel tips @ $ 3,015.00 $ 1,045.00 BILL AS MANUFACTURE ☐ BILL AS SHIP FOR. ☐ 6 MOS. ☐ 12 MOS SHIP IMMEDIATELY ☐ 6 MOS. WHSE. ☐ 12 MOS. WHSE PER SHIPMENT DROP SHIPPING: TERMS - NET 10 DAYS A service charge of 11/2 per month will be applied to all unpaid balances over 30 days. STOUT INDUSTRIES INC, A 15 service charge will be added to reight costs for all prepaid shipments involving 5 or more pieces. PRICES QUOTED HEREIN ARE BASED ON CURRENT COSTS AND ARE FOR IMMEDIATE ACCEPTANCE *These prices will be updated periodically from date of order, to reflect changes in material and labor costs. Prices and terms quoted herein are not subject to verbal changes unless confirmed in writing by the home office of this company in S. T. LOUIS M. O. All contracts for delivers are contingent upon fires, strikes or other causes beyond our control. Purchaser agrees to accept overun or underrun to the extent of 10% of the quantity ordered. Any taxes or governmental changes which the seller may be required to pay or collect upon the production sale storage, or delivery under any existing or future law shall be for the account of the buyer who shall promptly pay the amount hereof to the seller upon F. O. B. S. T. LOUIS MISSOURI Shipments via truck shipped freight collect.",0.5688830943068232,0.7372262773722628,0.6476868327402135,0.44282238442822386,0.5260115606936416,0.3568627450980392,2123,2301,281,411,Missing text,Missing text | Numeric errors | Table-related errors,ok,
87594142_87594144,C:\Users\Yug\Documents\Internship\pdf-extraction-benchmark\datasets\FUNSD\images\87594142_87594144.png,C:\Users\Yug\Documents\Internship\pdf-extraction-benchmark\datasets\FUNSD\annotations\87594142_87594144.json,"APPLICATIONFOR RESEARCH CONTRACT CENTERFORINDOORAIRRESEARCH 1099 WINTERSON ROAD SUITE 280 LINTHICUM, MD. 21090 (410) 684-3777 FAX (410) 684-3729 PRINCIPAL INVESTIGATOR. NAME, TTTLE, TELEPHONE # AND MAILING ADDRESS. TLE (D)） (E) SIGNATURPQFINSTTIONAL OFFICER DATE ()Steven R.Kleeberger,Ph.D. (B)_Associate Professor (c)_(410) 955-3515/955-0299 NAME TITLE TELEPHONE #/ FAX # (D)Environmental Health Sciences DEPARTMENT INSTTTUTION (o)21205 MAILING ADDRESS STATE/ZIP 2.PROJECTTmmLE Mechanisms of Chronic Ozone Exposure:Role of Inflammation KEY WORDS. PLEASE PROVIDE THREE (3) KEY wORDS wHICH wIsL:BE USED AS REFERENCE HEADINGS.OzOne , Inflammation, Mast Ce11 INSTITUTION. NAME AND ADDRESS OF INSTTTUTION RESPONSIBLE AND ACCOUNTABLE FOR DISPOSITION OF FUNDS AWARDED ON THE BASIS OF THIS APPLICATION. (A)Johns Hopkins University (B)615 North Wolfe Street NOLIISNI STREET ADDRESS (c)Baltimore (D)Maryland 21205 CiTY (A) (B) 6.INCLUSIVE DATES AND TOTAL COSTS OF THIS SPECIFC PROJECT RELATED TO EACH 12 MONTH PERIOD IF MORE THAN ONE YEAR IS REQUIRED TO COMPLETE PROJECT. SUMMARIZE FROM BUDGET PAGE, ITEM 12(1). IT MUST BE UNDERSTOOD THAT AWARDS FOR 2ND AND 3RD PERIODS ARE DEPENDENT ON CENTER APPROVAL OF CONTINUATION APPLICATION. INCLUSIVE DATE TOTALCOST THRU 12/31/94s_210,910 01/01/94 (A) 1ST 12 MONTH PERIOD 01/01/95 -THRu 12/31/95_s_212,481 (B) 2ND 12 MONTH PERIOD IF REQUIRED (C) 3RD 12 MONTH PERIOD IF REQUIRED 01/01/96 INSTITUTIONAL OFFICER. NAME, TTLE AND TEIEPHONE NUMBER OF JNDIVIDUAL AUTHORIZED TO SIGN FOR THE INSTITUTION IDENTIFIED IN #4 ABOVE. IT IS UNDERSTOOD THAT THE OFFICER, IN APPLYING FOR CONTACT, HAS READ AND FOUND ACCEPTABLE THE CENTER'S MANAGEMENT OFRESEARCH CONTRACTS AND CONTRAT ADMINISTRTIONPQLICY. (A)Alan M. 6oldberg, Ph.D. Assoc,Daan/for Research TLE (D)） (E) SIGNATURPQFINSTTIONAL OFFICER DATE 8.PRELIMINARY STUDIES*. (A) FEASIBILITY OF PROPOSED RESEARCH (B) QUALIFICATIONS OF INVESTIGATOR 9.EXPERIMENTAL PLAN*. (A) DESIGN (B)METHODS (C) ANALYSIS OF DATA (D) INTERPRETATION OF RESULTS (E) TIMETABLE FOR THE INVESTIGATION (F) LITERATURE CITED 87594142 10.AVAILABLE FACILITIESAND RESOURCES. OTHER SUPPORT APPEND AS MUCH MATERIAL AS REQUIRED. TYPE, SINGLE SPACE, USE 8-1/2"" X 11 WHITE PAPER AND LABEL EACH SHEET WTTH NAME OF THE PRINCIPAL INVESTIGATOR IN THE UPPER RIGHT HAND CORNER AND PAGE NUMBER AT THE BOTTOM. CONSECUTIVELY NUMBER EACH ADDENDUM BEGINNING WITH PAGE 5. DO NOT INSERT PAGES BETWEEN PAGES 1 AND 6, E.O., 2A, 2B, 3A, ETC. INCLUDE NINE COPIES AND AN ORIGINAL. IF SENDING PHOTOGRAPHS, INCLUDE 2 ORIGINAL SETS. NOTE: EACH OF THE NINE COPIES MUST BE PLACED IN A BINDER PER MAILING INSTRUCTIONS.","ADDRESS Baltimore (A) (B) 21205 THRU THRU $ $ $ THRU 01/01/94 01/01/95 01/01/96 12/31/94 12/31/95 12/31/96 5/26/93 87594142 APPLICATION FOR RESEARCH CONTRACT CENTER FOR INDOOR AIR RESEARCH 1099 WINTERSON ROAD SUITE 280 LINTHICUM, MD. 21090 (410) 684-3777 FAX (410) 684-3729 1. PRINCIPAL INVESTIGATOR NAME, TITLE, TELEPHONE # AND MAILING ADDRESS. Steven R. Kleeberger, Ph. D. Associate Professor (410) 955-3515/955-0299 Johns Hopkins University, School of Hyg. & Pub. Hlth. Environmental Health Sciences 615 North Wolfe Street, Baltimore, Maryland 2. PROJECT TITLE Mechanisms of Chronic Ozone Exposure: Role of Inflammation 3. KEY WORDS PLEASE PROVIDE THREE (3) KEY WORDS WHICH WILL BE USED AS REFERENCE HEADINGS Ozone, Inflammation, Mast Cell 4. INSTITUTION NAME AND ADDRESS OF INSTITUTION RESPONSIBLE AND ACCOUNTABLE FOR OF AWARDED ON THE OF DISPOSITION FUNDS BASIS THIS APPLICATION. Johns Hopkins University 615 North Wolfe Street Maryland 21205 5. LOCATION LIST LOCATION WHERE RESEARCH WILL BE CONDUCTED IF OTHER THAN INSTITUTION IDENTIFIED IN #4 ABOVE. 6. INCLUSIVE DATES AND TOTAL COSTS OF THIS SPECIFIC PROJECT RELATED TO EACH 12 MONTH PERIOD IF MORE THAN ONE YEAR IS REQUIRED TO COMPLETE PROJECT. SUMMARIZE FROM BUDGET PAGE ITEM 12(s). IT MUST BE UNDERSTOOD THAT AWARDS FOR 2ND AND 3RD PERIODS ARE DEPENDENT ON CENTER APPROVAL OF CONTINUATION APPLICATION. (A) 1ST 12 MONTH PERIOD (B) 2ND 12 MONTH PERIOD IF REQUIRED (C) 3RD 12 MONTH PERIOD IF REQUIRED INCLUSIVE DATE 210, 910 212, 481 220, 416 TOTAL COST 7. INSTITUTIONAL OFFICER. NAME, TITLE AND TELEPHONE NUMBER OF INDIVIDUAL AUTHORIZED TO SIGN FOR THE INSTITUTION IDENTIFIED IN #4 ABOVE. IT IS UNDERSTOOD THAT THE OFFICER, IN APPLYING FOR A CONTACT. HAS READ AND FOUND ACCEPTABLE THE CENTER'S MANAGEMENT OF RESEARCH CONTRACTS AND CONTRACT ADMINISTRATION POLICY. Alan M. Goldberg, Ph. D. Assoc. Dean for Research (410) 955-9253 (A) NAME (C) TELEPHONE (D) SIGNATURE OF (B) TITLE (E) DATE (C) City (D) STATE/ZIP (a) STREET (A) INSTITUTION (F) MAILING (D) DEPARTMENT (A) NAME (a) TITLE (E) INSTITUTION (c) TELEPHONE (G) STATE/ZIP 8. PRELIMINARY STUDIES* QUALIFICATIONS OF INVESTIGATOR 9. EXPERIMENTAL PLAN* (A) METHODS DATA INTERPRETATION RESULTS INVESTIGATION LITERATURE CITED 10. AVAILABLE FACILITIES AND RESOURCES 11. OTHER SUPPORT * APPEND AS MUCH MATERIAL AS REQUIRED TYPE, SINGLE SPACE USE 8-1/2 x 11"" WHITE PAPER AND LABEL EACH SHEET WITH NAME THE PRINCIPAL NVESTIGATOR IN THE UPPER RIGHT HAND CORNER AND PAGE NUMBER AT THE BOTTOM. CONSECUTIVELY NUMBER EACH ADDENDUM BEGINNING WITH PAGES 5. DO NOT INSERT PACES BETWEEN PAGES 1 AND 6 E.G. 2A 2B 3A ETC. INCLUDE NINE COPIES AND AN ORIGINAL If SENDING PHOTOGRAPHS, INCLUDE 2 ORIGINAL SETS. NOTE: EACH OF THE NINE COPIES MUST BE PLACED IN BINDER PER MAILING INSTRUCTIONS.",0.32410071942446045,0.4851258581235698,0.7613941018766756,0.6498855835240275,0.7012345679012345,0.5399239543726235,2627,2780,373,437,Numeric errors,Numeric errors | Table-related errors,ok,
89856243,C:\Users\Yug\Documents\Internship\pdf-extraction-benchmark\datasets\FUNSD\images\89856243.png,C:\Users\Yug\Documents\Internship\pdf-extraction-benchmark\datasets\FUNSD\annotations\89856243.json,"le:! October 17,1979 MARKFTTNG RFSEARCHIROIFTAFHVAI. (Tobefi1ledoutby Mark..inggearh 1-prfmn') PROJECT PRODUCT Triumph Triumph Disaster Check Study.:.""5546/1979 Research Design (N, Cells,Elegibility,Desin,Key Banner Breaks,Methodolor,Cities) In a steak knife offer.This will consist of one cell of approximately 175 respondents who are Triumph most often smokers/triers.This study is·intended to provide us with any negatives associated with Triumph.Banner points will include Triumph most often smokers (we anticipate approximately 25 most often people),switchers away from Triumph (N approximately 45).It should be noted that an action standard of at least 50% be obtained in acting upon any product negatives associated with these groups--see research limitations below for additional action standard. (See attached memo) Approved ly: t Marketing Reseerch Director Product Manager Key Criteria For Analysis -Triumph switchers asked why no longer smoking Triumph -Present smokers of Trfumph asked reasons for switching to Trfumph -Mentions.of ""harshness"" Research Limitations smokers.An action standard of 75% should be utilized for judgments on product negatives only among this group. 50-75%of Triumph smokers mention ""harshness""we could consider it apossible problem (look at other areas). If_below_50%_of_Triumph..amokers_mention.""harshness!_we_could_consider It not_aproblem. (ost. Estimate $2,250 Research Fi rm.._The..Data_Group._Inc.-- +-10%Contingency yes-] no口 Final Report Inc. yes C] 110区 Ieidlence Prepared by: Scott_R.Benson. Length Int. 10_minutes Approved ly: Open Eni 4. t 1 Marketing Reseerch Director Trpl inn 2wks from start of fld. Product Manager Final 4wksfrom.start_of_fld. Group Product Manager 89856243","file PRODUCT Date Triumph yes yes no no Approved by: Incidence - 4 1 Topline Final 89856243 Marketing Research Director October 17, 1979 MARKETING RESEARCH RPROJECT APPROVAL (To be filled out by Marketing Research Department) PROJECT TITLE Triumph Disaster Check Study 5546/ 1979 Research Design (N, Cells, Elegibility, Design, Key Danner Breaks, Methodololy, Cities) Contact respondents from Buffalo and Kansas City who had previously participated in a steak knife offer This will consist of one cell of approximately 175 respondents who are Triumph most often smokers /triers This study is intended to provide us with any negatives associated with Triumph Banner points will include Triumph most often smokers (we anticipate approximately 25 most of ten people Switchers away from Triumph (N approximately 45). It should be noted that an action standard of at least 50% be obtained in acting upon any product negatives associated with these groups see research limitations below for additional action standard. (See attached memo Key Criteria for Analysis -Triumph switchers asked why no longer smoking Triumph -Present smokers of Triumph asked reasons for switching to Triumph -Mentions of ""harshness"" Research Limitations Due to sample size and experience we feel 25 respondents will presently be Triumph smokers. An action standard of 75% should be utilized for judgments on product negatives only among this group If 75% of Triumph smokers mention harshness we could consider it a 50- 75% problem If of Triumph smokers mention ""harshness"" we could it a look consider possible problem at other areas). If below 50% of Triumph smokers mention ""harshness"" we could consider it at a problem Research Firm Lenght Int # Open # Reports The Data Group. Inc 10 minutes 2 wks from start of fid. 4 wks from start of fld Group Product Manager Product Manager Prepared by: Cost Estimate + - 10% Contingency Final Report Inc. Scott R. Benson $ 2.250",0.40443070582174134,0.5980707395498392,0.7136363636363636,0.5048231511254019,0.591337099811676,0.4197860962566845,1730,1941,220,311,Missing text,Missing text | Numeric errors | Table-related errors,ok,
91814768_91814769,C:\Users\Yug\Documents\Internship\pdf-extraction-benchmark\datasets\FUNSD\images\91814768_91814769.png,C:\Users\Yug\Documents\Internship\pdf-extraction-benchmark\datasets\FUNSD\annotations\91814768_91814769.json,"""CORRECTED FORM"" The Commonuealth ofJassachusetts OFFICEOFCAMPAIGNANDPOLITICALFINANCE REPORT OF CORPORATETREASURER File with: Director, Office of Campaign &Political Finance One Ashburton Place,Boston, MA 02108 Please Print or Type, except Signatures. Freasurer Signature - Office Use Only (CHECK ONE) 60th Day Prior to Election 5th Day of the Month 20th Day of the Month Final M.Alfred Peterson;Assistant Treasure:: Peter J.Marzullo 1.Name of Treasurer Lorillard Tobacco Company 2.Name of Corporation One Park Avenue 3.Address of Corporation New York.NY10016-5895 4.Question No. 1 relatingto. Tobacco Excise Tax_Increase (Describe question briefly) November 3, 1982the. Massachusetts ballot. submitted to the voters on (Election Date) (Name of City/Town or State)* town clerk or election commission. October 16. 19 92 and Ending November_5. 1992 Fill in Dates: Reporting Period Beginning I certify that this report is a true statement of the amount or value of every gift, payment,expenditure or contribution or promise to give,pay,expend or contribute,together with the date, purpose, and full name and address of the person to whom it was made. I make this report in accordance with the requirements of Mass. General Laws, Chapter 55, Section 22, as amended. Signed,under the penalties of perjury. March 30.1993 Date Freasurer Signature - Assistant Treasurer EXPENDITURESORDISBURSEMENTS ** In-kind contributions should be included here. Attach additional pages if necessary. Total Expenditures or Disbursements on This Report Total Expenditures or Disbursements Previously Reported Total Expenditures or Disbursements to Date 48， 508, 556, 085.00 89.00 874.00 Form CPF 22 (formerly CPF 10) RFPORTINGRFAIIDrFVTSCONTINI'FDONRFVFRSFSIDE 1814768","November 3, 1992 Massachusetts ballot *Note: 19 92 Address Date Purpose 91814768 ☑ Final ""CORRECTED FORM"" The Commonwealth of Massachusetts OFFICE OF CAMPAIGN AND POLITICAL FINANCE Office Use Only Form CPF 22 (formerly CPF 10) REPORT OF CORPORATE TREASURER File with: Director, Office of Campaign & Political Finance One Ashburton Place, Boston, MA 02108 ☐ 60th Day Prior to Election ☐ 5th Day of the Month ☐ 20th Day of the Month (CHECK ONE) Please Print or Type, except Signatures. 1. Name of Treasurer 2. Name of Corporation 3. Address of Corporation M. Alfred Peterson; Assistant Treasurer Peter J. Marzullo Lorillard Tobacco Company One Park Avenue New York. NY 10016 -5895 4. Question No. 1 relating to Tobacco Excise Tax Increase (Describe question briefly) submitted to the voters on (Election Date) on the (Name of City/ Town of State)* If this expenditure is made to influence a local ballot question, a copy of this form should be filed with the city or town clerk or election commission. Fil in Dates: Reporting Period Beginning October 16, and Ending November 5. 1992 contribution I certify that this report is a true statement of the amount of value of gift, payment, expenditure or or whom promise to give, pay,, expend or contribute, together with the date, purpose, and full name and address of the person to Mass. Laws, Section, as amended. It was made. I make this General report in accordance with the requirements of Chapter, Signed under the penalties of perjury. Preasurer Senato March 30, 1993 Assistant Treasurer Date Paid To Whom Paid (Alphabetical Listing Mandatory) EXPENDITURES OR DISBURSEMENTS Amount or Value** 10/ 26/ 92 10/ 30/ 92 Committee Against Unfair Taxes Committee Against Unfair Taxes P. O. B03 5979 Boston, MA 0212 P. O. Box 5979. Boston, MA 02114 Oppose Tax Increase Oppose Tax increas 28, 482. 00 19, 503 00 **In- kind contributions should be included here. Attach additional pages if necessary. REPORTING REQUIREMENTS CONTINUED ON REVERSE SIDE Total Expenditures or Disbursements on This Report Total Expenditures for Disbursements Previously Reported Total Expenditures or Disbursements to Date 48, 585 00 508. 789 00 556 874. 00",0.5296551724137931,0.6910112359550562,0.7842323651452282,0.5308988764044944,0.6331658291457287,0.4632352941176471,1744,2175,241,356,Missing text,Missing text | Numeric errors | Layout issues | Table-related errors,ok,
92380595,C:\Users\Yug\Documents\Internship\pdf-extraction-benchmark\datasets\FUNSD\images\92380595.png,C:\Users\Yug\Documents\Internship\pdf-extraction-benchmark\datasets\FUNSD\annotations\92380595.json,"92380595 Executive Offices 1 GULF+WESTE PLAZA·NEWYORK,NEWYORK 23-7773 (212) 373-7500 PRENTICEHALLCORPORATESERVICES 2 The Prentice-Hall Corporaticn System, Inc.. United States Corporation Company DATE: 12-13-89 RECEIVED X1 13951U TO: LORILLARD,-INC. DEC1489 ONE PARK AVENUE:18TH FL NEW Y0RK,N.Y.10016 ATTN:MR.ARTHUR STEVENS,ESQ.A.J.STEVENS MOTOR CARRIER OR X STATUTORY 033052 RE: LORILLARD,INC. Account# (Represented Company) NOTICEOFSERVICEOFPROCESS We enclose the following documents which were served upon: UNITED STATES CORFORATION COMPANY INTEXAS asregisteredagent for theabove-captioned corporation on_12-13-89_via: Personal ServiceX_Mail:Regular or Certified Certified# Summons A self-addressed stamped Notice of Mechanic's Lien Complaint envelope enclosed Notice of Default Jucgment Duplicate copies of the Notice and Garnishment: Subpoena Acknowledgement enclosed Notice of Attomey's Lien X_Other: CITATION AND FIRST ORIGINAL PETITION TITLE OF ACTION: WEBSTER CREGC Case No.475,592 VS. R.J.REYNOLDS TOBACCO COMPANY,ET AL COURTORJURISDICTION 345th Judicial District Court Travis County,Tx Monday next 20 days from.date of service RETURN DATE Tel Call PlacedDirect. Collect Spoke to Agent called New York Office COMMENTS: Mary Ellen Felps ATTORNEYS FOR CUAIMANT 1000 West Ave. Austin,1x.78701 Phb26478-4873 PAPERS TRANSMITTED TO CLIENT Fed-x Reg. Mail Other FORM PREPARED BYPAT WIGGINS. PLEASEACKNOWLEDGERECEIPTOFTHISNOTICEANDTHEENCLOSURESBYSIGNINGAND RETURNINGPHE Jate Received: 2 Signed: ORIGINAL","RECEIVED DATE: TO: ATTN: RE: x 033052 via: x Summons Complaint Other: X Garnishment Subpoena vs. RETURN DATE Collect ) ) ) ) 475,592 COMMENTS: Phone Other X 92380595 Signed: ORIGINAL Executive Offices 1 GULF+ WESTE PLAZA . NEW YORK, NEW YORK 23- 7773 (212) 373- 7500 PRENTICE HALL CORPORATE SERVICES United States Corporation Company The Prentice- Hall Corporation System, Inc. TX 3951 U 12- 13- 89 LORILLARD, INC. ONE PARK AVENUE 18TH FL NEW YORK, N. Y. 10016 DEC 14 89 MR. ARTHUR STEVENS, ESQ A. J. STEVENS MOTOR CARRIER OR STATUTORY Account # LORILLARD, INC. (Represented Company) NOTICE OF SERVICE OF PROCESS We enclose the following documents which were served upon: UNITED STATES CORPORATION COMPANY IN TEXAS as registered agent for the above- captioned corporation on 12- 13- 89 Personal Service Mail: Regular or Certified Certified # Duplicate copies of the Notice and Acknowledgement enclosed A self- addressed stamped envelope enclosed Notice of Attorney's Lien Notice of Mechanic's Lien Notice of Default Jucgment CITATION AND FIRST ORIGINAL PETITION TITLE OF ACTION: WEBSTER CRECC R. J. REYNOLDS TOBACCO COMPANY, ET AL Case No. COURT OR JURISDICTION 345th Judicial District Court Travis County. Tx Monday next 20 days from date of service Agent called New York Office Tel Call Placed Direct Spoke to ATTORNEYS FOR CLAIMANT Mary Ellen Felps 1000 West Ave. Austin, Tx. 78701 512/478- 4873 PAPERS TRANSMITTED TO CLIENT Fed X Reg Mail FORM PREPARED BY PAT HIGGINS Date Received: 12/ 14/ 89 DUPLICATE COPY A BUSINESS REPLY ENVELOPE IS ENCLOSED FOR YOUR CONVENIENCE PLEASE ACKNOWLEDGE RECEIPT OF THIS NOTICE AND THE ENCLOSURES BY SIGNING AND RETURNING THE",0.4720048163756773,0.7555555555555555,0.7062146892655368,0.46296296296296297,0.5592841163310962,0.38819875776397517,1504,1661,177,270,Missing text,Missing text | Numeric errors | Table-related errors,ok,
93106788,C:\Users\Yug\Documents\Internship\pdf-extraction-benchmark\datasets\FUNSD\images\93106788.png,C:\Users\Yug\Documents\Internship\pdf-extraction-benchmark\datasets\FUNSD\annotations\93106788.json,"LORILLARD MEDIA SERVICES ONEPARKAVENUE,NEWYORK,NY10016-5896 MAGAZINEINSERTIONORDER :01 ESSENCE DATE: MARCH 17, 1995 1500 BROADWAY NEW YORK, NY 10036 ADVERTISER: LORILLAAD ATTN:JOYCE WINSTON PRODUCT: NEWPORT WHICH MUST APPEAR IN ALL CIGARETTE ADVERTISING. CHECK MATERIAL YOU RECEIVE AGAINST THE PROOF TO BE SUREIT IS CORRECT.UNDER NO CIRCUMSTANCESARE TOYCU RUN SUBSTITUTEMATERIALS.ALTER OR OMITANY COPY WITHOUTPRIOR APPROVALFROM LORILLARD MEDIA SERVICES. AD#： CAPTION: SPACE: DATE: NPT-533-7 FOUNTAIN COUPLE ? e! P5CB JUNE 1995. PO#7219 CAN BE ALLOWED SHOULD THIS ADVERTISEMENT APPEAR INCORRECTLY OR ON A DATE OTHER THAN THAT AUTHORIZED. POSITION URGENTLY REQUESTED: FARFORWARD,OPPOSITEFULLEDITORIAL ""spo ongedwoo woy uogeedas o6ed xs soe ueuew -efed Suoq uo pe uodnoo oN No edtorial/advertising matter antitheticel to cigarettes within 6 pages of our ad. COPYINSTRUCTIONS: 5COLORPROOFATTACHED,FILMFROMCOLLIERWITH*DWARNING IMPORTANT INSTRUCTIONS: SPACE BILLING INSTRUCTIONS: Check material carefully against proof to meke sure it oorresponds in every respect. This space is being ordered by: LORILLARD MEDIA SERVICES Please inspect repro material immedlately. They shoufd produce good printing results. Advise us prompty not satisfactory. Direct all invoices and full checking copios of ell regional and national editions to: Poor printing will.not be paid for. LORILLARD MEDIA SERVICES ONE PARK AVENUE 17TH FLOOR NEW YORKNEWYORK 10016=5896 ATTN: STEVE MOLLOY Advise us at once f instruetions are not clear. Undet no circumstances are you to space out our advertisement withcut specific instructions from us. SURGECN GENERAL'S WARNING: Cigarette Scoke Contains Carbon Monoxide. 93106788","TO: ATTN: DATE: ADVERTISER: PRODUCT: LORILLARD NEWPORT AD#: CAPTION: SPACE: DATE: P5CE PO #77219 ATTN: 93106788 Cigarette LORILLARD MEDIA SERVICES ONE PARK AVENUE, NEW YORK, NY 10016- 5896 MAGAZINE INSERTION ORDER ESSENCE 1500 BROADWAY NEW YORK, NY 10036 JOYCE WINSTON MARCH 17, 1995 THIS ADVERTISEMENT COMPLIES WITH THE FTC REQUIREMENT FOR A WARNING STATEMENT AND TAR AND NICOTINE LINE WHICH MUST APPEAR IN ALL CIGARETTE ADVERTISING CHECK MATERIAL YOU RECEIVE AGAINST THE PROOF TO BE SURE IT IS CORRECT, UNDER NO CIRCUMSTANCES ARE TO YOU RUN SUBSTITUTE MATERIALS, ALTERIOR OR OMIT ANY COPY WITHOUT PRIOR APPROVAL FROM LORILLARD MEDIA SERVICES. NPT- 533- 7 FOUNTAIN COUPLE JUNE 1995 IF UNABLE TO INSERT ON THE DATE ORDERED KINDLY NOTIFY US AT ONCE AND WAIT FOR NEW INSERTION DATE. NO CREDIT CAN BE ALLOWED SHOULD THIS ADVERTISEMENT APPEAR INCORRECTLY OR ON A DATE OTHER THAN THAT AUTHORIZED. POSITION URGENTLY REQUESTED: FAR FORWARD, OPPOSITE FULL EDITORIAL - No coupon ad on backing page. - Maintain at least six page separation from bompetitive ads. - No aditional/ advertising matter to cigarette within 6 pages of our ad. COPY INSTRUCTIONS: 5 COLOR PROOF ATTACHED, FILM FROM COLLIER WITH ""D"" WARNING SURGEON GENERALS WARNING Smoke contains carbon Monoxide IMPORTANT INSTRUCTIONS: A. Check material carefully against proof to make sure it corresponds in every respect B. Please inspect repro material immediately. They should produce good printing results. Advise us promptly if Hor satisfactory C. Poor printing will not be paid for. D. Advise us at once if instructions are not clear. E. Under no circumstances are you to space out our advertisement without specific instructions from us. SPACE BILLING INSTRUCTIONS: The space is being brdered by: LOAILLARD MEDIA SERVICES Direct all invoices and full checking copies of all regional and national additions to: LORILLARD MEDIA SERVICES ONE PARK AVENUE 17TH FLOOR NEW YORK NEW YORK 10016- 5896 STEVE MOLLOY",0.5107142857142857,0.7620578778135049,0.7035398230088495,0.5112540192926045,0.5921787709497206,0.42063492063492064,1685,1960,226,311,Missing text,Missing text | Numeric errors | Table-related errors,ok,
